round,p_aggressive,p_defensive,p_balanced,avg_reward,strategy_entropy,personality_norm,personality_velocity,phase
1,0.5,0.5,0.0,0.05624999999999997,0.6931471803599453,0.0018168052317185652,0.0018168052317185652,burn-in
2,0.5,0.25,0.25,-0.018750000000000044,1.0397207705399178,0.005344917432581269,0.0035281122008627036,burn-in
3,0.5,0.25,0.25,0.03749999999999992,1.0397207705399178,0.005733218264349135,0.0003883008317678658,burn-in
4,0.0,0.75,0.25,0.09374999999999983,0.5623351444188083,0.004526398264624956,0.001206819999724179,burn-in
5,0.75,0.0,0.25,0.16874999999999996,0.5623351444188083,0.003637013140385037,0.0008893851242399186,burn-in
6,0.25,0.75,0.0,0.16874999999999996,0.5623351444188083,0.003637013140385037,0.0,burn-in
7,0.5,0.25,0.25,0.1875,1.0397207705399178,0.004805324737552456,0.0011683115971674192,burn-in
8,0.5,0.0,0.5,0.26249999999999996,0.6931471803599453,0.005610088259357249,0.000804763521804793,burn-in
9,0.25,0.5,0.25,0.3187499999999999,1.0397207705399178,0.004941893263495069,0.0006681949958621805,burn-in
10,0.25,0.5,0.25,0.3374999999999999,1.0397207705399178,0.002893059222806687,0.0020488340406883817,burn-in
11,0.75,0.25,0.0,0.3562499999999998,0.5623351444188083,0.003084177812282863,0.00019111858947617587,burn-in
12,0.0,0.25,0.75,0.3749999999999998,0.5623351444188083,0.0032668500161130566,0.00018267220383019365,burn-in
13,0.5,0.5,0.0,0.4312499999999998,0.6931471803599453,0.0028308812919105066,0.00043596872420255004,burn-in
14,0.25,0.25,0.5,0.4874999999999998,1.0397207705399178,0.003814833074839408,0.0009839517829289012,burn-in
15,0.0,0.5,0.5,0.41249999999999976,0.6931471803599453,0.00352729928951005,0.00028753378532935794,burn-in
16,0.5,0.0,0.5,0.4687499999999998,0.6931471803599453,0.00307466405120588,0.00045263523830416964,burn-in
17,0.5,0.0,0.5,0.5249999999999998,0.6931471803599453,0.002597407895918132,0.00047725615528774806,burn-in
18,0.25,0.5,0.25,0.5437499999999997,1.0397207705399178,0.0024801293649055526,0.00011727853101257957,burn-in
19,0.5,0.5,0.0,0.5624999999999998,0.6931471803599453,0.0025087520414651702,2.862267655961764e-05,burn-in
20,0.5,0.25,0.25,0.5062499999999998,1.0397207705399178,0.003113311473870515,0.0006045594324053448,burn-in
21,0.5,0.25,0.25,0.5812499999999996,1.0397207705399178,0.003977148266450952,0.0008638367925804372,burn-in
22,0.25,0.75,0.0,0.6374999999999997,0.5623351444188083,0.0025566498261071495,0.0014204984403438027,burn-in
23,0.25,0.5,0.25,0.6937499999999996,1.0397207705399178,0.004016729339068497,0.0014600795129613479,burn-in
24,0.25,0.25,0.5,0.6187499999999998,1.0397207705399178,0.007831033571985046,0.003814304232916548,burn-in
25,0.25,0.0,0.75,0.6749999999999997,0.5623351444188083,0.006401666720906117,0.0014293668510789283,burn-in
26,0.25,0.25,0.5,0.5999999999999996,1.0397207705399178,0.010543992661700911,0.004142325940794794,burn-in
27,0.5,0.25,0.25,0.6749999999999997,1.0397207705399178,0.006817722259344205,0.0037262704023567064,burn-in
28,0.25,0.5,0.25,0.7499999999999998,1.0397207705399178,0.005005422406972662,0.001812299852371543,burn-in
29,0.5,0.25,0.25,0.8062499999999997,1.0397207705399178,0.0026874192494330167,0.0023180031575396453,burn-in
30,0.0,0.75,0.25,0.8249999999999997,0.5623351444188083,0.0026326772653202705,5.474198411274623e-05,burn-in
31,0.5,0.0,0.5,0.8437499999999996,0.6931471803599453,0.0023374220129594617,0.0002952552523608088,burn-in
32,0.75,0.0,0.25,0.8999999999999997,0.5623351444188083,0.0018783534825892506,0.00045906853037021105,burn-in
33,0.0,0.25,0.75,0.9562499999999997,0.5623351444188083,0.0014883809249575484,0.00038997255763170225,burn-in
34,0.5,0.25,0.25,0.9749999999999995,1.0397207705399178,0.0020939313768870422,0.0006055504519294939,burn-in
35,0.5,0.25,0.25,0.8999999999999995,1.0397207705399178,0.006272943996951663,0.0041790126200646205,burn-in
36,0.5,0.25,0.25,0.9562499999999996,1.0397207705399178,0.004845888864686381,0.001427055132265282,burn-in
37,0.5,0.25,0.25,0.9749999999999995,1.0397207705399178,0.0052067497592603925,0.0003608608945740114,burn-in
38,0.75,0.0,0.25,1.0499999999999998,0.5623351444188083,0.00478123865285531,0.0004255111064050826,burn-in
39,0.5,0.0,0.5,1.1062499999999995,0.6931471803599453,0.00477946816834516,1.7704845101497793e-06,burn-in
40,0.0,0.0,1.0,1.1249999999999996,-1.000000082690371e-10,0.005109436055530786,0.00032996788718562577,burn-in
41,0.25,0.0,0.75,1.1999999999999995,0.5623351444188083,0.001575225953809753,0.003534210101721033,burn-in
42,0.5,0.25,0.25,1.2562499999999996,1.0397207705399178,0.0012176365996837643,0.0003575893541259887,burn-in
43,0.5,0.0,0.5,1.3124999999999996,0.6931471803599453,0.007000155008204468,0.005782518408520704,burn-in
44,0.5,0.0,0.5,1.3687499999999995,0.6931471803599453,0.00585053267992661,0.0011496223282778575,burn-in
45,0.25,0.5,0.25,1.3874999999999997,1.0397207705399178,0.008850072582878782,0.002999539902952172,burn-in
46,0.25,0.25,0.5,1.4062499999999996,1.0397207705399178,0.009091548272984116,0.00024147569010533367,burn-in
47,0.5,0.0,0.5,1.4624999999999995,0.6931471803599453,0.009602087627467042,0.0005105393544829265,burn-in
48,0.5,0.5,0.0,1.4812499999999997,0.6931471803599453,0.012622043108079697,0.003019955480612655,burn-in
49,0.75,0.25,0.0,1.5374999999999996,0.5623351444188083,0.01090244382007995,0.0017195992879997478,burn-in
50,0.25,0.5,0.25,1.5374999999999996,1.0397207705399178,0.01090244382007995,0.0,burn-in
51,0.25,0.25,0.5,1.5562499999999997,1.0397207705399178,0.01392402500077551,0.00302158118069556,burn-in
52,0.5,0.25,0.25,1.6124999999999994,1.0397207705399178,0.020205766589570927,0.006281741588795417,burn-in
53,0.5,0.5,0.0,1.6312499999999994,0.6931471803599453,0.02046349858419996,0.00025773199462903254,burn-in
54,0.5,0.25,0.25,1.6874999999999993,1.0397207705399178,0.020975618286477215,0.0005121197022772556,burn-in
55,0.0,0.25,0.75,1.7437499999999992,0.5623351444188083,0.019714421628312752,0.001261196658164463,burn-in
56,0.0,0.25,0.75,1.8187499999999994,0.5623351444188083,0.01656978351380736,0.003144638114505393,burn-in
57,0.25,0.5,0.25,1.7437499999999997,1.0397207705399178,0.019302653908638202,0.0027328703948308435,burn-in
58,0.5,0.25,0.25,1.7437499999999997,1.0397207705399178,0.019302653908638202,0.0,burn-in
59,0.25,0.5,0.25,1.7624999999999997,1.0397207705399178,0.018791435697028454,0.0005112182116097479,burn-in
60,0.25,0.5,0.25,1.8187499999999994,1.0397207705399178,0.015088569533111915,0.003702866163916539,burn-in
61,0.5,0.5,0.0,1.8749999999999996,0.6931471803599453,0.01342664290071537,0.001661926632396546,burn-in
62,0.5,0.5,0.0,1.8937499999999992,0.6931471803599453,0.01485726358553277,0.0014306206848174012,burn-in
63,0.5,0.5,0.0,1.8374999999999997,0.6931471803599453,0.016092195852683063,0.0012349322671502926,burn-in
64,0.0,0.25,0.75,1.7812499999999996,0.5623351444188083,0.01735575472925975,0.0012635588765766877,burn-in
65,0.25,0.25,0.5,1.7249999999999996,1.0397207705399178,0.018806915930198575,0.001451161200938824,burn-in
66,0.75,0.0,0.25,1.7812499999999996,0.5623351444188083,0.017607174299289388,0.0011997416309091867,burn-in
67,0.5,0.25,0.25,1.8374999999999995,1.0397207705399178,0.016473845537868705,0.0011333287614206829,burn-in
68,0.25,0.25,0.5,1.9124999999999992,1.0397207705399178,0.02036699953696885,0.0038931539991001463,burn-in
69,0.25,0.25,0.5,1.9687499999999993,1.0397207705399178,0.020877370124930315,0.0005103705879614638,burn-in
70,0.0,1.0,0.0,2.0249999999999995,-1.000000082690371e-10,0.01944977729449759,0.0014275928304327244,burn-in
71,0.0,0.5,0.5,2.081249999999999,0.6931471803599453,0.021264537510972428,0.0018147602164748367,burn-in
72,0.0,0.75,0.25,2.1374999999999993,0.5623351444188083,0.023079619511715364,0.001815082000742936,burn-in
73,0.25,0.5,0.25,2.212499999999999,1.0397207705399178,0.02123337789438013,0.0018462416173352335,burn-in
74,0.5,0.0,0.5,2.2312499999999993,0.6931471803599453,0.02274827336243828,0.00151489546805815,burn-in
75,0.25,0.25,0.5,2.3062499999999986,1.0397207705399178,0.026641418711701857,0.003893145349263577,burn-in
76,0.75,0.0,0.25,2.381249999999999,0.5623351444188083,0.023489313098962853,0.003152105612739004,burn-in
77,0.5,0.0,0.5,2.381249999999999,0.6931471803599453,0.023489313098962853,0.0,burn-in
78,0.5,0.25,0.25,2.381249999999999,1.0397207705399178,0.023489313098962853,0.0,burn-in
79,1.0,0.0,0.0,2.456249999999999,-1.000000082690371e-10,0.021520853501119836,0.001968459597843017,burn-in
80,0.25,0.25,0.5,2.3999999999999995,1.0397207705399178,0.022253003854660888,0.0007321503535410515,burn-in
81,0.5,0.5,0.0,2.4749999999999988,0.6931471803599453,0.019132260785850043,0.0031207430688108447,burn-in
82,0.75,0.25,0.0,2.5499999999999994,0.5623351444188083,0.01602997409369218,0.0031022866921578615,burn-in
83,0.25,0.25,0.5,2.568749999999999,1.0397207705399178,0.01757903778494274,0.00154906369125056,burn-in
84,0.25,0.5,0.25,2.6249999999999996,1.0397207705399178,0.016589875175339087,0.000989162609603654,burn-in
85,0.75,0.0,0.25,2.699999999999999,0.5623351444188083,0.02046274562059871,0.0038728704452596213,burn-in
86,0.25,0.25,0.5,2.6249999999999987,1.0397207705399178,0.0224519935393027,0.001989247918703991,burn-in
87,0.0,0.5,0.5,2.6812499999999995,0.6931471803599453,0.02073130223505295,0.0017206913042497503,burn-in
88,0.5,0.25,0.25,2.737499999999999,1.0397207705399178,0.019720849179513313,0.0010104530555396368,burn-in
89,0.25,0.5,0.25,2.812499999999999,1.0397207705399178,0.01784585084441501,0.0018749983350983025,burn-in
90,0.25,0.25,0.5,2.7562499999999996,1.0397207705399178,0.01864130531612225,0.0007954544717072402,burn-in
91,0.25,0.5,0.25,2.8124999999999987,1.0397207705399178,0.020444209737858637,0.0018029044217363864,burn-in
92,0.5,0.5,0.0,2.831249999999999,0.6931471803599453,0.01993544268382318,0.0005087670540354569,burn-in
93,0.25,0.25,0.5,2.8874999999999993,1.0397207705399178,0.021740030042527506,0.0018045873587043265,burn-in
94,0.0,0.5,0.5,2.9062499999999987,0.6931471803599453,0.02350800506387844,0.001767975021350933,burn-in
95,0.25,0.25,0.5,2.849999999999999,1.0397207705399178,0.0248591605768042,0.0013511555129257606,burn-in
96,0.5,0.25,0.25,2.9249999999999985,1.0397207705399178,0.022333848330504984,0.0025253122462992154,burn-in
97,0.25,0.25,0.5,2.849999999999999,1.0397207705399178,0.02451916944227298,0.0021853211117679947,burn-in
98,0.5,0.0,0.5,2.924999999999999,0.6931471803599453,0.021368917669388775,0.0031502517728842043,burn-in
99,0.25,0.0,0.75,2.981249999999999,0.5623351444188083,0.020148440024395677,0.0012204776449930982,burn-in
100,0.5,0.25,0.25,3.0562499999999995,1.0397207705399178,0.01783775013450719,0.002310689889888487,burn-in
101,0.5,0.25,0.25,2.999999999999999,1.0397207705399178,0.01895660477467775,0.0011188546401705614,tail
102,0.25,0.5,0.25,3.0562499999999995,1.0397207705399178,0.020763926049762405,0.0018073212750846536,tail
103,0.25,0.5,0.25,3.131249999999999,1.0397207705399178,0.018701372127318445,0.0020625539224439597,tail
104,0.25,0.0,0.75,3.187499999999999,0.5623351444188083,0.017964144941305125,0.0007372271860133194,tail
105,0.0,0.25,0.75,3.2437499999999995,0.5623351444188083,0.017614457051587366,0.0003496878897177591,tail
106,0.5,0.25,0.25,3.262499999999999,1.0397207705399178,0.01759780457029904,1.665248128832758e-05,tail
107,0.25,0.25,0.5,3.2812499999999987,1.0397207705399178,0.017589601963154684,8.202607144354446e-06,tail
108,0.25,0.75,0.0,3.2249999999999988,0.5623351444188083,0.018573813424789434,0.00098421146163475,tail
109,0.25,0.5,0.25,3.281249999999999,1.0397207705399178,0.020333632169935147,0.0017598187451457123,tail
110,0.0,0.5,0.5,3.2999999999999994,0.6931471803599453,0.020840925699876646,0.0005072935299414993,tail
111,0.5,0.25,0.25,3.2437499999999995,1.0397207705399178,0.021927110550260306,0.0010861848503836598,tail
112,0.75,0.0,0.25,3.2999999999999994,0.5623351444188083,0.021076343126437646,0.0008507674238226598,tail
113,0.25,0.5,0.25,3.2999999999999994,1.0397207705399178,0.021076343126437646,0.0,tail
114,0.5,0.25,0.25,3.356249999999999,1.0397207705399178,0.01938185362652398,0.0016944894999136664,tail
115,0.5,0.25,0.25,3.412499999999999,1.0397207705399178,0.019885097452475423,0.0005032438259514431,tail
116,0.25,0.5,0.25,3.468749999999999,1.0397207705399178,0.01819440733668817,0.001690690115787253,tail
117,0.5,0.5,0.0,3.5437499999999993,0.6931471803599453,0.01661925548205372,0.0015751518546344503,tail
118,0.5,0.25,0.25,3.5999999999999988,1.0397207705399178,0.012750425510328607,0.0038688299717251125,tail
119,1.0,0.0,0.0,3.6562499999999987,-1.000000082690371e-10,0.012743530493722514,6.8950166060930546e-06,tail
120,0.0,0.5,0.5,3.6749999999999994,0.6931471803599453,0.013042265694442782,0.00029873520072026816,tail
121,0.25,0.5,0.25,3.693749999999999,1.0397207705399178,0.012589074986978699,0.000453190707464083,tail
122,0.5,0.5,0.0,3.749999999999999,0.6931471803599453,0.012362595494519103,0.0002264794924595956,tail
123,0.25,0.25,0.5,3.7687499999999994,1.0397207705399178,0.012398966690817208,3.637119629810483e-05,tail
124,0.5,0.25,0.25,3.693749999999999,1.0397207705399178,0.013820589008995075,0.0014216223181778669,tail
125,0.75,0.0,0.25,3.768749999999999,0.5623351444188083,0.017652559225852283,0.003831970216857208,tail
126,0.5,0.25,0.25,3.768749999999999,1.0397207705399178,0.017652559225852283,0.0,tail
127,0.25,0.25,0.5,3.8437499999999987,1.0397207705399178,0.016016863942593485,0.0016356952832587979,tail
128,0.5,0.5,0.0,3.899999999999999,0.6931471803599453,0.015672331090349902,0.0003445328522435828,tail
129,0.75,0.25,0.0,3.9187499999999993,0.5623351444188083,0.01835755975068563,0.0026852286603357284,tail
130,0.25,0.5,0.25,3.937499999999999,1.0397207705399178,0.017895445281007935,0.0004621144696776956,tail
131,0.75,0.0,0.25,3.956249999999999,0.5623351444188083,0.01743614341596835,0.00045930186503958387,tail
132,0.5,0.0,0.5,3.974999999999999,0.6931471803599453,0.01764553817147857,0.00020939475551021852,tail
133,0.25,0.25,0.5,4.031249999999999,1.0397207705399178,0.017206201946294263,0.0004393362251843072,tail
134,0.5,0.5,0.0,4.049999999999998,0.6931471803599453,0.01675764232787188,0.0004485596184223839,tail
135,0.25,0.5,0.25,4.106249999999999,1.0397207705399178,0.018363079561234185,0.0016054372333623064,tail
136,0.25,0.5,0.25,4.162499999999999,1.0397207705399178,0.01683892749454845,0.0015241520666857342,tail
137,0.5,0.0,0.5,4.106249999999999,0.6931471803599453,0.017179467820143023,0.0003405403255945724,tail
138,0.25,0.5,0.25,4.162499999999999,1.0397207705399178,0.013288466176851576,0.0038910016432914477,tail
139,0.25,0.75,0.0,4.218749999999998,0.5623351444188083,0.013240611847015415,4.785432983616007e-05,tail
140,0.75,0.0,0.25,4.143749999999999,0.5623351444188083,0.013587342838710742,0.0003467309916953265,tail
141,0.0,0.5,0.5,4.199999999999999,0.6931471803599453,0.012037520912638886,0.0015498219260718562,tail
142,0.0,0.75,0.25,4.256249999999999,0.5623351444188083,0.012493522627301109,0.0004560017146622228,tail
143,0.5,0.0,0.5,4.181249999999999,0.6931471803599453,0.014316896462067375,0.0018233738347662662,tail
144,0.25,0.0,0.75,4.256249999999998,0.5623351444188083,0.018162592719806213,0.003845696257738838,tail
145,0.25,0.5,0.25,4.274999999999998,1.0397207705399178,0.018396777061485587,0.00023418434167937416,tail
146,0.25,0.0,0.75,4.331249999999998,0.5623351444188083,0.016695807857064034,0.0017009692044215527,tail
147,0.5,0.0,0.5,4.349999999999997,0.6931471803599453,0.01742001811853258,0.0007242102614685442,tail
148,0.5,0.25,0.25,4.368749999999998,1.0397207705399178,0.01767832015413867,0.0002583020356060929,tail
149,0.5,0.25,0.25,4.424999999999998,1.0397207705399178,0.015983281195604992,0.001695038958533679,tail
150,0.5,0.25,0.25,4.443749999999997,1.0397207705399178,0.015765190536079516,0.00021809065952547654,tail
151,0.25,0.75,0.0,4.462499999999998,0.5623351444188083,0.016023433902499804,0.0002582433664202882,tail
152,0.0,0.75,0.25,4.481249999999997,0.5623351444188083,0.018078472368937885,0.0020550384664380812,tail
153,0.5,0.25,0.25,4.537499999999997,1.0397207705399178,0.01653993483797465,0.0015385375309632347,tail
154,0.75,0.25,0.0,4.5937499999999964,0.5623351444188083,0.015151477627794434,0.0013884572101802162,tail
155,0.5,0.0,0.5,4.649999999999997,0.6931471803599453,0.014147597459953585,0.0010038801678408493,tail
156,0.0,0.5,0.5,4.706249999999997,0.6931471803599453,0.013613638866755538,0.0005339585931980473,tail
157,0.25,0.5,0.25,4.7624999999999975,1.0397207705399178,0.014077939055683815,0.0004643001889282766,tail
158,0.25,0.5,0.25,4.781249999999997,1.0397207705399178,0.014037848763847628,4.009029183618673e-05,tail
159,0.0,1.0,0.0,4.837499999999997,-1.000000082690371e-10,0.014499760534420793,0.0004619117705731649,tail
160,0.5,0.25,0.25,4.893749999999996,1.0397207705399178,0.012961163276196036,0.0015385972582247567,tail
161,0.25,0.5,0.25,4.818749999999998,1.0397207705399178,0.014494206816862944,0.0015330435406669084,tail
162,0.0,0.25,0.75,4.874999999999997,0.5623351444188083,0.014997511367630896,0.0005033045507679516,tail
163,0.25,0.5,0.25,4.9499999999999975,1.0397207705399178,0.0118986606389121,0.0030988507287187956,tail
164,0.25,0.25,0.5,4.8749999999999964,1.0397207705399178,0.014447762706461654,0.0025491020675495538,tail
165,0.5,0.25,0.25,4.931249999999997,1.0397207705399178,0.013427014642958516,0.0010207480635031387,tail
166,0.5,0.5,0.0,4.987499999999997,0.6931471803599453,0.012477775381542128,0.0009492392614163878,tail
167,0.0,0.5,0.5,4.912499999999998,0.6931471803599453,0.014296236514279734,0.001818461132737606,tail
168,0.25,0.5,0.25,4.837499999999998,1.0397207705399178,0.01697548528597795,0.002679248771698218,tail
169,0.5,0.25,0.25,4.893749999999997,1.0397207705399178,0.015723288084699465,0.001252197201278487,tail
170,1.0,0.0,0.0,4.9499999999999975,-1.000000082690371e-10,0.017504736462201267,0.001781448377501802,tail
171,0.0,0.75,0.25,4.968749999999997,0.5623351444188083,0.017818334814329963,0.000313598352128696,tail
172,0.0,0.75,0.25,4.987499999999997,0.5623351444188083,0.0175626977054908,0.0002556371088391629,tail
173,0.5,0.5,0.0,5.062499999999997,0.6931471803599453,0.014769422828751514,0.0027932748767392854,tail
174,0.25,0.0,0.75,5.118749999999997,0.5623351444188083,0.013826884164353308,0.0009425386643982063,tail
175,0.25,0.75,0.0,5.0437499999999975,0.5623351444188083,0.016169203516596547,0.0023423193522432387,tail
176,0.25,0.25,0.5,5.118749999999997,1.0397207705399178,0.013631894916987046,0.002537308599609501,tail
177,0.0,0.25,0.75,5.174999999999998,0.5623351444188083,0.01192729712326583,0.001704597793721216,tail
178,0.75,0.0,0.25,5.118749999999997,0.5623351444188083,0.013113884181787463,0.001186587058521633,tail
179,0.75,0.0,0.25,5.174999999999997,0.5623351444188083,0.011914936500273641,0.0011989476815138216,tail
180,0.25,0.5,0.25,5.193749999999998,1.0397207705399178,0.013612746146126852,0.001697809645853211,tail
181,0.5,0.0,0.5,5.212499999999997,0.6931471803599453,0.013417960600131035,0.0001947855459958174,tail
182,0.75,0.0,0.25,5.231249999999997,0.5623351444188083,0.01323156146303231,0.00018639913709872502,tail
183,0.25,0.5,0.25,5.1562499999999964,1.0397207705399178,0.016331247209465546,0.003099685746433236,tail
184,0.0,0.5,0.5,5.099999999999997,0.6931471803599453,0.017955493298245712,0.0016242460887801666,tail
185,0.0,0.5,0.5,5.1562499999999964,0.6931471803599453,0.018451324854570787,0.000495831556325075,tail
186,0.0,0.0,1.0,5.231249999999997,-1.000000082690371e-10,0.022262480893996704,0.003811156039425917,tail
187,0.25,0.25,0.5,5.2499999999999964,1.0397207705399178,0.0220112522518474,0.0002512286421493051,tail
188,0.25,0.0,0.75,5.193749999999997,0.5623351444188083,0.023534622840025287,0.001523370588177888,tail
189,0.5,0.0,0.5,5.249999999999997,0.6931471803599453,0.02402997440986789,0.0004953515698426017,tail
190,0.0,0.5,0.5,5.324999999999996,0.6931471803599453,0.02106789825316147,0.0029620761567064197,tail
191,0.0,0.75,0.25,5.381249999999997,0.5623351444188083,0.019746659351788074,0.001321238901373395,tail
192,0.25,0.5,0.25,5.399999999999996,1.0397207705399178,0.020015618901248197,0.0002689595494601224,tail
193,0.5,0.5,0.0,5.3437499999999964,0.6931471803599453,0.023453327988795444,0.003437709087547248,tail
194,0.0,0.5,0.5,5.399999999999996,0.6931471803599453,0.01926034624559006,0.0041929817432053845,tail
195,0.0,0.25,0.75,5.456249999999997,0.5623351444188083,0.017595831360012814,0.0016645148855772458,tail
196,0.25,0.75,0.0,5.512499999999996,0.5623351444188083,0.01623403328829784,0.001361798071714975,tail
197,0.0,0.5,0.5,5.5312499999999964,0.6931471803599453,0.017070371098615703,0.0008363378103178644,tail
198,0.5,0.0,0.5,5.587499999999997,0.6931471803599453,0.01562034652926911,0.0014500245693465936,tail
199,0.5,0.25,0.25,5.606249999999997,1.0397207705399178,0.015418412063359838,0.00020193446590927207,tail
200,0.75,0.0,0.25,5.681249999999995,0.5623351444188083,0.013628567320970229,0.0017898447423896086,tail
201,0.25,0.0,0.75,5.737499999999995,0.5623351444188083,0.013593123389133368,3.544393183686073e-05,tail
202,0.0,0.25,0.75,5.756249999999996,0.5623351444188083,0.013597592847632378,4.469458499009593e-06,tail
203,0.5,0.0,0.5,5.699999999999996,0.6931471803599453,0.0155740419047207,0.001976449057088322,tail
204,0.5,0.0,0.5,5.756249999999996,0.6931471803599453,0.014862521026057241,0.0007115208786634582,tail
205,0.0,0.75,0.25,5.812499999999996,0.5623351444188083,0.01533135177413314,0.00046883074807589804,tail
206,0.0,0.75,0.25,5.737499999999995,0.5623351444188083,0.016611836894214964,0.0012804851200818243,tail
207,0.0,0.5,0.5,5.793749999999997,0.6931471803599453,0.015732008573287666,0.0008798283209272978,tail
208,0.25,0.25,0.5,5.849999999999996,1.0397207705399178,0.01746611302398628,0.001734104450698614,tail
209,0.25,0.25,0.5,5.774999999999996,1.0397207705399178,0.02016096251973667,0.0026948494957503913,tail
210,0.5,0.5,0.0,5.718749999999996,0.6931471803599453,0.02347676340850471,0.003315800888768039,tail
211,0.75,0.25,0.0,5.793749999999996,0.5623351444188083,0.02073749832563136,0.0027392650828733517,tail
212,0.0,0.0,1.0,5.812499999999996,-1.000000082690371e-10,0.020239409096007816,0.0004980892296235426,tail
213,0.0,0.5,0.5,5.831249999999996,0.6931471803599453,0.019742054045024687,0.0004973550509831288,tail
214,0.25,0.25,0.5,5.774999999999996,1.0397207705399178,0.02100378190152147,0.001261727856496784,tail
215,0.75,0.0,0.25,5.849999999999996,0.5623351444188083,0.01862269281011757,0.0023810890914039012,tail
216,0.25,0.25,0.5,5.9062499999999964,1.0397207705399178,0.017659540622564383,0.0009631521875531866,tail
217,0.25,0.5,0.25,5.962499999999996,1.0397207705399178,0.01687182326065812,0.0007877173619062622,tail
218,0.25,0.25,0.5,6.018749999999995,1.0397207705399178,0.017345798802912087,0.00047397554225396543,tail
219,0.5,0.5,0.0,5.962499999999995,0.6931471803599453,0.017994851211913077,0.00064905240900099,tail
220,0.25,0.25,0.5,5.887499999999996,1.0397207705399178,0.019833037900460978,0.0018381866885479013,tail
221,0.75,0.25,0.0,5.812499999999996,0.5623351444188083,0.023215298550860294,0.0033822606503993158,tail
222,0.5,0.0,0.5,5.756249999999995,0.6931471803599453,0.029318644226935035,0.006103345676074741,tail
223,0.25,0.5,0.25,5.831249999999995,1.0397207705399178,0.03293000125476652,0.003611357027831486,tail
224,0.0,0.5,0.5,5.849999999999995,0.6931471803599453,0.03392091496735107,0.00099091371258455,tail
225,0.25,0.25,0.5,5.906249999999995,1.0397207705399178,0.03439550524777967,0.0004745902804286009,tail
226,0.25,0.25,0.5,5.962499999999995,1.0397207705399178,0.034871166655116755,0.00047566140733708295,tail
227,0.0,0.25,0.75,5.981249999999994,0.5623351444188083,0.0352284705726622,0.00035730391754544566,tail
228,0.0,0.75,0.25,5.999999999999995,0.5623351444188083,0.03805305712094677,0.0028245865482845675,tail
229,0.75,0.25,0.0,5.943749999999994,0.5623351444188083,0.04440074077366336,0.006347683652716589,tail
230,0.25,0.25,0.5,5.999999999999994,1.0397207705399178,0.04277395872653052,0.0016267820471328395,tail
231,0.5,0.5,0.0,6.056249999999993,0.6931471803599453,0.04859251628480394,0.0058185575582734225,tail
232,0.75,0.0,0.25,5.999999999999994,0.5623351444188083,0.05038092741526574,0.0017884111304617978,tail
233,0.25,0.5,0.25,6.018749999999994,1.0397207705399178,0.05009551207305066,0.00028541534221507986,tail
234,0.25,0.5,0.25,6.074999999999994,1.0397207705399178,0.05057172265154209,0.00047621057849143306,tail
235,0.5,0.5,0.0,6.093749999999993,0.6931471803599453,0.05028835687120436,0.00028336578033773263,tail
236,0.0,0.5,0.5,6.093749999999993,0.6931471803599453,0.05028835687120436,0.0,tail
237,0.25,0.25,0.5,6.149999999999993,1.0397207705399178,0.04850049219395203,0.0017878646772523307,tail
238,0.25,0.0,0.75,6.206249999999994,0.5623351444188083,0.04662586106592489,0.001874631128027139,tail
239,0.5,0.25,0.25,6.224999999999993,1.0397207705399178,0.046364713219694195,0.0002611478462306929,tail
240,0.5,0.25,0.25,6.243749999999993,1.0397207705399178,0.049248356395304504,0.0028836431756103093,tail
241,0.25,0.0,0.75,6.318749999999993,0.5623351444188083,0.04629248705393696,0.002955869341367545,tail
242,0.25,0.75,0.0,6.374999999999993,0.5623351444188083,0.04804886654634966,0.0017563794924127032,tail
243,0.25,0.0,0.75,6.393749999999994,0.5623351444188083,0.05098557717493392,0.002936710628584256,tail
244,0.5,0.25,0.25,6.412499999999993,1.0397207705399178,0.05331871951476782,0.0023331423398339005,tail
245,0.5,0.25,0.25,6.431249999999993,1.0397207705399178,0.05364417473164189,0.0003254552168740696,tail
246,0.25,0.25,0.5,6.5062499999999925,1.0397207705399178,0.05742494724396583,0.003780772512323942,tail
247,0.5,0.25,0.25,6.524999999999993,1.0397207705399178,0.057185067495321554,0.0002398797486442769,tail
248,0.5,0.0,0.5,6.581249999999994,0.6931471803599453,0.05342930411482509,0.003755763380496463,tail
249,0.0,0.5,0.5,6.656249999999993,0.6931471803599453,0.05106585736276691,0.002363446752058178,tail
250,0.5,0.25,0.25,6.712499999999993,1.0397207705399178,0.049834291378750714,0.0012315659840161988,tail
251,0.25,0.5,0.25,6.637499999999994,1.0397207705399178,0.05179216947999437,0.0019578781012436555,tail
252,0.0,0.5,0.5,6.712499999999993,0.6931471803599453,0.055618226803609914,0.003826057323615545,tail
253,0.75,0.0,0.25,6.768749999999993,0.5623351444188083,0.05612014718564895,0.0005019203820390353,tail
254,0.5,0.5,0.0,6.7874999999999925,0.6931471803599453,0.055928036909049586,0.00019211027659936375,tail
255,0.25,0.0,0.75,6.806249999999993,0.5623351444188083,0.05573793544720399,0.00019010146184559457,tail
256,0.25,0.0,0.75,6.824999999999992,0.5623351444188083,0.05870666250283893,0.0029687270556349385,tail
257,0.5,0.0,0.5,6.8812499999999925,0.6931471803599453,0.0574275169658337,0.0012791455370052274,tail
258,0.25,0.75,0.0,6.956249999999992,0.5623351444188083,0.06126524399304865,0.0038377270272149447,tail
259,0.25,0.5,0.25,6.974999999999992,1.0397207705399178,0.061089017470864274,0.00017622652218437368,tail
260,0.5,0.5,0.0,7.031249999999992,0.6931471803599453,0.05939804012035155,0.0016909773505127262,tail
261,0.5,0.25,0.25,7.087499999999992,1.0397207705399178,0.061180473577949875,0.0017824334575983272,tail
262,0.5,0.0,0.5,7.012499999999992,0.6931471803599453,0.06319399419864034,0.002013520620690469,tail
263,0.25,0.0,0.75,6.956249999999992,0.5623351444188083,0.06436735054336352,0.001173356344723181,tail
264,0.0,0.5,0.5,6.8812499999999925,0.6931471803599453,0.06758857036326504,0.003221219819901519,tail
265,0.75,0.0,0.25,6.937499999999993,0.5623351444188083,0.0737557730791294,0.0061672027158643505,tail
266,0.5,0.5,0.0,6.993749999999992,0.6931471803599453,0.07554114669337518,0.001785373614245786,tail
267,0.25,0.0,0.75,7.012499999999992,0.5623351444188083,0.07584102811235431,0.000299881418979131,tail
268,0.25,0.5,0.25,7.0687499999999925,1.0397207705399178,0.08202923344082229,0.006188205328467977,tail
269,0.25,0.25,0.5,7.124999999999993,1.0397207705399178,0.08253412856795815,0.0005048951271358626,tail
270,0.5,0.0,0.5,7.1812499999999915,0.6931471803599453,0.08303911603375053,0.0005049874657923753,tail
271,1.0,0.0,0.0,7.106249999999992,-1.000000082690371e-10,0.08546225409500986,0.002423138061259336,tail
272,0.75,0.0,0.25,7.124999999999993,0.5623351444188083,0.08843899193873093,0.0029767378437210723,tail
273,0.0,0.75,0.25,7.199999999999992,0.5623351444188083,0.08550463204233127,0.0029343598963996603,tail
274,0.25,0.0,0.75,7.2562499999999925,0.5623351444188083,0.0841190975310866,0.0013855345112446793,tail
275,0.25,0.0,0.75,7.312499999999993,0.5623351444188083,0.08591647722659368,0.0017973796955070842,tail
276,0.25,0.5,0.25,7.368749999999993,1.0397207705399178,0.08446743907500036,0.001449038151593321,tail
277,0.75,0.0,0.25,7.387499999999992,0.5623351444188083,0.083960010839321,0.0005074282356793552,tail
278,0.0,0.25,0.75,7.4437499999999925,0.5623351444188083,0.08575934310939867,0.0017993322700776693,tail
279,0.25,0.0,0.75,7.462499999999992,0.5623351444188083,0.08875981215320496,0.0030004690438062837,tail
280,0.25,0.0,0.75,7.518749999999993,0.5623351444188083,0.09056097355127958,0.0018011613980746244,tail
281,0.25,0.25,0.5,7.574999999999992,1.0397207705399178,0.08948141004172633,0.0010795635095532524,tail
282,0.75,0.25,0.0,7.649999999999993,0.5623351444188083,0.08719247048754965,0.0022889395541766805,tail
283,0.25,0.75,0.0,7.593749999999993,0.5623351444188083,0.08828677281151591,0.001094302323966262,tail
284,0.5,0.25,0.25,7.649999999999993,1.0397207705399178,0.09008950025144749,0.0018027274399315812,tail
285,0.5,0.0,0.5,7.706249999999993,0.6931471803599453,0.09059806352557061,0.0005085632741231166,tail
286,0.5,0.25,0.25,7.762499999999992,1.0397207705399178,0.08939762242830245,0.0012004410972681623,tail
287,0.75,0.0,0.25,7.706249999999993,0.5623351444188083,0.0904892493806431,0.001091626952340649,tail
288,0.25,0.75,0.0,7.7249999999999925,0.5623351444188083,0.09117595454668956,0.000686705166046464,tail
289,0.0,0.5,0.5,7.781249999999993,0.6931471803599453,0.08995131061440959,0.001224643932279973,tail
290,0.0,0.25,0.75,7.856249999999993,0.5623351444188083,0.0868092501991515,0.00314206041525808,tail
291,0.25,0.25,0.5,7.912499999999993,1.0397207705399178,0.0873173987530549,0.0005081485539033953,tail
292,0.5,0.5,0.0,7.987499999999994,0.6931471803599453,0.08477368769258528,0.0025437110604696195,tail
293,0.0,0.25,0.75,8.043749999999992,0.5623351444188083,0.08087648118169644,0.0038972065108888454,tail
294,0.75,0.25,0.0,7.968749999999993,0.5623351444188083,0.08350917905303039,0.0026326978713339527,tail
295,0.5,0.0,0.5,8.024999999999991,0.6931471803599453,0.08255567355494768,0.0009535054980827073,tail
296,0.25,0.25,0.5,8.043749999999992,1.0397207705399178,0.08239301512247382,0.00016265843247385836,tail
297,0.75,0.25,0.0,8.118749999999991,0.5623351444188083,0.08055972540692312,0.0018332897155507039,tail
298,0.25,0.0,0.75,8.193749999999993,0.5623351444188083,0.08440999017279996,0.00385026476587684,tail
299,0.5,0.25,0.25,8.118749999999991,1.0397207705399178,0.08697026900597811,0.0025602788331781506,tail
300,0.25,0.25,0.5,8.174999999999992,1.0397207705399178,0.0874767181327566,0.0005064491267784965,tail
301,0.5,0.0,0.5,8.249999999999991,0.6931471803599453,0.08565476469687917,0.0018219534358774325,tail
302,0.25,0.5,0.25,8.306249999999991,1.0397207705399178,0.08140445522120439,0.004250309475674785,tail
303,0.25,0.25,0.5,8.381249999999993,1.0397207705399178,0.0783023958188521,0.0031020594023522946,tail
304,0.0,0.0,1.0,8.456249999999992,-1.000000082690371e-10,0.08213508045270415,0.003832684633852057,tail
305,0.25,0.25,0.5,8.47499999999999,1.0397207705399178,0.0816327469949677,0.0005023334577364535,tail
306,0.5,0.0,0.5,8.531249999999991,0.6931471803599453,0.07994402067054285,0.0016887263244248496,tail
307,0.75,0.0,0.25,8.587499999999991,0.5623351444188083,0.07908443097236127,0.0008595896981815759,tail
308,0.5,0.25,0.25,8.662499999999993,1.0397207705399178,0.07707193609436108,0.00201249487800019,tail
309,0.25,0.5,0.25,8.587499999999991,1.0397207705399178,0.07840094599769375,0.0013290099033326647,tail
310,0.25,0.75,0.0,8.606249999999992,0.5623351444188083,0.080018422358021,0.0016174763603272468,tail
311,0.5,0.25,0.25,8.624999999999993,1.0397207705399178,0.0829918968810608,0.0029734745230398096,tail
312,0.5,0.25,0.25,8.64374999999999,1.0397207705399178,0.08596917850472771,0.002977281623666908,tail
313,0.5,0.25,0.25,8.699999999999992,1.0397207705399178,0.08775721371504301,0.0017880352103153002,tail
314,0.25,0.25,0.5,8.718749999999991,1.0397207705399178,0.08725277574381209,0.0005044379712309255,tail
315,0.25,0.25,0.5,8.774999999999991,1.0397207705399178,0.08775721371504301,0.0005044379712309255,tail
316,1.0,0.0,0.0,8.793749999999992,-1.000000082690371e-10,0.09073981232990633,0.002982598614863316,tail
317,0.5,0.0,0.5,8.812499999999991,0.6931471803599453,0.09059127964609298,0.00014853268381334606,tail
318,0.75,0.0,0.25,8.868749999999991,0.5623351444188083,0.09238128643471731,0.0017900067886243293,tail
319,0.5,0.0,0.5,8.812499999999991,0.6931471803599453,0.09663315241589349,0.0042518659811761755,tail
320,0.5,0.25,0.25,8.831249999999992,1.0397207705399178,0.09963065254771393,0.0029975001318204436,tail
321,0.25,0.5,0.25,8.88749999999999,1.0397207705399178,0.09576707174833082,0.0038635807993831067,tail
322,0.5,0.0,0.5,8.94374999999999,0.6931471803599453,0.09627286885606824,0.0005057971077374185,tail
323,0.25,0.25,0.5,8.88749999999999,1.0397207705399178,0.10057254930452475,0.004299680448456508,tail
324,0.25,0.25,0.5,8.94374999999999,1.0397207705399178,0.09959944081726092,0.0009731084872638268,tail
325,0.5,0.0,0.5,8.99999999999999,0.6931471803599453,0.10139853003057323,0.001799089213312302,tail
326,0.25,0.5,0.25,9.01874999999999,1.0397207705399178,0.10164951827712795,0.0002509882465547286,tail
327,0.5,0.0,0.5,8.94374999999999,0.6931471803599453,0.10444058775939428,0.0027910694822663312,tail
328,0.5,0.0,0.5,8.88749999999999,0.6931471803599453,0.10727103361475433,0.0028304458553600476,tail
329,0.5,0.25,0.25,8.94374999999999,1.0397207705399178,0.10777958837432466,0.0005085547595703316,tail
330,0.0,0.5,0.5,9.01874999999999,0.6931471803599453,0.10463640129369138,0.0031431870806332834,tail
331,0.25,0.5,0.25,9.07499999999999,1.0397207705399178,0.10514475801907035,0.0005083567253789667,tail
332,0.25,0.0,0.75,9.09374999999999,0.5623351444188083,0.10542184605194489,0.0002770880328745451,tail
333,0.0,0.0,1.0,9.149999999999988,-1.000000082690371e-10,0.10593017427964815,0.0005083282277032614,tail
334,0.25,0.25,0.5,9.074999999999989,1.0397207705399178,0.10899299361082794,0.0030628193311797863,tail
335,0.25,0.25,0.5,8.99999999999999,1.0397207705399178,0.11129421913022054,0.0023012255193926023,tail
336,0.25,0.0,0.75,9.05624999999999,0.5623351444188083,0.1099181908537233,0.0013760282764972431,tail
337,0.5,0.0,0.5,9.13124999999999,0.6931471803599453,0.10745569985140634,0.0024624910023169633,tail
338,0.25,0.25,0.5,9.18749999999999,1.0397207705399178,0.10574867225657136,0.0017070275948349728,tail
339,0.5,0.0,0.5,9.18749999999999,0.6931471803599453,0.10574867225657136,0.0,tail
340,0.75,0.0,0.25,9.11249999999999,0.5623351444188083,0.10797181867724653,0.0022231464206751705,tail
341,0.75,0.0,0.25,9.16874999999999,0.5623351444188083,0.10664120789930222,0.001330610777944316,tail
342,0.75,0.0,0.25,9.093749999999991,0.5623351444188083,0.10891186867779323,0.0022706607784910154,tail
343,0.0,0.5,0.5,9.14999999999999,0.6931471803599453,0.10436331438244408,0.004548554295349158,tail
344,0.25,0.5,0.25,9.20624999999999,1.0397207705399178,0.10298138779720757,0.0013819265852365037,tail
345,0.25,0.0,0.75,9.26249999999999,0.5623351444188083,0.1034899392922915,0.0005085514950839282,tail
346,0.5,0.25,0.25,9.281249999999991,1.0397207705399178,0.10376415566080589,0.00027421636851439335,tail
347,0.25,0.5,0.25,9.29999999999999,1.0397207705399178,0.10357006862305002,0.00019408703775587732,tail
348,0.75,0.0,0.25,9.35624999999999,0.5623351444188083,0.1023668617881835,0.0012032068348665215,tail
349,0.25,0.25,0.5,9.43124999999999,1.0397207705399178,0.0992229466522793,0.003143915135904188,tail
350,0.5,0.5,0.0,9.43124999999999,0.6931471803599453,0.0992229466522793,0.0,tail
351,0.75,0.0,0.25,9.48749999999999,0.5623351444188083,0.1010258922394538,0.0018029455871744898,tail
352,0.75,0.0,0.25,9.543749999999989,0.5623351444188083,0.09802339706176126,0.003002495177692535,tail
353,0.25,0.75,0.0,9.56249999999999,0.5623351444188083,0.0998918447239866,0.0018684476622253393,tail
354,0.25,0.25,0.5,9.48749999999999,1.0397207705399178,0.10277626430004241,0.0028844195760558133,tail
355,0.5,0.25,0.25,9.506249999999989,1.0397207705399178,0.10577437662307419,0.002998112323031779,tail
356,0.0,0.75,0.25,9.56249999999999,0.5623351444188083,0.11200636491400807,0.006231988290933882,tail
357,0.0,1.0,0.0,9.63749999999999,-1.000000082690371e-10,0.10886647059650108,0.003139894317506997,tail
358,0.0,0.0,1.0,9.69374999999999,-1.000000082690371e-10,0.10715868781858026,0.001707782777920816,tail
359,0.25,0.5,0.25,9.618749999999991,1.0397207705399178,0.11014873940116891,0.0029900515825886514,tail
360,0.25,0.5,0.25,9.69374999999999,1.0397207705399178,0.1078451098025927,0.002303629598576218,tail
361,0.0,1.0,0.0,9.76874999999999,-1.000000082690371e-10,0.10471375499957519,0.0031313548030175026,tail
362,0.5,0.0,0.5,9.82499999999999,0.6931471803599453,0.10354492994522257,0.001168825054352618,tail
363,0.5,0.5,0.0,9.74999999999999,0.6931471803599453,0.10646082229640974,0.002915892351187166,tail
364,0.5,0.25,0.25,9.806249999999991,1.0397207705399178,0.10527113637069624,0.0011896859257135017,tail
365,0.5,0.0,0.5,9.862499999999992,0.6931471803599453,0.10706282431682058,0.0017916879461243457,tail
366,0.5,0.5,0.0,9.806249999999991,0.6931471803599453,0.10841177248433122,0.001348948167510633,tail
367,0.0,0.0,1.0,9.82499999999999,-1.000000082690371e-10,0.10868424936037295,0.0002724768760417329,tail
368,0.0,0.25,0.75,9.749999999999991,0.5623351444188083,0.11169784429494982,0.0030135949345768687,tail
369,0.25,0.25,0.5,9.69374999999999,1.0397207705399178,0.11286707090398164,0.0011692266090318204,tail
370,0.25,0.5,0.25,9.76874999999999,1.0397207705399178,0.11050794968889976,0.0023591212150818747,tail
371,0.75,0.0,0.25,9.82499999999999,0.5623351444188083,0.10919893964750228,0.001309010041397482,tail
372,0.25,0.5,0.25,9.82499999999999,1.0397207705399178,0.10919893964750228,0.0,tail
373,1.0,0.0,0.0,9.89999999999999,-1.000000082690371e-10,0.1130509752433484,0.003852035595846112,tail
374,0.25,0.25,0.5,9.95624999999999,1.0397207705399178,0.11186182223755116,0.001189153005797236,tail
375,0.75,0.0,0.25,9.97499999999999,0.5623351444188083,0.11484580166345724,0.002983979425906086,tail
376,0.5,0.0,0.5,9.99374999999999,0.6931471803599453,0.11434065779199233,0.0005051438714649137,tail
377,0.75,0.0,0.25,10.01249999999999,0.5623351444188083,0.11732651569326585,0.0029858579012735226,tail
378,0.0,0.25,0.75,10.01249999999999,0.5623351444188083,0.11732651569326585,0.0,tail
379,0.5,0.25,0.25,9.93749999999999,1.0397207705399178,0.12026839559571174,0.0029418799024458903,tail
380,0.5,0.25,0.25,9.99374999999999,1.0397207705399178,0.11906772735681406,0.0012006682388976814,tail
381,0.75,0.25,0.0,10.04999999999999,0.5623351444188083,0.1173699117344624,0.0016978156223516616,tail
382,0.0,0.75,0.25,10.10624999999999,0.5623351444188083,0.11444392087090284,0.0029259908635595605,tail
383,0.25,0.5,0.25,10.162499999999989,1.0397207705399178,0.11275282162643263,0.0016910992444702094,tail
384,0.75,0.25,0.0,10.18124999999999,0.5623351444188083,0.1130084344197366,0.00025561279330396647,tail
385,0.5,0.0,0.5,10.106249999999989,0.6931471803599453,0.11584190615758248,0.0028334717378458857,tail
386,0.5,0.25,0.25,10.049999999999988,1.0397207705399178,0.11689438527588787,0.0010524791183053883,tail
387,0.25,0.5,0.25,10.068749999999987,1.0397207705399178,0.11671226787369934,0.000182117402188528,tail
388,0.5,0.25,0.25,10.12499999999999,1.0397207705399178,0.11567719917823976,0.001035068695459579,tail
389,0.25,0.25,0.5,10.199999999999989,1.0397207705399178,0.11361203094914203,0.002065168229097733,tail
390,0.25,0.5,0.25,10.256249999999987,1.0397207705399178,0.11411399902862693,0.0005019680794848963,tail
391,0.25,0.5,0.25,10.256249999999987,1.0397207705399178,0.11411399902862693,0.0,tail
392,1.0,0.0,0.0,10.274999999999988,-1.000000082690371e-10,0.11708202475543905,0.0029680257268121235,tail
393,0.5,0.0,0.5,10.293749999999989,0.6931471803599453,0.11657952660868662,0.0005024981467524336,tail
394,0.25,0.5,0.25,10.312499999999988,1.0397207705399178,0.11641338578053988,0.0001661408281467408,tail
395,0.5,0.5,0.0,10.368749999999988,0.6931471803599453,0.11543585129364621,0.0009775344868936664,tail
396,0.5,0.25,0.25,10.424999999999986,1.0397207705399178,0.11433049376940284,0.0011053575242433722,tail
397,0.0,1.0,0.0,10.481249999999987,-1.000000082690371e-10,0.11483231471790561,0.0005018209485027764,tail
398,0.25,0.0,0.75,10.499999999999988,0.5623351444188083,0.11540356047728006,0.0005712457593744502,tail
399,0.75,0.25,0.0,10.556249999999988,0.5623351444188083,0.1137138812467253,0.0016896792305547692,tail
400,0.75,0.25,0.0,10.499999999999986,0.5623351444188083,0.11467699202542726,0.0009631107787019672,tail
401,0.5,0.25,0.25,10.556249999999984,1.0397207705399178,0.112985259378405,0.0016917326470222566,tail
402,0.25,0.25,0.5,10.612499999999986,1.0397207705399178,0.11476846407973802,0.001783204701333016,tail
403,0.25,0.25,0.5,10.687499999999986,1.0397207705399178,0.1123230475632173,0.002445416516520721,tail
404,0.75,0.0,0.25,10.762499999999987,0.5623351444188083,0.11050362142130046,0.0018194261419168384,tail
405,0.0,0.25,0.75,10.781249999999986,0.5623351444188083,0.11102805380911066,0.000524432387810192,tail
406,0.25,0.25,0.5,10.837499999999988,1.0397207705399178,0.11001405371082716,0.0010140000982834935,tail
407,0.75,0.0,0.25,10.912499999999987,0.5623351444188083,0.113827941856216,0.0038138881453888412,tail
408,0.25,0.75,0.0,10.968749999999988,0.5623351444188083,0.11285625498037008,0.000971686875845923,tail
409,0.0,1.0,0.0,11.043749999999989,-1.000000082690371e-10,0.11132330411101843,0.0015329508693516514,tail
410,0.5,0.25,0.25,10.968749999999986,1.0397207705399178,0.11369488706071995,0.002371582949701523,tail
411,0.5,0.25,0.25,11.043749999999987,1.0397207705399178,0.1115668533230929,0.002128033737627058,tail
412,0.5,0.0,0.5,11.118749999999988,0.6931471803599453,0.11534615588342415,0.003779302560331252,tail
413,0.5,0.5,0.0,11.193749999999987,0.6931471803599453,0.11393636861753069,0.0014097872658934557,tail
414,0.75,0.25,0.0,11.249999999999988,0.5623351444188083,0.11442752664532468,0.0004911580277939948,tail
415,0.0,0.5,0.5,11.268749999999988,0.6931471803599453,0.11483072724727784,0.0004032006019531603,tail
416,0.0,0.5,0.5,11.324999999999987,0.6931471803599453,0.11404139454662382,0.0007893327006540246,tail
417,0.25,0.5,0.25,11.381249999999987,1.0397207705399178,0.12008700549555192,0.006045610948928096,tail
418,0.25,0.25,0.5,11.381249999999987,1.0397207705399178,0.12008700549555192,0.0,tail
419,0.5,0.25,0.25,11.437499999999988,1.0397207705399178,0.12183810160812604,0.0017510961125741242,tail
420,0.25,0.25,0.5,11.512499999999989,1.0397207705399178,0.12051850689197917,0.0013195947161468713,tail
421,0.0,0.75,0.25,11.437499999999988,0.5623351444188083,0.12269180880530081,0.002173301913321643,tail
422,0.25,0.5,0.25,11.362499999999986,1.0397207705399178,0.12498784142256424,0.0022960326172634243,tail
423,0.75,0.0,0.25,11.287499999999987,0.5623351444188083,0.12641068741352912,0.0014228459909648855,tail
424,0.25,0.25,0.5,11.343749999999988,1.0397207705399178,0.12690909503568934,0.0004984076221602185,tail
425,0.5,0.0,0.5,11.362499999999986,0.6931471803599453,0.12859052286014047,0.0016814278244511316,tail
426,0.5,0.5,0.0,11.418749999999989,0.6931471803599453,0.13036217744816797,0.0017716545880274992,tail
427,0.5,0.0,0.5,11.474999999999987,0.6931471803599453,0.12946410142980808,0.0008980760183598946,tail
428,0.5,0.0,0.5,11.399999999999986,0.6931471803599453,0.13105239920278236,0.0015882977729742842,tail
429,0.5,0.25,0.25,11.418749999999987,1.0397207705399178,0.13282806117987808,0.0017756619770957216,tail
430,0.0,0.25,0.75,11.343749999999988,0.5623351444188083,0.13555463004152365,0.002726568861645573,tail
431,0.25,0.25,0.5,11.399999999999988,1.0397207705399178,0.13733788422880389,0.001783254187280231,tail
432,0.5,0.5,0.0,11.324999999999987,0.6931471803599453,0.14015655928678838,0.002818675057984499,tail
433,0.5,0.0,0.5,11.381249999999987,0.6931471803599453,0.1419415057656769,0.0017849464788885216,tail
434,0.0,0.75,0.25,11.399999999999986,0.5623351444188083,0.14388072105866384,0.0019392152929869344,tail
435,0.75,0.25,0.0,11.456249999999988,0.5623351444188083,0.14566639850280397,0.0017856774441401269,tail
436,0.5,0.25,0.25,11.512499999999989,1.0397207705399178,0.1461701898211842,0.0005037913183802423,tail
437,0.25,0.0,0.75,11.568749999999987,0.5623351444188083,0.14502424964850194,0.0011459401726822693,tail
438,0.25,0.5,0.25,11.493749999999988,1.0397207705399178,0.14793218815277015,0.0029079385042682093,tail
439,0.0,0.75,0.25,11.568749999999987,0.5623351444188083,0.14532658981870195,0.0026055983340682043,tail
440,0.25,0.75,0.0,11.493749999999986,0.5623351444188083,0.14824283873466212,0.002916248915960179,tail
441,0.5,0.5,0.0,11.549999999999986,0.6931471803599453,0.14697472530497258,0.001268113429689549,tail
442,0.5,0.25,0.25,11.568749999999987,1.0397207705399178,0.14724250859315552,0.0002677832881829434,tail
443,0.0,0.25,0.75,11.624999999999988,0.5623351444188083,0.1460617274025111,0.0011807811906444088,tail
444,0.75,0.0,0.25,11.699999999999989,0.5623351444188083,0.1440084889111476,0.002053238491363518,tail
445,0.25,0.75,0.0,11.718749999999988,0.5623351444188083,0.14426535188142756,0.0002568629702799641,tail
446,0.25,0.0,0.75,11.662499999999987,0.5623351444188083,0.14556040084837218,0.0012950489669446286,tail
447,0.25,0.25,0.5,11.737499999999986,1.0397207705399178,0.14939442720018747,0.0038340263518152895,tail
448,0.5,0.5,0.0,11.756249999999987,0.6931471803599453,0.14965568845455038,0.0002612612543629045,tail
449,0.0,0.25,0.75,11.774999999999984,0.5623351444188083,0.14915336300078638,0.0005023254537639965,tail
450,0.25,0.5,0.25,11.831249999999985,1.0397207705399178,0.14965568845455038,0.0005023254537639965,tail
451,0.25,0.0,0.75,11.849999999999987,0.5623351444188083,0.14991762929327745,0.0002619408387270761,tail
452,0.75,0.25,0.0,11.868749999999986,0.5623351444188083,0.15018024616042366,0.00026261686714620924,tail
453,0.0,0.0,1.0,11.924999999999986,-1.000000082690371e-10,0.1506826653102469,0.0005024191498232411,tail
454,0.5,0.0,0.5,11.981249999999987,0.6931471803599453,0.14952473318261833,0.0011579321276285748,tail
455,0.25,0.25,0.5,12.037499999999985,1.0397207705399178,0.14852716151712186,0.0009975716654964661,tail
456,0.25,0.75,0.0,12.093749999999986,0.5623351444188083,0.14739465399999296,0.0011325075171289,tail
457,0.5,0.5,0.0,12.149999999999986,0.6931471803599453,0.1535622851940789,0.0061676311940859485,tail
458,0.25,0.25,0.5,12.206249999999986,1.0397207705399178,0.1518709075808935,0.001691377613185413,tail
459,0.5,0.25,0.25,12.262499999999985,1.0397207705399178,0.15237367405539162,0.0005027664744981231,tail
460,1.0,0.0,0.0,12.281249999999984,-1.000000082690371e-10,0.1542463265477401,0.00187265249234847,tail
461,0.75,0.25,0.0,12.299999999999985,0.5623351444188083,0.15721971312289146,0.0029733865751513655,tail
462,0.0,0.5,0.5,12.318749999999984,0.6931471803599453,0.15747964484868038,0.00025993172578892,tail
463,0.25,0.25,0.5,12.374999999999986,1.0397207705399178,0.15648066307587818,0.0009989817728021932,tail
464,0.0,0.5,0.5,12.449999999999985,0.6931471803599453,0.15400882685742345,0.0024718362184547316,tail
465,0.5,0.25,0.25,12.506249999999985,1.0397207705399178,0.15231745250234913,0.0016913743550743265,tail
466,0.0,0.75,0.25,12.581249999999985,0.5623351444188083,0.150430396707155,0.0018870557951941314,tail
467,0.5,0.0,0.5,12.599999999999984,0.6931471803599453,0.15067300554742463,0.00024260884026963692,tail
468,0.5,0.0,0.5,12.599999999999984,0.6931471803599453,0.15067300554742463,0.0,tail
469,0.75,0.25,0.0,12.618749999999984,0.5623351444188083,0.15091635175054507,0.00024334620312044253,tail
470,0.25,0.25,0.5,12.637499999999985,1.0397207705399178,0.15116043175537716,0.0002440800048320868,tail
471,0.5,0.0,0.5,12.656249999999986,0.6931471803599453,0.15100632345111256,0.00015410830426459965,tail
472,0.25,0.5,0.25,12.712499999999984,1.0397207705399178,0.15278350383840097,0.0017771803872884129,tail
473,0.25,0.5,0.25,12.768749999999985,1.0397207705399178,0.15184786994765087,0.0009356338907501038,tail
474,0.25,0.75,0.0,12.787499999999985,0.5623351444188083,0.15134682678922107,0.0005010431584298036,tail
475,0.25,0.5,0.25,12.712499999999983,1.0397207705399178,0.15303739841130282,0.001690571622081749,tail
476,0.25,0.25,0.5,12.768749999999983,1.0397207705399178,0.15354001440766304,0.0005026159963602284,tail
477,0.5,0.25,0.25,12.824999999999983,1.0397207705399178,0.1524379939971945,0.0011020204104685571,tail
478,0.0,0.25,0.75,12.881249999999984,0.5623351444188083,0.15136462598639025,0.0010733680108042376,tail
479,0.5,0.25,0.25,12.824999999999983,1.0397207705399178,0.15226513819330934,0.0009005122069190852,tail
480,0.25,0.25,0.5,12.881249999999984,1.0397207705399178,0.15127829166069262,0.0009868465326167142,tail
481,0.25,0.25,0.5,12.937499999999984,1.0397207705399178,0.15035690756588999,0.0009213840948026353,tail
482,0.5,0.25,0.25,12.956249999999983,1.0397207705399178,0.15059471226145663,0.0002378046955666402,tail
483,0.0,0.25,0.75,13.031249999999984,0.5623351444188083,0.14749930555392013,0.0030954067075364966,tail
484,0.75,0.0,0.25,13.087499999999984,0.5623351444188083,0.1492742410636835,0.0017749355097633757,tail
485,0.25,0.25,0.5,13.143749999999983,1.0397207705399178,0.1455994508465102,0.0036747902171733182,tail
486,0.25,0.0,0.75,13.087499999999983,0.5623351444188083,0.14641001751644747,0.0008105666699372849,tail
487,0.0,0.25,0.75,13.143749999999983,0.5623351444188083,0.14691015388996095,0.0005001363735134823,tail
488,0.75,0.0,0.25,13.199999999999982,0.5623351444188083,0.14594349410721258,0.0009666597827483747,tail
489,0.25,0.5,0.25,13.218749999999982,1.0397207705399178,0.1488918864035422,0.0029483922963296216,tail
490,0.25,0.5,0.25,13.293749999999983,1.0397207705399178,0.14732013073622574,0.00157175566731646,tail
491,0.0,0.75,0.25,13.349999999999984,0.5623351444188083,0.14646308965723817,0.0008570410789875693,tail
492,0.25,0.25,0.5,13.406249999999982,1.0397207705399178,0.14480047185456715,0.001662617802671018,tail
493,0.5,0.25,0.25,13.424999999999981,1.0397207705399178,0.14501011848076426,0.00020964662619710195,tail
494,0.5,0.0,0.5,13.481249999999982,0.6931471803599453,0.14420630325788567,0.00080381522287859,tail
495,0.5,0.0,0.5,13.424999999999981,0.6931471803599453,0.1452507784091774,0.001044475151291746,tail
496,0.5,0.25,0.25,13.499999999999982,1.0397207705399178,0.143876817550542,0.0013739608586354202,tail
497,0.5,0.25,0.25,13.556249999999983,1.0397207705399178,0.14436777278687984,0.0004909552363378533,tail
498,0.25,0.0,0.75,13.574999999999982,0.5623351444188083,0.1445691365508395,0.0002013637639596555,tail
499,0.5,0.25,0.25,13.63124999999998,1.0397207705399178,0.1450604803823209,0.0004913438314813889,tail
500,0.75,0.25,0.0,13.64999999999998,0.5623351444188083,0.14526297543162783,0.0002024950493069444,tail
501,0.0,0.5,0.5,13.668749999999982,0.6931471803599453,0.14566618993056898,0.00040321449894115124,tail
502,0.75,0.25,0.0,13.59374999999998,0.5623351444188083,0.14795393896600145,0.002287749035432468,tail
503,0.25,0.0,0.75,13.612499999999981,0.5623351444188083,0.14783066895616587,0.00012327000983558545,tail
504,0.25,0.0,0.75,13.63124999999998,0.5623351444188083,0.14941550328372058,0.0015848343275547128,tail
505,0.75,0.0,0.25,13.68749999999998,0.5623351444188083,0.14991150456648955,0.0004960012827689708,tail
506,0.25,0.25,0.5,13.76249999999998,1.0397207705399178,0.15370270557601973,0.0037912010095301762,tail
507,0.5,0.0,0.5,13.781249999999979,0.6931471803599453,0.15392497947232373,0.0002222738963039983,tail
508,0.5,0.0,0.5,13.799999999999981,0.6931471803599453,0.15556783030687488,0.0016428508345511517,tail
509,0.5,0.25,0.25,13.87499999999998,1.0397207705399178,0.15249092356869332,0.003076906738181562,tail
510,0.25,0.5,0.25,13.79999999999998,1.0397207705399178,0.15500561985779662,0.0025146962891033076,tail
511,0.5,0.5,0.0,13.81874999999998,0.6931471803599453,0.15450693726559403,0.0004986825922025928,tail
512,0.0,0.75,0.25,13.874999999999982,0.5623351444188083,0.15221907754760633,0.0022878597179877003,tail
513,0.0,0.25,0.75,13.93124999999998,0.5623351444188083,0.15397522601280433,0.0017561484651980042,tail
514,0.25,0.75,0.0,14.00624999999998,0.5623351444188083,0.15247071240851742,0.0015045136042869112,tail
515,0.25,0.25,0.5,14.02499999999998,1.0397207705399178,0.15404991215196295,0.0015791997434455307,tail
516,0.25,0.5,0.25,14.08124999999998,1.0397207705399178,0.16011893908210076,0.006069026930137805,tail
517,0.5,0.25,0.25,14.09999999999998,1.0397207705399178,0.1596237886602424,0.0004951504218583536,tail
518,0.25,0.5,0.25,14.174999999999981,1.0397207705399178,0.16340763748853068,0.0037838488282882776,tail
519,0.25,0.5,0.25,14.09999999999998,1.0397207705399178,0.16586681116226545,0.0024591736737347714,tail
520,0.75,0.0,0.25,14.02499999999998,0.5623351444188083,0.16741239546774833,0.0015455843054828777,tail
521,0.25,0.0,0.75,14.081249999999981,0.5623351444188083,0.16649977712072098,0.0009126183470273552,tail
522,0.75,0.25,0.0,14.15624999999998,0.5623351444188083,0.1703115366945227,0.0038117595738017263,tail
523,0.75,0.25,0.0,14.09999999999998,0.5623351444188083,0.17117454491363093,0.00086300821910823,tail
524,0.25,0.5,0.25,14.15624999999998,1.0397207705399178,0.17294903687976595,0.0017744919661350222,tail
525,0.5,0.25,0.25,14.21249999999998,1.0397207705399178,0.16922381654721444,0.0037252203325515154,tail
526,0.5,0.25,0.25,14.268749999999981,1.0397207705399178,0.1697229717886695,0.0004991552414550515,tail
527,0.5,0.25,0.25,14.324999999999982,1.0397207705399178,0.1687647434403049,0.0009582283483645926,tail
528,0.25,0.25,0.5,14.38124999999998,1.0397207705399178,0.16926265749485894,0.0004979140545540439,tail
529,0.25,0.25,0.5,14.306249999999979,1.0397207705399178,0.17174555226328844,0.0024828947684295,tail
530,0.5,0.0,0.5,14.38124999999998,0.6931471803599453,0.16952015612703125,0.0022253961362571906,tail
531,0.0,0.5,0.5,14.30624999999998,0.6931471803599453,0.1720116073279803,0.002491451200949041,tail
532,0.0,0.75,0.25,14.362499999999981,0.5623351444188083,0.17814529733283807,0.006133690004857778,tail
533,0.75,0.0,0.25,14.38124999999998,0.5623351444188083,0.17764510891725097,0.000500188415587105,tail
534,0.5,0.25,0.25,14.399999999999979,1.0397207705399178,0.17936899912532814,0.0017238902080771723,tail
535,0.25,0.5,0.25,14.456249999999981,1.0397207705399178,0.18114488930173722,0.001775890176409084,tail
536,0.0,0.75,0.25,14.47499999999998,0.5623351444188083,0.1829040535229841,0.0017591642212468894,tail
537,0.5,0.0,0.5,14.493749999999979,0.6931471803599453,0.18314803727866574,0.00024398375568163155,tail
538,1.0,0.0,0.0,14.54999999999998,-1.000000082690371e-10,0.18221030207984268,0.0009377351988230642,tail
539,0.5,0.25,0.25,14.624999999999982,1.0397207705399178,0.18043203480542894,0.0017782672744137418,tail
540,0.75,0.0,0.25,14.699999999999982,0.5623351444188083,0.1787560325807985,0.0016760022246304351,tail
541,0.75,0.25,0.0,14.77499999999998,0.5623351444188083,0.18255792578620303,0.0038018932054045274,tail
542,0.25,0.5,0.25,14.793749999999982,1.0397207705399178,0.1824215822773042,0.00013634350889882296,tail
543,0.75,0.0,0.25,14.812499999999982,0.5623351444188083,0.18536566831423512,0.002944086036930915,tail
544,0.25,0.5,0.25,14.831249999999983,1.0397207705399178,0.18831241587378647,0.0029467475595513493,tail
545,0.25,0.5,0.25,14.906249999999982,1.0397207705399178,0.1921242635350584,0.003811847661271933,tail
546,0.25,0.25,0.5,14.831249999999981,1.0397207705399178,0.1936757563845068,0.0015514928494483882,tail
547,0.0,0.75,0.25,14.906249999999982,0.5623351444188083,0.19196553690991203,0.0017102194745947652,tail
548,1.0,0.0,0.0,14.924999999999981,-1.000000082690371e-10,0.192194081865614,0.00022854495570198696,tail
549,0.25,0.0,0.75,14.981249999999982,0.5623351444188083,0.19051482585753649,0.0016792560080775287,tail
550,0.25,0.5,0.25,14.99999999999998,1.0397207705399178,0.19346538907730496,0.0029505632197684706,tail
551,0.5,0.25,0.25,14.943749999999984,1.0397207705399178,0.19461847916000993,0.0011530900827049773,tail
552,0.25,0.5,0.25,14.999999999999982,1.0397207705399178,0.19293701858990348,0.0016814605701064578,tail
553,0.75,0.0,0.25,15.05624999999998,0.5623351444188083,0.1984245738810447,0.005487555291141227,tail
554,1.0,0.0,0.0,15.074999999999982,-1.000000082690371e-10,0.1997342122178643,0.0013096383368196018,tail
555,0.0,0.75,0.25,15.149999999999983,0.5623351444188083,0.19746588649911498,0.0022683257187493255,tail
556,0.0,0.5,0.5,15.168749999999983,0.6931471803599453,0.19732511442071027,0.00014077207840471062,tail
557,0.75,0.0,0.25,15.187499999999982,0.5623351444188083,0.2002785492869343,0.0029534348662240417,tail
558,0.25,0.75,0.0,15.206249999999981,0.5623351444188083,0.20013753921232827,0.00014101007460604054,tail
559,0.25,0.25,0.5,15.262499999999983,1.0397207705399178,0.20063742278346927,0.0004998835711410021,tail
560,0.5,0.25,0.25,15.337499999999984,1.0397207705399178,0.19754826337042805,0.0030891594130412203,tail
561,0.25,0.5,0.25,15.356249999999983,1.0397207705399178,0.1974086889265891,0.00013957444383894124,tail
562,1.0,0.0,0.0,15.412499999999982,-1.000000082690371e-10,0.19652714589226972,0.0008815430343193931,tail
563,0.25,0.25,0.5,15.468749999999982,1.0397207705399178,0.19829437320532914,0.0017672273130594218,tail
564,0.0,0.25,0.75,15.487499999999983,0.5623351444188083,0.1999531250554777,0.0016587518501485488,tail
565,0.25,0.5,0.25,15.543749999999983,1.0397207705399178,0.20170070922832045,0.0017475841728427643,tail
566,0.25,0.5,0.25,15.562499999999986,1.0397207705399178,0.20300011624863049,0.0012994070203100339,tail
567,0.0,0.25,0.75,15.562499999999986,0.5623351444188083,0.20300011624863049,0.0,tail
568,0.25,0.0,0.75,15.618749999999984,0.5623351444188083,0.20447533293845205,0.0014752166898215624,tail
569,0.25,0.0,0.75,15.693749999999984,0.5623351444188083,0.2022285181498978,0.0022468147885542356,tail
570,0.0,0.25,0.75,15.749999999999984,0.5623351444188083,0.20272764972397742,0.0004991315740796032,tail
571,0.5,0.25,0.25,15.806249999999984,1.0397207705399178,0.20104901863764313,0.0016786310863342868,tail
572,0.0,0.25,0.75,15.862499999999985,0.5623351444188083,0.20154799176677268,0.000498973129129554,tail
573,0.25,0.25,0.5,15.918749999999985,1.0397207705399178,0.20331761780947222,0.0017696260426995347,tail
574,0.25,0.0,0.75,15.974999999999985,0.5623351444188083,0.201084675030744,0.0022329427787282086,tail
575,0.25,0.25,0.5,15.993749999999984,1.0397207705399178,0.2005882624320116,0.0004964125987323986,tail
576,0.25,0.5,0.25,16.049999999999986,1.0397207705399178,0.19974910803192977,0.0008391544000818374,tail
577,0.0,0.25,0.75,16.106249999999985,0.5623351444188083,0.20024502594640875,0.0004959179144789772,tail
578,0.75,0.0,0.25,16.049999999999983,0.5623351444188083,0.20414255762419323,0.003897531677784477,tail
579,0.75,0.25,0.0,16.124999999999986,0.5623351444188083,0.20255411094699483,0.0015884466771984018,tail
580,0.5,0.25,0.25,16.143749999999986,1.0397207705399178,0.20277438738317902,0.00022027643618419135,tail
581,0.25,0.25,0.5,16.143749999999986,1.0397207705399178,0.20277438738317902,0.0,tail
582,0.5,0.0,0.5,16.199999999999985,0.6931471803599453,0.20195815123428468,0.0008162361488943393,tail
583,0.0,0.75,0.25,16.256249999999984,0.5623351444188083,0.20116918802047412,0.0007889632138105562,tail
584,0.25,0.5,0.25,16.331249999999986,1.0397207705399178,0.20494144451680923,0.0037722564963351135,tail
585,0.25,0.25,0.5,16.387499999999985,1.0397207705399178,0.200765337503978,0.004176107012831248,tail
586,0.25,0.25,0.5,16.443749999999984,1.0397207705399178,0.19994955051748475,0.0008157869864932332,tail
587,0.75,0.25,0.0,16.499999999999986,0.5623351444188083,0.2016980381233551,0.001748487605870347,tail
588,0.5,0.0,0.5,16.518749999999986,0.6931471803599453,0.2021265122635822,0.00042847414022709196,tail
589,0.25,0.25,0.5,16.574999999999985,1.0397207705399178,0.20262061711596693,0.0004941048523847413,tail
590,0.5,0.5,0.0,16.631249999999984,0.6931471803599453,0.20168276839443694,0.0009378487215299935,tail
591,0.25,0.5,0.25,16.649999999999988,1.0397207705399178,0.2032320974796252,0.0015493290851882613,tail
592,0.5,0.25,0.25,16.706249999999986,1.0397207705399178,0.2023866701062894,0.0008454273733357887,tail
593,0.5,0.25,0.25,16.649999999999988,1.0397207705399178,0.20618211900028532,0.003795448893995912,tail
594,0.5,0.25,0.25,16.66874999999999,1.0397207705399178,0.20664677102547535,0.0004646520251900266,tail
595,0.0,0.5,0.5,16.687499999999986,0.6931471803599453,0.2095794949581689,0.0029327239326935595,tail
596,0.75,0.0,0.25,16.743749999999988,0.5623351444188083,0.20790976333035435,0.001669731627814558,tail
597,0.5,0.5,0.0,16.799999999999986,0.6931471803599453,0.2096697755747917,0.0017600122444373367,tail
598,0.5,0.25,0.25,16.874999999999986,1.0397207705399178,0.20812807271268638,0.0015417028621053097,tail
599,0.0,1.0,0.0,16.874999999999986,-1.000000082690371e-10,0.20812807271268638,0.0,tail
600,0.0,0.75,0.25,16.931249999999988,0.5623351444188083,0.2064654261655072,0.0016626465471791807,tail
601,0.5,0.25,0.25,17.006249999999987,1.0397207705399178,0.21024149964629735,0.0037760734807901486,tail
602,0.0,0.0,1.0,17.081249999999986,-1.000000082690371e-10,0.21373038179727122,0.003488882150973871,tail
603,0.5,0.25,0.25,17.13749999999999,1.0397207705399178,0.21520385577565126,0.0014734739783800466,tail
604,0.5,0.5,0.0,17.156249999999986,0.6931471803599453,0.21507751920819185,0.00012633656745941746,tail
605,0.0,0.25,0.75,17.09999999999999,0.5623351444188083,0.21558026079922735,0.0005027415910354993,tail
606,0.5,0.0,0.5,17.174999999999986,0.6931471803599453,0.21251596719663224,0.0030642936025951084,tail
607,0.75,0.0,0.25,17.23124999999999,0.5623351444188083,0.21427306166825147,0.0017570944716192305,tail
608,0.25,0.5,0.25,17.306249999999988,1.0397207705399178,0.21121006475005225,0.0030629969181992234,tail
609,0.0,0.5,0.5,17.36249999999999,0.6931471803599453,0.21170534049607423,0.0004952757460219837,tail
610,0.5,0.0,0.5,17.41874999999999,0.6931471803599453,0.21089570168902302,0.0008096388070512051,tail
611,0.25,0.5,0.25,17.474999999999987,1.0397207705399178,0.21264827402678727,0.001752572337764241,tail
612,0.25,0.25,0.5,17.54999999999999,1.0397207705399178,0.21642664327293704,0.003778369246149771,tail
613,0.25,0.0,0.75,17.60624999999999,0.5623351444188083,0.21476176688975507,0.001664876383181968,tail
614,0.25,0.25,0.5,17.531249999999986,1.0397207705399178,0.21593503248890644,0.001173265599151374,tail
615,0.5,0.25,0.25,17.549999999999986,1.0397207705399178,0.21840417082183655,0.0024691383329301098,tail
616,0.25,0.25,0.5,17.60624999999999,1.0397207705399178,0.21673433119946922,0.0016698396223673306,tail
617,0.5,0.0,0.5,17.66249999999999,0.6931471803599453,0.21723068222382813,0.0004963510243589098,tail
618,0.25,0.75,0.0,17.681249999999988,0.5623351444188083,0.2177046983812999,0.0004740161574717794,tail
619,0.5,0.0,0.5,17.756249999999987,0.6931471803599453,0.21554445493549312,0.0021602434458067865,tail
620,0.75,0.25,0.0,17.81249999999999,0.5623351444188083,0.2146605351667415,0.0008839197687516287,tail
621,0.25,0.0,0.75,17.83124999999999,0.5623351444188083,0.2148765310562767,0.0002159958895351921,tail
622,0.0,0.5,0.5,17.84999999999999,0.6931471803599453,0.21509310104525434,0.00021656998897764956,tail
623,0.25,0.5,0.25,17.90624999999999,1.0397207705399178,0.21091169037786198,0.00418141066739236,tail
624,0.25,0.25,0.5,17.96249999999999,1.0397207705399178,0.2075646274564114,0.0033470629214505665,tail
625,0.5,0.0,0.5,17.90624999999999,0.6931471803599453,0.20860366746586778,0.0010390400094563712,tail
626,0.5,0.25,0.25,17.981249999999992,1.0397207705399178,0.20724269977104326,0.001360967694824522,tail
627,1.0,0.0,0.0,17.999999999999993,-1.000000082690371e-10,0.20744509545148504,0.00020239568044178036,tail
628,0.25,0.5,0.25,17.92499999999999,1.0397207705399178,0.20968219157212725,0.0022370961206422124,tail
629,0.25,0.75,0.0,17.94374999999999,0.5623351444188083,0.2095658932676991,0.00011629830442816402,tail
630,0.5,0.25,0.25,17.96249999999999,1.0397207705399178,0.21110276945280884,0.0015368761851097534,tail
631,0.25,0.5,0.25,18.01874999999999,1.0397207705399178,0.21159565644403772,0.0004928869912288747,tail
632,0.25,0.5,0.25,18.093749999999993,1.0397207705399178,0.2153625293494734,0.0037668729054356753,tail
633,0.25,0.75,0.0,18.112499999999994,0.5623351444188083,0.21557707494049283,0.00021454559101943826,tail
634,0.25,0.5,0.25,18.187499999999996,1.0397207705399178,0.21935003790376936,0.0037729629632765327,tail
635,0.0,0.25,0.75,18.262499999999996,0.5623351444188083,0.21790779833046856,0.0014422395733008075,tail
636,0.25,0.25,0.5,18.281249999999993,1.0397207705399178,0.22081757426325738,0.0029097759327888217,tail
637,0.5,0.25,0.25,18.337499999999995,1.0397207705399178,0.22131031172431462,0.000492737461057241,tail
638,0.5,0.0,0.5,18.412499999999998,0.6931471803599453,0.2248540081358012,0.00354369641148658,tail
639,0.75,0.25,0.0,18.468749999999996,0.5623351444188083,0.22392605832338042,0.0009279498124207808,tail
640,0.25,0.5,0.25,18.393749999999997,1.0397207705399178,0.2249137004074784,0.0009876420840979894,tail
641,0.25,0.5,0.25,18.449999999999996,1.0397207705399178,0.2215915932273982,0.0033221071800802193,tail
642,0.5,0.25,0.25,18.525,1.0397207705399178,0.2253530012244706,0.003761407997072419,tail
643,0.0,0.5,0.5,18.543749999999996,0.6931471803599453,0.22800702499475126,0.00265402377028065,tail
644,0.0,0.25,0.75,18.543749999999996,0.5623351444188083,0.22800702499475126,0.0,tail
645,0.5,0.25,0.25,18.562499999999996,1.0397207705399178,0.23048111359661314,0.002474088601861879,tail
646,0.5,0.25,0.25,18.61875,1.0397207705399178,0.23090032566326438,0.0004192120666512422,tail
647,0.75,0.25,0.0,18.693749999999998,0.5623351444188083,0.2289150860224348,0.0019852396408295836,tail
648,0.5,0.25,0.25,18.7125,1.0397207705399178,0.2288041551330438,0.00011093088939098661,tail
649,0.75,0.25,0.0,18.768749999999997,0.5623351444188083,0.2280444075045743,0.0007597476284695037,tail
650,0.5,0.0,0.5,18.787499999999998,0.6931471803599453,0.228241881397145,0.0001974738925706876,tail
651,0.25,0.5,0.25,18.843749999999996,1.0397207705399178,0.22659287466581038,0.0016490067313346124,tail
652,0.5,0.0,0.5,18.843749999999996,0.6931471803599453,0.22659287466581038,0.0,tail
653,0.5,0.25,0.25,18.862499999999997,1.0397207705399178,0.22648689659085905,0.00010597807495132949,tail
654,0.25,0.0,0.75,18.937499999999996,0.5623351444188083,0.22526282432351227,0.0012240722673467763,tail
655,0.0,0.0,1.0,18.99375,-1.000000082690371e-10,0.22453522447772767,0.0007275998457846045,tail
656,0.5,0.25,0.25,19.068749999999998,1.0397207705399178,0.2282533992147392,0.003718174737011526,tail
657,0.25,0.0,0.75,19.125,0.5623351444188083,0.22874078465670483,0.0004873854419656376,tail
658,0.25,0.75,0.0,19.14375,0.5623351444188083,0.22864299107953587,9.77935771689642e-05,tail
659,0.5,0.25,0.25,19.2,1.0397207705399178,0.22913025626236358,0.0004872651828277119,tail
660,0.25,0.75,0.0,19.25625,0.5623351444188083,0.2284611632763883,0.0006690929859752837,tail
661,0.5,0.5,0.0,19.3125,0.6931471803599453,0.22435925330196882,0.0041019099744194765,tail
662,1.0,0.0,0.0,19.36875,-1.000000082690371e-10,0.22272973745548866,0.0016295158464801618,tail
663,0.5,0.0,0.5,19.425,0.6931471803599453,0.22444737529687694,0.0017176378413882865,tail
664,0.5,0.25,0.25,19.48125,1.0397207705399178,0.22035409563951136,0.004093279657365584,tail
665,0.5,0.0,0.5,19.556250000000002,0.6931471803599453,0.21862220950287653,0.0017318861366348304,tail
666,0.25,0.25,0.5,19.556250000000002,1.0397207705399178,0.21862220950287653,0.0,tail
667,0.25,0.5,0.25,19.575,1.0397207705399178,0.21879773672659958,0.00017552722372304874,tail
668,0.25,0.5,0.25,19.63125,1.0397207705399178,0.21812422287710365,0.0006735138494959325,tail
669,0.75,0.0,0.25,19.650000000000006,0.5623351444188083,0.2180429454396666,8.127743743704952e-05,tail
670,0.25,0.25,0.5,19.668750000000003,1.0397207705399178,0.21796232071008512,8.062472958147993e-05,tail
671,0.5,0.25,0.25,19.687500000000004,1.0397207705399178,0.21788234941293927,7.997129714584772e-05,tail
672,0.25,0.25,0.5,19.706250000000004,1.0397207705399178,0.21780303226799635,7.93171449429142e-05,tail
673,0.0,0.25,0.75,19.762500000000006,0.5623351444188083,0.2171486682533233,0.0006543640146730589,tail
674,0.25,0.0,0.75,19.781250000000007,0.5623351444188083,0.21742637547275973,0.0002777072194364294,tail
675,0.5,0.5,0.0,19.800000000000004,0.6931471803599453,0.21771245054269792,0.0002860750699381909,tail
676,0.75,0.0,0.25,19.856250000000006,0.5623351444188083,0.21705057879527687,0.00066187174742105,tail
677,0.75,0.0,0.25,19.875000000000007,0.5623351444188083,0.21657072415527065,0.00047985464000621647,tail
678,0.75,0.0,0.25,19.800000000000004,0.5623351444188083,0.21746259520528938,0.0008918710500187277,tail
679,0.5,0.0,0.5,19.800000000000004,0.6931471803599453,0.21746259520528938,0.0,tail
680,0.25,0.0,0.75,19.818750000000005,0.5623351444188083,0.22031794598457755,0.0028553507792881683,tail
681,0.5,0.25,0.25,19.837500000000006,1.0397207705399178,0.22317784837639698,0.0028599023918194355,tail
682,0.25,0.25,0.5,19.781250000000007,1.0397207705399178,0.223708823342909,0.0005309749665120267,tail
683,0.25,0.25,0.5,19.800000000000008,1.0397207705399178,0.2236166415307941,9.218181211489984e-05,tail
684,0.25,0.5,0.25,19.800000000000008,1.0397207705399178,0.2236166415307941,0.0,tail
685,0.25,0.0,0.75,19.818750000000005,0.5623351444188083,0.22379922073255,0.0001825792017559058,tail
686,0.25,0.25,0.5,19.74375000000001,1.0397207705399178,0.22582050678827018,0.0020212860557201617,tail
687,0.5,0.25,0.25,19.762500000000006,1.0397207705399178,0.22617724423330954,0.00035673744503936233,tail
688,0.5,0.25,0.25,19.81875000000001,1.0397207705399178,0.22791049223976878,0.0017332480064592426,tail
689,0.75,0.0,0.25,19.762500000000006,0.5623351444188083,0.22851699916447277,0.0006065069247039867,tail
690,0.25,0.25,0.5,19.818750000000005,1.0397207705399178,0.23436881264220744,0.005851813477734669,tail
691,0.0,0.25,0.75,19.83750000000001,0.5623351444188083,0.2345907967116744,0.00022198406946696836,tail
692,0.75,0.25,0.0,19.856250000000006,0.5623351444188083,0.2357167526391258,0.0011259559274514053,tail
693,0.0,0.75,0.25,19.875000000000007,0.5623351444188083,0.23560417557844737,0.00011257706067843709,tail
694,0.0,0.5,0.5,19.89375000000001,0.6931471803599453,0.23580651509561898,0.00020233951717160692,tail
695,0.0,0.0,1.0,19.89375000000001,-1.000000082690371e-10,0.23580651509561898,0.0,tail
696,0.0,0.5,0.5,19.91250000000001,0.6931471803599453,0.2356939809091556,0.00011253418646336999,tail
697,0.25,0.25,0.5,19.93125000000001,1.0397207705399178,0.2358963335515585,0.00020235264240289763,tail
698,0.25,0.25,0.5,19.987500000000008,1.0397207705399178,0.23511885824966516,0.0007774753018933434,tail
699,0.5,0.25,0.25,20.062500000000014,1.0397207705399178,0.23850416712324224,0.0033853088735770753,tail
700,0.25,0.5,0.25,20.118750000000013,1.0397207705399178,0.23773686221921925,0.0007673049040229918,tail
701,0.5,0.25,0.25,20.137500000000014,1.0397207705399178,0.2391772017331532,0.0014403395139339636,tail
702,0.0,0.25,0.75,20.193750000000012,0.5623351444188083,0.2395977774104187,0.00042057567726550005,tail
703,0.5,0.5,0.0,20.212500000000013,0.6931471803599453,0.23983736237584305,0.00023958496542433871,tail
704,0.25,0.25,0.5,20.268750000000015,1.0397207705399178,0.23905796770909174,0.0007793946667513096,tail
705,0.75,0.0,0.25,20.325000000000014,0.5623351444188083,0.23817976925887757,0.0008781984502141682,tail
706,0.0,0.0,1.0,20.268750000000015,-1.000000082690371e-10,0.23968640694176102,0.0015066376828834493,tail
707,0.5,0.0,0.5,20.325000000000014,0.6931471803599453,0.24487369879215581,0.005187291850394793,tail
708,0.25,0.25,0.5,20.343750000000014,1.0397207705399178,0.2450350817621412,0.00016138296998538526,tail
709,0.5,0.25,0.25,20.400000000000013,1.0397207705399178,0.24623846083437537,0.0012033790722341675,tail
710,0.0,0.5,0.5,20.45625000000001,0.6931471803599453,0.2473714484339941,0.0011329875996187455,tail
711,0.25,0.0,0.75,20.512500000000014,0.5623351444188083,0.2457125497559017,0.0016588986780924075,tail
712,0.25,0.25,0.5,20.587500000000013,1.0397207705399178,0.24373122604013192,0.001981323715769784,tail
713,0.0,0.5,0.5,20.60625000000001,0.6931471803599453,0.24323953509196086,0.0004916909481710585,tail
714,0.25,0.25,0.5,20.662500000000016,1.0397207705399178,0.2424672400620572,0.000772295029903669,tail
715,0.25,0.0,0.75,20.73750000000001,0.5623351444188083,0.2394331355789996,0.0030341044830576036,tail
716,0.25,0.25,0.5,20.756250000000012,1.0397207705399178,0.23894265054466077,0.0004904850343388223,tail
717,0.25,0.25,0.5,20.775000000000013,1.0397207705399178,0.23845225781911827,0.0004903927255424934,tail
718,0.5,0.0,0.5,20.831250000000015,0.6931471803599453,0.23894265054466077,0.0004903927255424934,tail
719,0.5,0.0,0.5,20.887500000000014,0.6931471803599453,0.2372935179959854,0.0016491325486753805,tail
720,0.25,0.25,0.5,20.943750000000016,1.0397207705399178,0.23655420400404747,0.0007393139919379121,tail
721,0.5,0.25,0.25,21.000000000000014,1.0397207705399178,0.2349110002959336,0.0016432037081138828,tail
722,0.25,0.25,0.5,21.018750000000015,1.0397207705399178,0.23528213304777354,0.00037113275183994765,tail
723,0.25,0.5,0.25,21.037500000000016,1.0397207705399178,0.2347930825798509,0.000489050467922636,tail
724,0.25,0.25,0.5,21.093750000000014,1.0397207705399178,0.23066244057860855,0.004130642001242357,tail
725,0.25,0.25,0.5,21.11250000000002,1.0397207705399178,0.230559782647583,0.00010265793102554044,tail
726,0.0,0.5,0.5,21.168750000000017,0.6931471803599453,0.22971042295176422,0.0008493596958187855,tail
727,0.75,0.0,0.25,21.225000000000016,0.5623351444188083,0.23019762002258434,0.0004871970708201223,tail
728,0.25,0.5,0.25,21.24375000000002,1.0397207705399178,0.22971042295176422,0.0004871970708201223,tail
729,0.25,0.25,0.5,21.262500000000017,1.0397207705399178,0.23007093867855247,0.0003605157267882464,tail
730,0.75,0.25,0.0,21.281250000000018,0.5623351444188083,0.23026374550869488,0.00019280683014241684,tail
731,0.25,0.25,0.5,21.30000000000002,1.0397207705399178,0.2331498376593619,0.0028860921506670134,tail
732,0.25,0.5,0.25,21.37500000000002,1.0397207705399178,0.23194646831133373,0.0012033693480281715,tail
733,0.5,0.5,0.0,21.431250000000023,0.6931471803599453,0.23243259360304835,0.0004861252917146286,tail
734,0.5,0.25,0.25,21.45000000000002,1.0397207705399178,0.23233597473958648,9.661886346187809e-05,tail
735,0.25,0.25,0.5,21.506250000000023,1.0397207705399178,0.23282198396609977,0.0004860092265132898,tail
736,0.0,0.5,0.5,21.56250000000002,0.6931471803599453,0.23221373535873685,0.0006082486073629156,tail
737,0.0,0.5,0.5,21.61875000000002,0.6931471803599453,0.23140655752362585,0.0008071778351110004,tail
738,0.0,0.75,0.25,21.675000000000022,0.5623351444188083,0.23312224920172558,0.0017156916780997344,tail
739,0.25,0.75,0.0,21.73125000000002,0.5623351444188083,0.23360643868499964,0.00048418948327405564,tail
740,0.5,0.25,0.25,21.787500000000023,1.0397207705399178,0.23409074840949326,0.0004843097244936201,tail
741,0.5,0.5,0.0,21.84375000000002,0.6931471803599453,0.2345751776304474,0.0004844292209541523,tail
742,0.5,0.25,0.25,21.862500000000026,1.0397207705399178,0.2374401138707863,0.0028649362403389,tail
743,0.5,0.25,0.25,21.787500000000023,1.0397207705399178,0.2384858043400018,0.0010456904692154878,tail
744,0.5,0.25,0.25,21.806250000000023,1.0397207705399178,0.23988016157466643,0.0013943572346646338,tail
745,0.0,0.5,0.5,21.825000000000024,0.6931471803599453,0.24025323803103157,0.0003730764563651401,tail
746,0.25,0.25,0.5,21.825000000000024,1.0397207705399178,0.24025323803103157,0.0,tail
747,0.25,0.0,0.75,21.843750000000025,0.5623351444188083,0.24014803801207582,0.00010520001895575337,tail
748,0.75,0.25,0.0,21.900000000000027,0.5623351444188083,0.2384752565394379,0.001672781472637913,tail
749,0.5,0.5,0.0,21.975000000000023,0.6931471803599453,0.23547444589426011,0.0030008106451777927,tail
750,0.75,0.0,0.25,21.993750000000027,0.5623351444188083,0.23683447565849153,0.001360029764231413,tail
751,0.5,0.25,0.25,22.012500000000024,1.0397207705399178,0.23673693259637815,9.754306211337549e-05,tail
752,0.25,0.25,0.5,22.06875000000003,1.0397207705399178,0.23607066065833765,0.0006662719380405024,tail
753,0.25,0.25,0.5,22.12500000000003,1.0397207705399178,0.23543348912571496,0.0006371715326226879,tail
754,0.0,0.25,0.75,22.181250000000023,0.5623351444188083,0.2348741687814026,0.0005593203443123584,tail
755,0.5,0.25,0.25,22.237500000000026,1.0397207705399178,0.23535554524762145,0.0004813764662188469,tail
756,0.0,0.5,0.5,22.293750000000024,0.6931471803599453,0.23373689476314916,0.0016186504844722949,tail
757,0.5,0.25,0.25,22.293750000000024,1.0397207705399178,0.23373689476314916,0.0,tail
758,0.25,0.0,0.75,22.312500000000025,0.5623351444188083,0.2365814558322166,0.0028445610690674417,tail
759,0.0,0.5,0.5,22.331250000000026,0.6931471803599453,0.23649579469672152,8.566113549507426e-05,tail
760,0.0,0.25,0.75,22.35000000000003,0.5623351444188083,0.23780018966481992,0.0013043949680983935,tail
761,0.5,0.25,0.25,22.40625000000003,1.0397207705399178,0.23828322873772445,0.0004830390729045342,tail
762,0.75,0.0,0.25,22.48125000000003,0.5623351444188083,0.24197587818967756,0.003692649451953106,tail
763,0.75,0.0,0.25,22.53750000000003,0.5623351444188083,0.24127502683084234,0.0007008513588352139,tail
764,0.25,0.0,0.75,22.59375000000003,0.5623351444188083,0.24175837070420508,0.00048334387336274043,tail
765,0.5,0.0,0.5,22.53750000000003,0.6931471803599453,0.24229320819972192,0.0005348374955168322,tail
766,0.5,0.25,0.25,22.48125000000003,1.0397207705399178,0.2432202009672048,0.0009269927674828982,tail
767,0.25,0.25,0.5,22.500000000000032,1.0397207705399178,0.24312477003225522,9.543093494959742e-05,tail
768,0.25,0.25,0.5,22.57500000000003,1.0397207705399178,0.2460679921926045,0.0029432221603492847,tail
769,0.75,0.0,0.25,22.59375000000003,0.5623351444188083,0.24558181581034216,0.0004861763822623377,tail
770,0.5,0.25,0.25,22.59375000000003,1.0397207705399178,0.24558181581034216,0.0,tail
771,0.5,0.25,0.25,22.650000000000034,1.0397207705399178,0.2460679921926045,0.0004861763822623377,tail
772,0.0,1.0,0.0,22.725000000000033,-1.000000082690371e-10,0.24426602460582728,0.0018019675867772256,tail
773,0.75,0.0,0.25,22.781250000000032,0.5623351444188083,0.24017393917686553,0.00409208542896175,tail
774,0.5,0.0,0.5,22.837500000000034,0.6931471803599453,0.23947926503413758,0.0006946741427279468,tail
775,0.25,0.25,0.5,22.912500000000033,1.0397207705399178,0.2431693447838666,0.003690079749729014,tail
776,0.5,0.25,0.25,22.968750000000036,1.0397207705399178,0.2445966636728613,0.0014273188889946942,tail
777,0.75,0.0,0.25,23.025000000000034,0.5623351444188083,0.24594069579062697,0.001344032117765681,tail
778,0.0,0.5,0.5,23.081250000000036,0.6931471803599453,0.24632039408801756,0.000379698297390596,tail
779,0.25,0.25,0.5,23.137500000000035,1.0397207705399178,0.2456919725370421,0.0006284215509754498,tail
780,0.75,0.25,0.0,23.193750000000033,0.5623351444188083,0.2460700562033032,0.00037808366626107537,tail
781,0.5,0.25,0.25,23.212500000000038,1.0397207705399178,0.24830970504880356,0.002239648845500375,tail
782,0.5,0.5,0.0,23.287500000000037,0.6931471803599453,0.2453217570936715,0.0029879479551320753,tail
783,0.25,0.5,0.25,23.287500000000037,1.0397207705399178,0.2453217570936715,0.0,tail
784,0.0,0.0,1.0,23.306250000000034,-1.000000082690371e-10,0.24664400363293548,0.0013222465392639937,tail
785,0.25,0.5,0.25,23.362500000000036,1.0397207705399178,0.2460131237029956,0.000630879929939876,tail
786,0.25,0.25,0.5,23.41875000000004,1.0397207705399178,0.2464959121183244,0.00048278841532878314,tail
787,0.75,0.25,0.0,23.475000000000037,0.5623351444188083,0.2458060417028082,0.0006898704155161861,tail
788,0.25,0.5,0.25,23.493750000000038,1.0397207705399178,0.24858144235796417,0.0027754006551559685,tail
789,0.25,0.25,0.5,23.55000000000004,1.0397207705399178,0.24896060336865888,0.00037916101069471186,tail
790,0.5,0.5,0.0,23.60625000000004,0.6931471803599453,0.24827342784970907,0.0006871755189498119,tail
791,0.25,0.0,0.75,23.625000000000043,0.5623351444188083,0.2484507886836092,0.0001773608339001309,tail
792,0.5,0.25,0.25,23.64375000000004,1.0397207705399178,0.2483646462232614,8.614246034779893e-05,tail
793,0.25,0.0,0.75,23.66250000000004,0.5623351444188083,0.24867490980488718,0.0003102635816257804,tail
794,0.5,0.0,0.5,23.68125000000004,0.6931471803599453,0.25092042870853215,0.0022455189036449663,tail
795,0.25,0.25,0.5,23.75625000000004,1.0397207705399178,0.25383570887175516,0.0029152801632230108,tail
796,0.0,0.0,1.0,23.77500000000004,-1.000000082690371e-10,0.2540184913549499,0.00018278248319475443,tail
797,0.25,0.5,0.25,23.718750000000043,1.0397207705399178,0.2545422264487188,0.0005237350937689067,tail
798,0.5,0.25,0.25,23.73750000000004,1.0397207705399178,0.25444734034692673,9.4886101792091e-05,tail
799,0.0,0.5,0.5,23.793750000000045,0.6931471803599453,0.25480724228827206,0.0003599019413453308,tail
800,0.0,0.75,0.25,23.812500000000043,0.5623351444188083,0.2549966278242143,0.0001893855359422214,tail
801,0.25,0.5,0.25,23.831250000000047,1.0397207705399178,0.25451047431851825,0.0004861535056960298,tail
802,0.25,0.75,0.0,23.887500000000045,0.5623351444188083,0.2537922454674199,0.0007182288510983459,tail
803,0.5,0.25,0.25,23.906250000000046,1.0397207705399178,0.2536981806228157,9.40648446042247e-05,tail
804,0.5,0.5,0.0,23.981250000000045,0.6931471803599453,0.2526126416330754,0.0010855389897402867,tail
805,0.25,0.0,0.75,24.037500000000044,0.5623351444188083,0.2530952535230382,0.0004826118899627918,tail
806,0.25,0.5,0.25,24.056250000000045,1.0397207705399178,0.2532740960198135,0.00017884249677529995,tail
807,0.25,0.75,0.0,24.112500000000047,0.5623351444188083,0.2536552206186076,0.00038112459879413585,tail
808,0.5,0.25,0.25,24.168750000000045,1.0397207705399178,0.25403660035196546,0.00038137973335783393,tail
809,0.25,0.5,0.25,24.225000000000048,1.0397207705399178,0.25334778976229927,0.0006888105896661889,tail
810,0.25,0.5,0.25,24.150000000000045,1.0397207705399178,0.2553072416972475,0.001959451934948231,tail
811,0.75,0.25,0.0,24.225000000000044,0.5623351444188083,0.2542424835491448,0.0010647581481026958,tail
812,0.5,0.0,0.5,24.28125000000005,0.6931471803599453,0.2535632908176875,0.0006791927314572788,tail
813,0.25,0.25,0.5,24.30000000000005,1.0397207705399178,0.2534802042550292,8.308656265831882e-05,tail
814,0.5,0.0,0.5,24.318750000000048,0.6931471803599453,0.25572346406459917,0.002243259809569964,tail
815,0.0,0.25,0.75,24.33750000000005,0.5623351444188083,0.2560284124157256,0.0003049483511264328,tail
816,0.5,0.5,0.0,24.33750000000005,0.6931471803599453,0.2560284124157256,0.0,tail
817,0.25,0.5,0.25,24.39375000000005,1.0397207705399178,0.25440747037194755,0.0016209420437780508,tail
818,0.0,1.0,0.0,24.450000000000045,-1.000000082690371e-10,0.2592552355566351,0.004847765184687547,tail
819,0.75,0.0,0.25,24.46875000000005,0.5623351444188083,0.25916711592118025,8.811963545485302e-05,tail
820,0.25,0.25,0.5,24.54375000000005,1.0397207705399178,0.25618633267887164,0.0029807832423086045,tail
821,0.5,0.0,0.5,24.600000000000048,0.6931471803599453,0.25789535436112926,0.0017090216822576165,tail
822,0.0,0.25,0.75,24.65625000000005,0.5623351444188083,0.2583776520445359,0.0004822976834066295,tail
823,0.5,0.25,0.25,24.581250000000047,1.0397207705399178,0.25905175381468815,0.0006741017701522578,tail
824,0.75,0.0,0.25,24.63750000000005,0.5623351444188083,0.2574231490049497,0.001628604809738421,tail
825,0.0,0.25,0.75,24.65625000000005,0.5623351444188083,0.25869156547494626,0.0012684164699965361,tail
826,1.0,0.0,0.0,24.60000000000005,-1.000000082690371e-10,0.2594248782482675,0.0007333127733212264,tail
827,0.75,0.0,0.25,24.65625000000005,0.5623351444188083,0.2564809362874107,0.0029439419608567885,tail
828,0.5,0.25,0.25,24.581250000000047,1.0397207705399178,0.25748875959939865,0.0010078233119879543,tail
829,0.5,0.0,0.5,24.65625000000005,0.6931471803599453,0.2556968681283121,0.0017918914710865486,tail
830,0.5,0.25,0.25,24.71250000000005,1.0397207705399178,0.2574123617357897,0.0017154936074775806,tail
831,0.25,0.75,0.0,24.63750000000005,0.5623351444188083,0.258366382741068,0.0009540210052783049,tail
832,1.0,0.0,0.0,24.69375000000005,-1.000000082690371e-10,0.257539192995171,0.0008271897458970168,tail
833,0.75,0.0,0.25,24.71250000000005,0.5623351444188083,0.25788230600426626,0.0003431130090952861,tail
834,1.0,0.0,0.0,24.731250000000045,-1.000000082690371e-10,0.2580639846936837,0.00018167868941743048,tail
835,0.0,0.25,0.75,24.750000000000046,0.5623351444188083,0.2601058566764986,0.0020418719828149134,tail
836,0.75,0.25,0.0,24.67500000000005,0.5623351444188083,0.26173001703340054,0.001624160356901938,tail
837,0.5,0.0,0.5,24.73125000000005,0.6931471803599453,0.26102219443754726,0.0007078225958532802,tail
838,0.25,0.0,0.75,24.78750000000005,0.5623351444188083,0.2593872022812963,0.0016349921562509584,tail
839,0.0,0.0,1.0,24.84375000000005,-1.000000082690371e-10,0.2586591372421939,0.000728065039102388,tail
840,0.5,0.25,0.25,24.91875000000005,1.0397207705399178,0.2556612341771405,0.002997903065053431,tail
841,0.0,0.5,0.5,24.86250000000005,0.6931471803599453,0.2566014437217183,0.0009402095445777969,tail
842,0.75,0.25,0.0,24.91875000000005,0.5623351444188083,0.2559294648834646,0.0006719788382537062,tail
843,0.5,0.0,0.5,24.93750000000005,0.6931471803599453,0.255835651444376,9.381343908859696e-05,tail
844,0.0,0.5,0.5,24.956250000000054,0.6931471803599453,0.25574238570767943,9.326573669654614e-05,tail
845,0.5,0.25,0.25,24.956250000000054,1.0397207705399178,0.25574238570767943,0.0,tail
846,0.5,0.25,0.25,24.88125000000005,1.0397207705399178,0.2567841968782413,0.001041811170561846,tail
847,0.25,0.5,0.25,24.93750000000005,1.0397207705399178,0.2526804612702272,0.004103735608014081,tail
848,0.25,0.25,0.5,24.86250000000005,1.0397207705399178,0.2537677331713094,0.0010872719010822096,tail
849,0.5,0.25,0.25,24.88125000000005,1.0397207705399178,0.25519838060835864,0.0014306474370492372,tail
850,0.5,0.0,0.5,24.956250000000054,0.6931471803599453,0.25892943921678674,0.003731058608428095,tail
851,0.5,0.25,0.25,25.012500000000053,1.0397207705399178,0.25941842748369764,0.0004889882669109058,tail
852,0.0,0.25,0.75,24.937500000000053,0.5623351444188083,0.2611813091302569,0.0017628816465592445,tail
853,0.25,0.25,0.5,24.956250000000054,1.0397207705399178,0.261344270483761,0.00016296135350413188,tail
854,0.5,0.5,0.0,25.03125000000005,0.6931471803599453,0.259378124963776,0.0019661455199850297,tail
855,0.5,0.0,0.5,25.087500000000055,0.6931471803599453,0.25986693034074004,0.0004888053769640521,tail
856,0.5,0.0,0.5,25.106250000000053,0.6931471803599453,0.26006729711938364,0.00020036677864360142,tail
857,0.0,0.5,0.5,25.162500000000055,0.6931471803599453,0.2605563304560049,0.0004890333366212585,tail
858,0.75,0.0,0.25,25.218750000000057,0.5623351444188083,0.2598629180924925,0.0006934123635123912,tail
859,0.25,0.25,0.5,25.275000000000052,1.0397207705399178,0.25679363948207623,0.0030692786104162817,tail
860,0.25,0.25,0.5,25.293750000000056,1.0397207705399178,0.2581878038424892,0.0013941643604129528,tail
861,0.25,0.5,0.25,25.218750000000057,1.0397207705399178,0.26031590461241083,0.002128100769921648,tail
862,0.25,0.0,0.75,25.275000000000052,0.5623351444188083,0.2620474751556431,0.0017315705432322526,tail
863,0.5,0.5,0.0,25.331250000000054,0.6931471803599453,0.26116997346079807,0.0008775016948450176,tail
864,0.25,0.0,0.75,25.387500000000053,0.5623351444188083,0.2605009133071525,0.0006690601536455398,tail
865,0.5,0.25,0.25,25.46250000000005,1.0397207705399178,0.25931086851250124,0.0011900447946512904,tail
866,0.25,0.25,0.5,25.481250000000053,1.0397207705399178,0.2606933543279629,0.001382485815461687,tail
867,0.25,0.25,0.5,25.556250000000052,1.0397207705399178,0.26402928016100174,0.003335925833038822,tail
868,0.25,0.25,0.5,25.575000000000053,1.0397207705399178,0.2642226040844255,0.00019332392342374938,tail
869,0.25,0.25,0.5,25.650000000000055,1.0397207705399178,0.26698087168200246,0.002758267597576969,tail
870,0.75,0.25,0.0,25.66875000000006,0.5623351444188083,0.2664942760348988,0.0004865956471036825,tail
871,0.5,0.0,0.5,25.72500000000006,0.6931471803599453,0.2657464803029813,0.0007477957319174666,tail
872,0.75,0.25,0.0,25.781250000000057,0.5623351444188083,0.2651075373122565,0.0006389429907248112,tail
873,0.5,0.25,0.25,25.837500000000055,1.0397207705399178,0.26437935677039437,0.0007281805418621334,tail
874,0.5,0.0,0.5,25.893750000000058,0.6931471803599453,0.26486351090428545,0.0004841541338910793,tail
875,0.75,0.25,0.0,25.91250000000006,0.5623351444188083,0.2647677681408928,9.574276339263665e-05,tail
876,0.75,0.25,0.0,25.93125000000006,0.5623351444188083,0.2661471088906785,0.0013793407497856847,tail
877,0.0,0.25,0.75,25.87500000000006,0.5623351444188083,0.2667362567495294,0.0005891478588508914,tail
878,0.0,0.25,0.75,25.89375000000006,0.5623351444188083,0.2670401677813007,0.00030391103177129786,tail
879,0.5,0.0,0.5,25.95000000000006,0.6931471803599453,0.26292732723764184,0.004112840543658847,tail
880,0.0,0.25,0.75,25.96875000000006,0.5623351444188083,0.2658011592951924,0.0028738320575505405,tail
881,0.25,0.25,0.5,25.912500000000062,1.0397207705399178,0.2663396470928662,0.0005384877976738478,tail
882,0.5,0.25,0.25,25.931250000000063,1.0397207705399178,0.26623360561405846,0.00010604147880777237,tail
883,0.5,0.0,0.5,25.875000000000064,0.6931471803599453,0.2666631353457794,0.00042952973172094566,tail
884,0.5,0.5,0.0,25.950000000000063,0.6931471803599453,0.26539839021859546,0.0012647451271839416,tail
885,0.25,0.25,0.5,25.968750000000064,1.0397207705399178,0.26576700070662634,0.0003686104880308849,tail
886,0.0,0.5,0.5,25.987500000000065,0.6931471803599453,0.2659632995954367,0.0001962988888103423,tail
887,0.5,0.0,0.5,25.912500000000062,0.6931471803599453,0.26798660775581534,0.0020233081603786562,tail
888,0.25,0.75,0.0,25.856250000000063,0.5623351444188083,0.2690732775793661,0.0010866698235507677,tail
889,0.5,0.0,0.5,25.912500000000062,0.6931471803599453,0.2683362969366039,0.0007369806427622305,tail
890,0.25,0.5,0.25,25.931250000000063,1.0397207705399178,0.27079031996956765,0.0024540230329637702,tail
891,0.25,0.5,0.25,25.987500000000065,1.0397207705399178,0.2698834652646061,0.0009068547049615461,tail
892,0.5,0.0,0.5,26.043750000000063,0.6931471803599453,0.2667136642037116,0.0031698010608944838,tail
893,0.25,0.5,0.25,26.100000000000062,1.0397207705399178,0.2659612419968899,0.0007524222068217012,tail
894,0.0,0.75,0.25,26.17500000000006,0.5623351444188083,0.2629593790745967,0.003001862922293208,tail
895,0.0,0.5,0.5,26.118750000000063,0.6931471803599453,0.26356186454556957,0.0006024854709728578,tail
896,0.0,0.5,0.5,26.118750000000063,0.6931471803599453,0.26356186454556957,0.0,tail
897,0.25,0.75,0.0,26.06250000000006,0.5623351444188083,0.26708296164576467,0.003521097100195103,tail
898,0.0,0.0,1.0,26.06250000000006,-1.000000082690371e-10,0.26708296164576467,0.0,tail
899,0.5,0.0,0.5,26.137500000000063,0.6931471803599453,0.2657660326232833,0.0013169290224813723,tail
900,0.0,0.5,0.5,26.193750000000062,0.6931471803599453,0.2650321581082354,0.0007338745150479165,tail
901,0.5,0.25,0.25,26.250000000000064,1.0397207705399178,0.26338361429103735,0.0016485438171980338,tail
902,0.25,0.0,0.75,26.32500000000006,0.5623351444188083,0.2615879880011491,0.0017956262898882747,tail
903,0.5,0.0,0.5,26.34375000000006,0.6931471803599453,0.26442879459369023,0.0028408065925411563,tail
904,0.5,0.5,0.0,26.41875000000006,0.6931471803599453,0.26337987177291866,0.0010489228207715695,tail
905,0.5,0.25,0.25,26.362500000000065,1.0397207705399178,0.2647030303336368,0.0013231585607181295,tail
906,0.5,0.0,0.5,26.287500000000065,0.6931471803599453,0.26673996553673,0.0020369352030932264,tail
907,0.5,0.5,0.0,26.306250000000066,0.6931471803599453,0.26814011878417787,0.001400153247447855,tail
908,0.25,0.5,0.25,26.362500000000065,1.0397207705399178,0.26739556722793856,0.0007445515562393146,tail
909,0.25,0.5,0.25,26.437500000000068,1.0397207705399178,0.27038792449837,0.002992357270431456,tail
910,0.25,0.5,0.25,26.493750000000066,1.0397207705399178,0.26964436446195983,0.0007435600364101846,tail
911,0.5,0.0,0.5,26.512500000000067,0.6931471803599453,0.2695455069293564,9.885753260341357e-05,tail
912,0.75,0.0,0.25,26.531250000000068,0.5623351444188083,0.26944716563469123,9.834129466518293e-05,tail
913,0.25,0.25,0.5,26.587500000000066,1.0397207705399178,0.2708240032622385,0.001376837627547256,tail
914,0.75,0.25,0.0,26.643750000000068,0.5623351444188083,0.27008849927300305,0.000735503989235442,tail
915,0.5,0.25,0.25,26.66250000000007,1.0397207705399178,0.26999171736437316,9.678190862988378e-05,tail
916,0.25,0.5,0.25,26.66250000000007,1.0397207705399178,0.26999171736437316,0.0,tail
917,0.25,0.5,0.25,26.737500000000068,1.0397207705399178,0.26887080814685693,0.0011209092175162305,tail
918,0.25,0.5,0.25,26.756250000000072,1.0397207705399178,0.2702203596106354,0.0013495514637784645,tail
919,0.5,0.0,0.5,26.81250000000007,0.6931471803599453,0.27060693962311566,0.0003865800124802643,tail
920,0.5,0.25,0.25,26.86875000000007,1.0397207705399178,0.27099374335058907,0.00038680372747340597,tail
921,0.0,0.75,0.25,26.925000000000075,0.5623351444188083,0.2701682128035305,0.0008255305470585839,tail
922,0.0,0.25,0.75,26.943750000000072,0.5623351444188083,0.2724524861612116,0.0022842733576811103,tail
923,0.5,0.0,0.5,27.00000000000007,0.6931471803599453,0.2728398232084194,0.00038733704720778084,tail
924,0.25,0.25,0.5,26.92500000000007,1.0397207705399178,0.2748977032817329,0.002057880073313534,tail
925,0.75,0.0,0.25,26.943750000000072,0.5623351444188083,0.27441408066676887,0.000483622614964041,tail
926,0.25,0.0,0.75,26.962500000000073,0.5623351444188083,0.2743155465206036,9.853414616528555e-05,tail
927,0.5,0.0,0.5,27.018750000000075,0.6931471803599453,0.2735802626916924,0.0007352838289111929,tail
928,0.25,0.75,0.0,27.037500000000076,0.5623351444188083,0.2737701936491958,0.0001899309575034147,tail
929,0.0,0.5,0.5,27.093750000000075,0.6931471803599453,0.27081675129219124,0.0029534423570045654,tail
930,0.25,0.25,0.5,27.018750000000075,1.0397207705399178,0.2728254528580173,0.0020087015658260543,tail
931,0.75,0.0,0.25,27.037500000000076,0.5623351444188083,0.2742061575060621,0.0013807046480447949,tail
932,0.0,0.0,1.0,26.962500000000077,-1.000000082690371e-10,0.2762721357950989,0.0020659782890368183,tail
933,0.5,0.0,0.5,27.01875000000008,0.6931471803599453,0.2721768943930589,0.004095241402039984,tail
934,0.25,0.5,0.25,27.075000000000077,1.0397207705399178,0.2726608955782921,0.0004840011852331738,tail
935,0.0,0.5,0.5,27.150000000000077,0.6931471803599453,0.2714775544848414,0.001183341093450696,tail
936,0.5,0.25,0.25,27.206250000000075,1.0397207705399178,0.2719593419038719,0.0004817874190304883,tail
937,0.5,0.25,0.25,27.262500000000074,1.0397207705399178,0.2774312357558421,0.005471893851970222,tail
938,0.25,0.0,0.75,27.318750000000076,0.5623351444188083,0.2767555801327068,0.0006756556231353184,tail
939,0.75,0.0,0.25,27.393750000000075,0.5623351444188083,0.2796447589818665,0.0028891788491597348,tail
940,0.25,0.5,0.25,27.450000000000077,1.0397207705399178,0.27903568234613446,0.0006090766357320643,tail
941,0.25,0.25,0.5,27.468750000000078,1.0397207705399178,0.2785548048961126,0.0004808774500218438,tail
942,0.5,0.5,0.0,27.543750000000077,0.6931471803599453,0.2814633045952262,0.002908499699113609,tail
943,0.5,0.0,0.5,27.562500000000078,0.6931471803599453,0.2816133752784985,0.00015007068327227424,tail
944,0.25,0.5,0.25,27.506250000000083,1.0397207705399178,0.2819500397350243,0.0003366644565258037,tail
945,0.0,0.5,0.5,27.58125000000008,0.6931471803599453,0.28081779119462646,0.00113224854039784,tail
946,0.5,0.0,0.5,27.637500000000077,0.6931471803599453,0.28019053484331713,0.0006272563513093354,tail
947,0.75,0.0,0.25,27.69375000000008,0.5623351444188083,0.28156160965562577,0.001371074812308637,tail
948,0.0,0.25,0.75,27.750000000000078,0.5623351444188083,0.2810018709069632,0.0005597387486625527,tail
949,0.0,0.0,1.0,27.750000000000078,-1.000000082690371e-10,0.2810018709069632,0.0,tail
950,0.25,0.25,0.5,27.69375000000008,1.0397207705399178,0.281908920939655,0.0009070500326918141,tail
951,0.5,0.25,0.25,27.750000000000075,1.0397207705399178,0.27907460866394207,0.002834312275712958,tail
952,0.5,0.25,0.25,27.80625000000008,1.0397207705399178,0.27840405409223196,0.0006705545717101136,tail
953,0.25,0.25,0.5,27.88125000000008,1.0397207705399178,0.2813285815675506,0.002924527475318628,tail
954,0.0,0.5,0.5,27.937500000000078,0.6931471803599453,0.28077897863018453,0.000549602937366056,tail
955,0.25,0.25,0.5,27.956250000000082,1.0397207705399178,0.2809505694180327,0.00017159078784817483,tail
956,0.5,0.25,0.25,27.88125000000008,1.0397207705399178,0.28181883446391237,0.0008682650458796681,tail
957,0.75,0.0,0.25,27.937500000000078,0.5623351444188083,0.2812975204386713,0.000521314025241082,tail
958,0.25,0.5,0.25,27.95625000000008,1.0397207705399178,0.2814717418761936,0.0001742214375223261,tail
959,0.25,0.25,0.5,28.012500000000077,1.0397207705399178,0.28080248794103757,0.0006692539351560445,tail
960,0.5,0.25,0.25,28.06875000000008,1.0397207705399178,0.28216093090491123,0.0013584429638736628,tail
961,0.25,0.25,0.5,28.087500000000077,1.0397207705399178,0.28244621052667346,0.00028527962176222443,tail
962,0.75,0.0,0.25,28.106250000000077,0.5623351444188083,0.2847216521708614,0.0022754416441879144,tail
963,0.5,0.25,0.25,28.162500000000072,1.0397207705399178,0.28420346366863936,0.0005181885022220167,tail
964,0.25,0.0,0.75,28.181250000000077,0.5623351444188083,0.2844887928361896,0.0002853291675502523,tail
965,0.75,0.25,0.0,28.200000000000074,0.5623351444188083,0.2857776868385334,0.0012888940023437767,tail
966,0.5,0.25,0.25,28.25625000000008,1.0397207705399178,0.2850921109770329,0.0006855758615004759,tail
967,0.0,0.75,0.25,28.27500000000008,0.5623351444188083,0.28500995428024634,8.215669678657278e-05,tail
968,0.0,0.75,0.25,28.29375000000008,0.5623351444188083,0.2849282963823897,8.165789785663513e-05,tail
969,0.25,0.25,0.5,28.35000000000008,1.0397207705399178,0.285313739931564,0.00038544354917430246,tail
970,0.5,0.0,0.5,28.42500000000008,0.6931471803599453,0.2823737961820876,0.0029399437494764258,tail
971,0.25,0.25,0.5,28.368750000000084,1.0397207705399178,0.2832549485228951,0.000881152340807545,tail
972,0.25,0.5,0.25,28.425000000000082,1.0397207705399178,0.2849435980516921,0.0016886495287969927,tail
973,0.5,0.25,0.25,28.48125000000008,1.0397207705399178,0.2854201683942371,0.00047657034254500186,tail
974,0.25,0.25,0.5,28.48125000000008,1.0397207705399178,0.2854201683942371,0.0,tail
975,0.0,0.5,0.5,28.500000000000078,0.6931471803599453,0.2853367645409226,8.340385331451206e-05,tail
976,0.5,0.0,0.5,28.55625000000008,0.6931471803599453,0.28481249477951026,0.0005242697614123437,tail
977,0.0,0.5,0.5,28.63125000000008,0.6931471803599453,0.2838892565080774,0.0009232382714328691,tail
978,0.25,0.5,0.25,28.65000000000008,1.0397207705399178,0.2851338192517672,0.001244562743689781,tail
979,0.75,0.25,0.0,28.70625000000008,0.5623351444188083,0.2844716566771766,0.0006621625745905635,tail
980,0.5,0.25,0.25,28.76250000000008,1.0397207705399178,0.28327935752214406,0.0011922991550325501,tail
981,1.0,0.0,0.0,28.78125000000008,-1.000000082690371e-10,0.282810372284637,0.0004689852375070469,tail
982,0.25,0.25,0.5,28.837500000000084,1.0397207705399178,0.2812339891760563,0.0015763831085807145,tail
983,0.25,0.0,0.75,28.856250000000085,0.5623351444188083,0.2811682215182831,6.576765777321913e-05,tail
984,0.25,0.75,0.0,28.875000000000085,0.5623351444188083,0.2823567364679147,0.001188514949631625,tail
985,0.0,1.0,0.0,28.931250000000084,-1.000000082690371e-10,0.2819232368707093,0.0004334995972054001,tail
986,0.25,0.75,0.0,28.95000000000008,0.5623351444188083,0.2846917451400465,0.002768508269337222,tail
987,0.25,0.5,0.25,29.006250000000087,1.0397207705399178,0.28604287510041604,0.0013511299603695126,tail
988,0.25,0.5,0.25,29.025000000000084,1.0397207705399178,0.2862894958472352,0.00024662074681913726,tail
989,0.25,0.25,0.5,29.081250000000082,1.0397207705399178,0.2866697117418627,0.00038021589462750027,tail
990,0.5,0.5,0.0,29.13750000000008,0.6931471803599453,0.28603355738745173,0.0006361543544109449,tail
991,0.0,0.0,1.0,29.212500000000087,-1.000000082690371e-10,0.28524965815913095,0.0007838992283207835,tail
992,0.0,0.75,0.25,29.268750000000086,0.5623351444188083,0.2848261471808152,0.00042351097831572204,tail
993,0.5,0.0,0.5,29.343750000000085,0.6931471803599453,0.28334740783986184,0.0014787393409533833,tail
994,0.5,0.25,0.25,29.362500000000086,1.0397207705399178,0.283293745752729,5.3662087132866354e-05,tail
995,0.25,0.5,0.25,29.381250000000087,1.0397207705399178,0.2834877608002334,0.00019401504750443666,tail
996,0.25,0.25,0.5,29.400000000000087,1.0397207705399178,0.2846014997730818,0.0011137389728483882,tail
997,0.75,0.25,0.0,29.400000000000087,0.5623351444188083,0.2846014997730818,0.0,tail
998,0.25,0.5,0.25,29.456250000000082,1.0397207705399178,0.28593029211972343,0.0013287923466416274,tail
999,0.25,0.75,0.0,29.531250000000085,0.5623351444188083,0.2852492720934635,0.0006810200262599153,tail
1000,0.0,0.5,0.5,29.550000000000086,0.6931471803599453,0.28478701798814177,0.0004622541053217466,tail
