round,p_aggressive,p_defensive,p_balanced,avg_reward,strategy_entropy,personality_norm,personality_velocity,phase
1,0.25,0.25,0.5,0.0,1.0397207705399178,0.0,0.0,burn-in
2,0.5,0.25,0.25,0.018749999999999996,1.0397207705399178,0.0004124789556921335,0.0004124789556921335,burn-in
3,0.25,0.5,0.25,0.07499999999999997,1.0397207705399178,0.0020996238088974288,0.0016871448532052953,burn-in
4,0.5,0.0,0.5,0.09374999999999994,0.6931471803599453,0.0014048218056235955,0.0006948020032738333,burn-in
5,0.25,0.5,0.25,0.14999999999999997,1.0397207705399178,0.0010062737229777558,0.0003985480826458397,burn-in
6,0.0,0.25,0.75,0.09374999999999992,0.5623351444188083,0.0017973504805685672,0.0007910767575908114,burn-in
7,0.25,0.5,0.25,0.14999999999999986,1.0397207705399178,0.007609102279507095,0.005811751798938528,burn-in
8,0.25,0.5,0.25,0.16874999999999987,1.0397207705399178,0.010603388969517664,0.002994286690010569,burn-in
9,0.25,0.5,0.25,0.09374999999999989,1.0397207705399178,0.014117976990544921,0.003514588021027257,burn-in
10,0.5,0.25,0.25,0.037499999999999825,1.0397207705399178,0.015809631382307603,0.001691654391762682,burn-in
11,0.5,0.25,0.25,0.09374999999999983,1.0397207705399178,0.01749063489493101,0.0016810035126234059,burn-in
12,0.25,0.5,0.25,0.03749999999999981,1.0397207705399178,0.019310207523052007,0.0018195726281209981,burn-in
13,0.25,0.5,0.25,0.0562499999999998,1.0397207705399178,0.01900835890689501,0.00030184861615699735,burn-in
14,0.25,0.25,0.5,0.1312499999999998,1.0397207705399178,0.015676249285676336,0.0033321096212186735,burn-in
15,0.75,0.0,0.25,0.05624999999999984,0.5623351444188083,0.01945289003093262,0.003776640745256285,burn-in
16,0.25,0.25,0.5,-0.01875000000000014,1.0397207705399178,0.02347756760304523,0.004024677572112608,burn-in
17,0.0,0.25,0.75,0.0374999999999997,0.5623351444188083,0.021969804483148694,0.001507763119896536,burn-in
18,0.75,0.25,0.0,0.11249999999999975,0.5623351444188083,0.018452230462136003,0.0035175740210126906,burn-in
19,0.5,0.5,0.0,0.05624999999999976,0.6931471803599453,0.02011291907926078,0.0016606886171247753,burn-in
20,0.5,0.5,0.0,0.1124999999999998,0.6931471803599453,0.01860351342638154,0.0015094056528792386,burn-in
21,0.5,0.25,0.25,0.18749999999999983,1.0397207705399178,0.022075558772970863,0.003472045346589323,burn-in
22,0.5,0.0,0.5,0.24374999999999986,0.6931471803599453,0.02254093498504446,0.00046537621207359825,burn-in
23,0.5,0.25,0.25,0.2624999999999998,1.0397207705399178,0.022257109117088898,0.000283825867955563,burn-in
24,0.0,0.75,0.25,0.3187499999999998,0.5623351444188083,0.02069541850802306,0.001561690609065837,burn-in
25,0.5,0.5,0.0,0.3937499999999998,0.6931471803599453,0.024272505307217238,0.0035770867991941763,burn-in
26,0.25,0.25,0.5,0.33749999999999986,1.0397207705399178,0.025939942990706677,0.0016674376834894394,burn-in
27,0.5,0.0,0.5,0.26249999999999984,0.6931471803599453,0.029242023188194282,0.003302080197487605,burn-in
28,0.25,0.25,0.5,0.18749999999999978,1.0397207705399178,0.03341966035010936,0.00417763716191508,burn-in
29,0.5,0.25,0.25,0.2437499999999998,1.0397207705399178,0.03385941625965292,0.00043975590954355853,burn-in
30,0.5,0.0,0.5,0.2624999999999998,0.6931471803599453,0.03501902384776032,0.0011596075881073961,burn-in
31,0.5,0.25,0.25,0.33749999999999986,1.0397207705399178,0.03126169919894888,0.0037573246488114345,burn-in
32,0.25,0.25,0.5,0.3937499999999998,1.0397207705399178,0.029237859541279016,0.002023839657669866,burn-in
33,0.0,0.5,0.5,0.44999999999999984,0.6931471803599453,0.027576314565220705,0.0016615449760583115,burn-in
34,0.5,0.25,0.25,0.5062499999999999,1.0397207705399178,0.028039445491525414,0.0004631309263047091,burn-in
35,0.5,0.25,0.25,0.5249999999999998,1.0397207705399178,0.027737844559975033,0.00030160093155038106,burn-in
36,0.75,0.25,0.0,0.5437499999999997,0.5623351444188083,0.02743835420082633,0.0002994903591487033,burn-in
37,0.25,0.75,0.0,0.46874999999999967,0.5623351444188083,0.03150565563205377,0.0040673014312274415,burn-in
38,0.25,0.0,0.75,0.5437499999999997,0.5623351444188083,0.027905944769389675,0.0035997108626640954,burn-in
39,0.25,0.5,0.25,0.5624999999999997,1.0397207705399178,0.028946685307264183,0.0010407405378745072,burn-in
40,0.5,0.25,0.25,0.6374999999999996,1.0397207705399178,0.03252873996347101,0.0035820546562068296,burn-in
41,0.0,0.5,0.5,0.6937499999999995,0.6931471803599453,0.034216496945106006,0.001687756981634994,burn-in
42,0.0,1.0,0.0,0.7687499999999995,-1.000000082690371e-10,0.03098568077668211,0.0032308161684238973,burn-in
43,0.25,0.75,0.0,0.8249999999999995,0.5623351444188083,0.02940914091646415,0.0015765398602179577,burn-in
44,0.5,0.5,0.0,0.8999999999999995,0.6931471803599453,0.026403420706416065,0.0030057202100480865,burn-in
45,0.5,0.5,0.0,0.9187499999999995,0.6931471803599453,0.026700694435413723,0.00029727372899765805,burn-in
46,0.75,0.25,0.0,0.9937499999999995,0.5623351444188083,0.023957789848908083,0.00274290458650564,burn-in
47,0.25,0.5,0.25,0.9187499999999994,1.0397207705399178,0.027044138305123866,0.003086348456215783,burn-in
48,0.25,0.25,0.5,0.9749999999999994,1.0397207705399178,0.025901154253559197,0.0011429840515646689,burn-in
49,0.5,0.25,0.25,0.8999999999999995,1.0397207705399178,0.028317673368410835,0.0024165191148516375,burn-in
50,0.5,0.25,0.25,0.9562499999999995,1.0397207705399178,0.030081984330326408,0.001764310961915573,burn-in
51,0.75,0.0,0.25,0.9749999999999994,0.5623351444188083,0.029844257194643054,0.00023772713568335352,burn-in
52,0.25,0.25,0.5,0.9749999999999994,1.0397207705399178,0.029844257194643054,0.0,burn-in
53,0.0,0.25,0.75,1.0312499999999996,0.5623351444188083,0.028393785081422346,0.0014504721132207084,burn-in
54,0.5,0.25,0.25,1.0874999999999995,1.0397207705399178,0.02698554461291371,0.0014082404685086362,burn-in
55,0.25,0.25,0.5,1.1437499999999994,1.0397207705399178,0.025299001887975292,0.0016865427249384175,burn-in
56,0.75,0.0,0.25,1.0874999999999995,0.5623351444188083,0.02646407418033406,0.0011650722923587688,burn-in
57,0.0,0.25,0.75,1.1624999999999994,0.5623351444188083,0.02337778503907793,0.003086289141256131,burn-in
58,0.0,0.25,0.75,1.2187499999999993,0.5623351444188083,0.025145384558271033,0.0017675995191931033,burn-in
59,0.5,0.5,0.0,1.2937499999999993,0.6931471803599453,0.022935796939500465,0.0022095876187705685,burn-in
60,0.75,0.0,0.25,1.3124999999999991,0.5623351444188083,0.023519956803862457,0.0005841598643619925,burn-in
61,0.25,0.0,0.75,1.3312499999999992,0.5623351444188083,0.025566362449298333,0.002046405645435876,burn-in
62,1.0,0.0,0.0,1.3499999999999992,-1.000000082690371e-10,0.025367070805475414,0.00019929164382291933,burn-in
63,0.25,0.0,0.75,1.4062499999999991,0.5623351444188083,0.02419387835796487,0.0011731924475105425,burn-in
64,0.0,0.25,0.75,1.462499999999999,0.5623351444188083,0.023152208093037953,0.0010416702649269187,burn-in
65,0.5,0.25,0.25,1.481249999999999,1.0397207705399178,0.024964740760720937,0.001812532667682984,burn-in
66,0.0,0.5,0.5,1.5374999999999992,0.6931471803599453,0.02086676484268707,0.004097975918033868,burn-in
67,0.0,0.5,0.5,1.5937499999999991,0.6931471803599453,0.02134664501677542,0.0004798801740883499,burn-in
68,0.25,0.0,0.75,1.6124999999999992,0.5623351444188083,0.02161171918774627,0.0002650741709708526,burn-in
69,0.25,0.25,0.5,1.556249999999999,1.0397207705399178,0.02688262973092487,0.0052709105431785995,burn-in
70,0.0,0.5,0.5,1.612499999999999,0.6931471803599453,0.025296711468313745,0.001585918262611126,burn-in
71,0.5,0.25,0.25,1.6687499999999988,1.0397207705399178,0.023730008033079224,0.0015667034352345212,burn-in
72,0.5,0.25,0.25,1.724999999999999,1.0397207705399178,0.025381977694156743,0.0016519696610775188,burn-in
73,0.25,0.25,0.5,1.7812499999999991,1.0397207705399178,0.023814140363448,0.0015678373307087441,burn-in
74,0.25,0.25,0.5,1.7999999999999987,1.0397207705399178,0.023587437069338486,0.00022670329410951276,burn-in
75,0.75,0.25,0.0,1.8562499999999988,0.5623351444188083,0.024051548734494842,0.00046411166515635677,burn-in
76,0.0,0.5,0.5,1.781249999999999,0.6931471803599453,0.026706895112082654,0.002655346377587811,burn-in
77,0.25,0.0,0.75,1.799999999999999,0.5623351444188083,0.02945322032477953,0.002746325212696875,burn-in
78,0.25,0.5,0.25,1.8562499999999988,1.0397207705399178,0.027853761527844027,0.0015994587969355017,burn-in
79,0.75,0.25,0.0,1.8749999999999987,0.5623351444188083,0.030344270292484214,0.002490508764640187,burn-in
80,0.5,0.25,0.25,1.9499999999999988,1.0397207705399178,0.027505752239304484,0.0028385180531797297,burn-in
81,0.25,0.25,0.5,1.8937499999999987,1.0397207705399178,0.02913114652595521,0.0016253942866507262,burn-in
82,0.5,0.0,0.5,1.9124999999999985,0.6931471803599453,0.029462789915134284,0.0003316433891790739,burn-in
83,0.25,0.0,0.75,1.9312499999999986,0.5623351444188083,0.030312149196137443,0.0008493592810031592,burn-in
84,0.25,0.75,0.0,1.9499999999999984,0.5623351444188083,0.030653912089469024,0.00034176289333158125,burn-in
85,0.25,0.25,0.5,1.9687499999999982,1.0397207705399178,0.03319243659664399,0.0025385245071749656,burn-in
86,0.0,1.0,0.0,1.9124999999999983,-1.000000082690371e-10,0.03958457234902973,0.006392135752385737,burn-in
87,0.0,0.25,0.75,1.9312499999999984,0.5623351444188083,0.042315941309261994,0.0027313689602322666,burn-in
88,0.5,0.25,0.25,1.8562499999999984,1.0397207705399178,0.04644900878023866,0.004133067470976665,burn-in
89,0.25,0.5,0.25,1.8749999999999982,1.0397207705399178,0.04601938091868372,0.00042962786155494037,burn-in
90,0.75,0.25,0.0,1.893749999999998,0.5623351444188083,0.045591464082898735,0.0004279168357849833,burn-in
91,0.0,0.25,0.75,1.912499999999998,0.5623351444188083,0.04529109647755189,0.00030036760534684487,burn-in
92,0.5,0.25,0.25,1.9687499999999982,1.0397207705399178,0.04359451039758994,0.0016965860799619467,burn-in
93,0.5,0.0,0.5,2.024999999999998,0.6931471803599453,0.04513236705021769,0.0015378566526277476,burn-in
94,0.25,0.25,0.5,2.081249999999998,1.0397207705399178,0.04556983441957845,0.00043746736936076114,burn-in
95,0.75,0.25,0.0,2.156249999999998,0.5623351444188083,0.04215615090384551,0.003413683515732943,burn-in
96,0.25,0.0,0.75,2.2124999999999977,0.5623351444188083,0.04260210365828343,0.0004459527544379213,burn-in
97,0.25,0.5,0.25,2.268749999999998,1.0397207705399178,0.040876120227598955,0.0017259834306844746,burn-in
98,0.0,0.25,0.75,2.3249999999999975,0.5623351444188083,0.04132664386392352,0.00045052363632456377,burn-in
99,0.75,0.0,0.25,2.381249999999998,0.5623351444188083,0.04177859445770193,0.00045195059377840796,burn-in
100,0.25,0.25,0.5,2.3062499999999977,1.0397207705399178,0.04570956299622181,0.003930968538519881,burn-in
101,0.25,0.5,0.25,2.381249999999998,1.0397207705399178,0.04218724279757003,0.003522320198651778,tail
102,0.0,0.25,0.75,2.437499999999998,0.5623351444188083,0.04061130645282871,0.0015759363447413188,tail
103,0.25,0.25,0.5,2.437499999999998,1.0397207705399178,0.04061130645282871,0.0,tail
104,0.5,0.25,0.25,2.3812499999999983,1.0397207705399178,0.04215060629589005,0.001539299843061337,tail
105,0.5,0.0,0.5,2.399999999999998,0.6931471803599453,0.044845127979215714,0.0026945216833256652,tail
106,1.0,0.0,0.0,2.418749999999998,-1.000000082690371e-10,0.04458056845009211,0.0002645595291236036,tail
107,0.75,0.0,0.25,2.474999999999998,0.5623351444188083,0.042923730203505685,0.0016568382465864256,tail
108,0.75,0.25,0.0,2.5312499999999982,0.5623351444188083,0.044571454803869086,0.001647724600363401,tail
109,0.25,0.0,0.75,2.5874999999999977,0.5623351444188083,0.04324879574431344,0.001322659059555649,tail
110,0.75,0.25,0.0,2.662499999999998,0.5623351444188083,0.04037007623915972,0.0028787195051537193,tail
111,0.25,0.0,0.75,2.718749999999998,0.5623351444188083,0.04083284969951699,0.0004627734603572728,tail
112,0.5,0.25,0.25,2.737499999999998,1.0397207705399178,0.04117723485299735,0.00034438515348036297,tail
113,0.0,0.75,0.25,2.7562499999999974,0.5623351444188083,0.04093039060404886,0.00024684424894849677,tail
114,0.0,1.0,0.0,2.6999999999999975,-1.000000082690371e-10,0.04713657572239789,0.006206185118349035,tail
115,0.25,0.25,0.5,2.7562499999999974,1.0397207705399178,0.04758912964550499,0.0004525539231070991,tail
116,0.5,0.25,0.25,2.7749999999999972,1.0397207705399178,0.047321484725932714,0.0002676449195722769,tail
117,0.25,0.5,0.25,2.699999999999997,1.0397207705399178,0.05030956254364924,0.002988077817716525,tail
118,0.0,1.0,0.0,2.643749999999997,-1.000000082690371e-10,0.051990446337925315,0.0016808837942760765,tail
119,0.5,0.25,0.25,2.662499999999997,1.0397207705399178,0.054740093757531715,0.002749647419606399,tail
120,0.25,0.25,0.5,2.7187499999999973,1.0397207705399178,0.05106353273129494,0.0036765610262367715,tail
121,0.5,0.25,0.25,2.7937499999999975,1.0397207705399178,0.048443964622369266,0.0026195681089256767,tail
122,0.0,1.0,0.0,2.8124999999999973,-1.000000082690371e-10,0.05094665050733657,0.0025026858849673053,tail
123,0.25,0.75,0.0,2.737499999999997,0.5623351444188083,0.055145912038730226,0.004199261531393654,tail
124,0.25,0.5,0.25,2.7937499999999975,1.0397207705399178,0.05665166774538388,0.0015057557066536567,tail
125,0.5,0.25,0.25,2.868749999999997,1.0397207705399178,0.05306349380694822,0.0035881739384356626,tail
126,0.5,0.0,0.5,2.868749999999997,0.6931471803599453,0.05306349380694822,0.0,tail
127,0.5,0.25,0.25,2.924999999999997,1.0397207705399178,0.053497683782935124,0.0004341899759869039,tail
128,0.75,0.25,0.0,2.943749999999997,0.5623351444188083,0.05626966862919066,0.002771984846255536,tail
129,0.0,0.5,0.5,3.018749999999997,0.6931471803599453,0.05257938360100034,0.0036902850281903196,tail
130,0.25,0.5,0.25,3.037499999999997,1.0397207705399178,0.05295714085334614,0.00037775725234579643,tail
131,0.25,0.5,0.25,3.1124999999999963,1.0397207705399178,0.05632208729584815,0.003364946442502015,tail
132,0.25,0.5,0.25,3.1687499999999966,1.0397207705399178,0.054502452799035914,0.0018196344968122377,tail
133,0.0,0.75,0.25,3.224999999999997,0.5623351444188083,0.0487483083752089,0.005754144423827011,tail
134,0.5,0.25,0.25,3.243749999999997,1.0397207705399178,0.0514712576549607,0.0027229492797518004,tail
135,0.5,0.25,0.25,3.187499999999997,1.0397207705399178,0.05302653456577732,0.0015552769108166178,tail
136,0.75,0.0,0.25,3.2437499999999972,0.5623351444188083,0.051647022475217075,0.0013795120905602462,tail
137,0.75,0.25,0.0,3.318749999999997,0.5623351444188083,0.04823044004798465,0.0034165824272324244,tail
138,0.0,0.0,1.0,3.393749999999997,-1.000000082690371e-10,0.04491154500793773,0.0033188950400469194,tail
139,0.5,0.25,0.25,3.412499999999997,1.0397207705399178,0.044671121707243376,0.00024042330069435486,tail
140,0.25,0.25,0.5,3.431249999999997,1.0397207705399178,0.045006119375591756,0.0003349976683483802,tail
141,0.75,0.25,0.0,3.3749999999999973,0.5623351444188083,0.0464508308590925,0.0014447114835007407,tail
142,0.25,0.5,0.25,3.431249999999997,1.0397207705399178,0.042516403084574425,0.003934427774518072,tail
143,0.25,0.0,0.75,3.487499999999997,0.5623351444188083,0.04299394337190618,0.00047754028733175413,tail
144,0.25,0.5,0.25,3.412499999999997,1.0397207705399178,0.04548145226353282,0.00248750889162664,tail
145,0.25,0.5,0.25,3.4687499999999973,1.0397207705399178,0.043885924763654285,0.0015955274998785338,tail
146,0.25,0.25,0.5,3.5249999999999972,1.0397207705399178,0.03872600623647865,0.005159918527175636,tail
147,0.75,0.0,0.25,3.5437499999999975,0.5623351444188083,0.03851442731121828,0.00021157892526037225,tail
148,0.5,0.5,0.0,3.5999999999999974,0.6931471803599453,0.03711200319640537,0.0014024241148129085,tail
149,0.75,0.25,0.0,3.656249999999997,0.5623351444188083,0.03585846986572504,0.0012535333306803315,tail
150,0.25,0.25,0.5,3.712499999999997,1.0397207705399178,0.03425727948796672,0.00160119037775832,tail
151,0.25,0.5,0.25,3.7312499999999966,1.0397207705399178,0.034871166655116234,0.0006138871671495169,tail
152,0.0,0.75,0.25,3.787499999999997,0.5623351444188083,0.03534785594825928,0.0004766892931430469,tail
153,1.0,0.0,0.0,3.731249999999997,-1.000000082690371e-10,0.040694646496464745,0.005346790548205464,tail
154,0.25,0.25,0.5,3.787499999999997,1.0397207705399178,0.039222754609622615,0.0014718918868421305,tail
155,0.25,0.5,0.25,3.806249999999997,1.0397207705399178,0.042028610253744,0.002805855644121384,tail
156,0.75,0.0,0.25,3.7312499999999966,0.5623351444188083,0.04543857938500925,0.0034099691312652544,tail
157,0.5,0.25,0.25,3.806249999999997,1.0397207705399178,0.04252835553258047,0.002910223852428784,tail
158,0.25,0.5,0.25,3.8249999999999966,1.0397207705399178,0.042854369226551066,0.00032601369397059626,tail
159,0.25,0.25,0.5,3.7687499999999963,1.0397207705399178,0.04450596382477563,0.0016515945982245664,tail
160,0.25,0.5,0.25,3.824999999999996,1.0397207705399178,0.0429300545461259,0.0015759092786497356,tail
161,0.5,0.0,0.5,3.881249999999996,0.6931471803599453,0.04152101626485888,0.001409038281267018,tail
162,0.0,0.75,0.25,3.9374999999999964,0.5623351444188083,0.04023406452145585,0.001286951743403028,tail
163,0.75,0.25,0.0,3.9562499999999963,0.5623351444188083,0.04004396455425247,0.00019009996720337902,tail
164,0.5,0.25,0.25,3.9749999999999965,1.0397207705399178,0.03957860169088295,0.00046536286336951865,tail
165,0.5,0.25,0.25,4.0312499999999964,1.0397207705399178,0.04123356153938473,0.0016549598485017802,tail
166,0.5,0.5,0.0,4.087499999999997,0.6931471803599453,0.04009874963414978,0.001134811905234956,tail
167,0.5,0.0,0.5,4.106249999999997,0.6931471803599453,0.03991972739657263,0.00017902223757714636,tail
168,0.75,0.0,0.25,4.181249999999997,0.5623351444188083,0.037044425984590235,0.0028753014119823964,tail
169,0.5,0.25,0.25,4.237499999999996,1.0397207705399178,0.0328171293030704,0.004227296681519832,tail
170,0.5,0.5,0.0,4.3124999999999964,0.6931471803599453,0.03161990104919847,0.001197228253871932,tail
171,0.25,0.0,0.75,4.368749999999997,0.5623351444188083,0.03711092138590877,0.005491020336710298,tail
172,0.0,1.0,0.0,4.424999999999996,-1.000000082690371e-10,0.03756936293377876,0.00045844154786998936,tail
173,0.0,0.75,0.25,4.4999999999999964,0.5623351444188083,0.03567964254811272,0.0018897203856660383,tail
174,0.25,0.25,0.5,4.518749999999996,1.0397207705399178,0.03561985830341749,5.978424469522958e-05,tail
175,0.25,0.25,0.5,4.537499999999996,1.0397207705399178,0.03556415979333041,5.56985100870766e-05,tail
176,0.5,0.5,0.0,4.5937499999999964,0.6931471803599453,0.03525078801325624,0.0003133717800741717,tail
177,0.25,0.25,0.5,4.518749999999996,1.0397207705399178,0.03532089993505548,7.011192179923881e-05,tail
178,0.75,0.25,0.0,4.5937499999999964,0.5623351444188083,0.0352723530387308,4.854689632467768e-05,tail
179,0.5,0.0,0.5,4.537499999999996,0.6931471803599453,0.03522009788655996,5.225515217083948e-05,tail
180,0.25,0.25,0.5,4.612499999999996,1.0397207705399178,0.03427301158224409,0.0009470863043158709,tail
181,0.5,0.25,0.25,4.668749999999996,1.0397207705399178,0.03466120750284857,0.0003881959206044755,tail
182,0.25,0.25,0.5,4.6874999999999964,1.0397207705399178,0.03469865936611277,3.745186326420402e-05,tail
183,0.0,0.5,0.5,4.706249999999995,0.6931471803599453,0.035357137470938785,0.000658478104826013,tail
184,0.0,0.0,1.0,4.631249999999996,-1.000000082690371e-10,0.03677477552050201,0.0014176380495632274,tail
185,0.5,0.0,0.5,4.631249999999996,0.6931471803599453,0.03677477552050201,0.0,tail
186,0.5,0.25,0.25,4.649999999999996,1.0397207705399178,0.03692920921243154,0.00015443369192953,tail
187,0.5,0.25,0.25,4.706249999999995,1.0397207705399178,0.036314502000654454,0.000614707211777088,tail
188,0.5,0.25,0.25,4.649999999999996,1.0397207705399178,0.03955818279937644,0.003243680798721983,tail
189,0.5,0.0,0.5,4.668749999999996,0.6931471803599453,0.03977456002270789,0.00021637722333145426,tail
190,0.5,0.5,0.0,4.612499999999996,0.6931471803599453,0.04090169659955707,0.0011271365768491803,tail
191,0.5,0.0,0.5,4.631249999999996,0.6931471803599453,0.04113582684230373,0.00023413024274665517,tail
192,0.25,0.0,0.75,4.649999999999997,0.5623351444188083,0.042922804981734376,0.0017869781394306491,tail
193,0.0,0.25,0.75,4.668749999999996,0.5623351444188083,0.04245885978574505,0.00046394519598932926,tail
194,0.25,0.25,0.5,4.612499999999995,1.0397207705399178,0.047272008579484985,0.004813148793739938,tail
195,0.25,0.5,0.25,4.668749999999996,1.0397207705399178,0.048929672461832746,0.001657663882347761,tail
196,0.75,0.0,0.25,4.724999999999996,0.5623351444188083,0.047656713340188464,0.001272959121644282,tail
197,0.25,0.75,0.0,4.724999999999996,0.5623351444188083,0.047656713340188464,0.0,tail
198,0.5,0.0,0.5,4.743749999999996,0.6931471803599453,0.047187913905469586,0.00046879943471887786,tail
199,0.5,0.25,0.25,4.799999999999995,1.0397207705399178,0.052997272925123316,0.00580935901965373,tail
200,0.5,0.25,0.25,4.874999999999996,1.0397207705399178,0.05005659123820658,0.0029406816869167393,tail
201,1.0,0.0,0.0,4.874999999999996,-1.000000082690371e-10,0.05005659123820658,0.0,tail
202,0.25,0.5,0.25,4.931249999999996,1.0397207705399178,0.05053042864205695,0.00047383740385037454,tail
203,0.25,0.5,0.25,4.949999999999996,1.0397207705399178,0.05035645509211757,0.00017397354993937963,tail
204,0.25,0.75,0.0,4.968749999999995,0.5623351444188083,0.049882975030732454,0.00047348006138511756,tail
205,0.25,0.25,0.5,4.912499999999995,1.0397207705399178,0.051312077072286175,0.0014291020415537203,tail
206,0.0,0.25,0.75,4.931249999999995,0.5623351444188083,0.0541193062183503,0.0028072291460641274,tail
207,0.5,0.25,0.25,4.874999999999995,1.0397207705399178,0.055230628359885584,0.0011113221415352814,tail
208,0.25,0.5,0.25,4.8937499999999945,1.0397207705399178,0.05594224452256314,0.0007116161626775572,tail
209,0.0,0.25,0.75,4.949999999999994,0.5623351444188083,0.05764218907888194,0.0016999445563187984,tail
210,0.5,0.25,0.25,5.024999999999994,1.0397207705399178,0.061326373161462173,0.0036841840825802344,tail
211,0.25,0.25,0.5,4.949999999999995,1.0397207705399178,0.06363246586299781,0.0023060927015356378,tail
212,0.5,0.5,0.0,4.968749999999995,0.6931471803599453,0.06314882663641173,0.0004836392265860773,tail
213,0.25,0.0,0.75,5.024999999999994,0.5623351444188083,0.06363246586299781,0.0004836392265860773,tail
214,0.0,0.25,0.75,5.0812499999999945,0.5623351444188083,0.06241679531028153,0.0012156705527162845,tail
215,0.25,0.25,0.5,5.0812499999999945,1.0397207705399178,0.06241679531028153,0.0,tail
216,0.25,0.5,0.25,5.099999999999994,1.0397207705399178,0.06273035673619293,0.0003135614259114003,tail
217,0.5,0.5,0.0,5.156249999999995,0.6931471803599453,0.06152733767399678,0.0012030190621961437,tail
218,0.5,0.25,0.25,5.212499999999994,1.0397207705399178,0.060081577933210645,0.0014457597407861386,tail
219,0.5,0.25,0.25,5.287499999999994,1.0397207705399178,0.0578129542024201,0.0022686237307905435,tail
220,0.25,0.5,0.25,5.343749999999994,1.0397207705399178,0.05658624808398442,0.001226706118435679,tail
221,0.25,0.25,0.5,5.362499999999994,1.0397207705399178,0.05641780910340092,0.0001684389805835032,tail
222,0.5,0.25,0.25,5.381249999999993,1.0397207705399178,0.05625151232534907,0.00016629677805184845,tail
223,0.0,0.5,0.5,5.437499999999994,0.6931471803599453,0.053806531156904036,0.0024449811684450345,tail
224,0.0,0.5,0.5,5.456249999999994,0.6931471803599453,0.05368128682842422,0.00012524432847981631,tail
225,0.5,0.25,0.25,5.399999999999993,1.0397207705399178,0.05581108465295131,0.002129797824527088,tail
226,0.5,0.0,0.5,5.343749999999993,0.6931471803599453,0.056781348414578804,0.0009702637616274962,tail
227,0.5,0.5,0.0,5.362499999999993,0.6931471803599453,0.056610484557240534,0.0001708638573382701,tail
228,0.5,0.25,0.25,5.362499999999993,1.0397207705399178,0.056610484557240534,0.0,tail
229,0.0,0.75,0.25,5.418749999999992,0.5623351444188083,0.05547487544425462,0.001135609112985915,tail
230,0.5,0.5,0.0,5.437499999999993,0.6931471803599453,0.05741951643871246,0.00194464099445784,tail
231,0.25,0.5,0.25,5.3812499999999925,1.0397207705399178,0.05843983209844519,0.0010203156597327276,tail
232,0.0,0.0,1.0,5.324999999999992,-1.000000082690371e-10,0.05987527908192926,0.001435446983484072,tail
233,0.75,0.0,0.25,5.343749999999992,0.5623351444188083,0.05968797629245704,0.00018730278947221707,tail
234,0.5,0.0,0.5,5.3999999999999915,0.6931471803599453,0.058530325858813646,0.0011576504336433951,tail
235,0.5,0.25,0.25,5.418749999999992,1.0397207705399178,0.061385253160311855,0.0028549273014982085,tail
236,0.25,0.25,0.5,5.362499999999992,1.0397207705399178,0.06244422858861982,0.0010589754283079622,tail
237,0.25,0.75,0.0,5.437499999999991,0.5623351444188083,0.06616520057674682,0.0037209719881270073,tail
238,0.75,0.0,0.25,5.4937499999999915,0.5623351444188083,0.06490771694298006,0.001257483633766765,tail
239,0.25,0.5,0.25,5.512499999999992,1.0397207705399178,0.0651893109900782,0.00028159404709814095,tail
240,0.5,0.25,0.25,5.437499999999992,1.0397207705399178,0.06727018813564879,0.002080877145570592,tail
241,0.25,0.25,0.5,5.456249999999992,1.0397207705399178,0.06678029379157388,0.0004898943440749121,tail
242,0.75,0.25,0.0,5.3999999999999915,0.5623351444188083,0.06798311230760046,0.001202818516026577,tail
243,0.0,0.5,0.5,5.418749999999991,0.6931471803599453,0.07088239722322565,0.0028992849156251888,tail
244,0.0,0.5,0.5,5.437499999999991,0.6931471803599453,0.07118692383436748,0.000304526611141831,tail
245,0.25,0.25,0.5,5.4937499999999915,1.0397207705399178,0.06974715931590993,0.0014397645184575508,tail
246,0.5,0.5,0.0,5.568749999999992,0.6931471803599453,0.07350814568902496,0.003760986373115033,tail
247,0.25,0.25,0.5,5.5874999999999915,1.0397207705399178,0.07380385568913973,0.0002957100001147739,tail
248,0.25,0.75,0.0,5.643749999999992,0.5623351444188083,0.07266953059627786,0.0011343250928618764,tail
249,0.0,0.75,0.25,5.6624999999999925,0.5623351444188083,0.07247333082283154,0.000196199773446315,tail
250,0.25,0.25,0.5,5.718749999999991,1.0397207705399178,0.07124904665541554,0.0012242841674160038,tail
251,0.25,0.0,0.75,5.7749999999999915,0.5623351444188083,0.07174256518777568,0.0004935185323601404,tail
252,0.75,0.25,0.0,5.831249999999992,0.5623351444188083,0.07349439876144015,0.0017518335736644713,tail
253,0.75,0.0,0.25,5.831249999999992,0.5623351444188083,0.07349439876144015,0.0,tail
254,0.5,0.25,0.25,5.7749999999999915,1.0397207705399178,0.07460953915776024,0.0011151403963200884,tail
255,0.25,0.0,0.75,5.831249999999992,0.5623351444188083,0.08070128012976843,0.006091740972008194,tail
256,0.25,0.0,0.75,5.756249999999992,0.5623351444188083,0.08388708981008694,0.0031858096803185076,tail
257,0.0,0.5,0.5,5.812499999999992,0.6931471803599453,0.08438318890303019,0.0004960990929432502,tail
258,0.75,0.25,0.0,5.7562499999999925,0.5623351444188083,0.08561784996505652,0.0012346610620263265,tail
259,0.5,0.25,0.25,5.812499999999992,1.0397207705399178,0.08444988703449477,0.0011679629305617473,tail
260,0.75,0.25,0.0,5.887499999999991,0.5623351444188083,0.08201531922028704,0.0024345678142077276,tail
261,0.5,0.25,0.25,5.943749999999991,1.0397207705399178,0.08377762811289331,0.0017623088926062708,tail
262,0.25,0.5,0.25,5.9624999999999915,1.0397207705399178,0.0835831489903253,0.0001944791225680087,tail
263,0.5,0.25,0.25,5.887499999999991,1.0397207705399178,0.08675514564069921,0.003171996650373904,tail
264,0.75,0.0,0.25,5.943749999999992,0.5623351444188083,0.08851449583103471,0.001759350190335504,tail
265,0.5,0.0,0.5,5.9624999999999915,0.6931471803599453,0.08830980671366909,0.00020468911736562512,tail
266,0.5,0.0,0.5,6.018749999999991,0.6931471803599453,0.08664057099111652,0.0016692357225525645,tail
267,0.0,0.25,0.75,6.074999999999992,0.5623351444188083,0.09274064277821617,0.006100071787099648,tail
268,0.5,0.5,0.0,6.131249999999992,0.6931471803599453,0.09450749529358346,0.0017668525153672898,tail
269,0.25,0.25,0.5,6.149999999999992,1.0397207705399178,0.09400895947624137,0.0004985358173420912,tail
270,0.25,0.0,0.75,6.093749999999991,0.5623351444188083,0.09719213324075637,0.0031831737645150043,tail
271,0.25,0.25,0.5,6.037499999999992,1.0397207705399178,0.09873967069746842,0.0015475374567120448,tail
272,0.5,0.25,0.25,6.093749999999991,1.0397207705399178,0.09719433702282047,0.0015453336746479446,tail
273,0.25,0.5,0.25,6.112499999999992,1.0397207705399178,0.09697770541326638,0.00021663160955409655,tail
274,0.25,0.0,0.75,6.168749999999991,0.5623351444188083,0.10309245488139408,0.006114749468127706,tail
275,0.25,0.5,0.25,6.187499999999992,1.0397207705399178,0.10531694270220224,0.0022244878208081548,tail
276,0.25,0.75,0.0,6.206249999999992,0.5623351444188083,0.10509644215090176,0.00022050055130047597,tail
277,0.5,0.25,0.25,6.1499999999999915,1.0397207705399178,0.10664138290837746,0.0015449407574757018,tail
278,0.75,0.25,0.0,6.224999999999992,0.5623351444188083,0.11044035516336942,0.003798972254991956,tail
279,0.75,0.25,0.0,6.281249999999991,0.5623351444188083,0.1109384272261723,0.0004980720628028762,tail
280,0.25,0.5,0.25,6.3374999999999915,1.0397207705399178,0.11143662950678913,0.0004982022806168385,tail
281,0.5,0.5,0.0,6.356249999999991,0.6931471803599453,0.11174589073975953,0.0003092612329703981,tail
282,0.25,0.0,0.75,6.374999999999991,0.5623351444188083,0.1115227636983442,0.00022312704141533302,tail
283,0.25,0.25,0.5,6.4312499999999915,1.0397207705399178,0.11328984306488696,0.0017670793665427592,tail
284,0.75,0.0,0.25,6.449999999999991,0.5623351444188083,0.11408949832684986,0.000799655261962906,tail
285,0.5,0.25,0.25,6.393749999999992,1.0397207705399178,0.11542455598788355,0.0013350576610336867,tail
286,0.25,0.5,0.25,6.318749999999991,1.0397207705399178,0.11797385980471393,0.002549303816830384,tail
287,0.0,0.25,0.75,6.393749999999992,0.5623351444188083,0.1151617898750375,0.0028120699296764334,tail
288,0.5,0.5,0.0,6.412499999999992,0.6931471803599453,0.11810515890098891,0.002943369025951409,tail
289,0.0,0.75,0.25,6.3374999999999915,0.5623351444188083,0.12153644036586572,0.003431281464876812,tail
290,0.5,0.5,0.0,6.393749999999991,0.6931471803599453,0.1199064377731426,0.001630002592723126,tail
291,0.5,0.5,0.0,6.449999999999992,0.6931471803599453,0.11844399351885478,0.0014624442542878202,tail
292,0.25,0.0,0.75,6.5249999999999915,0.5623351444188083,0.12224987396323908,0.0038058804443843047,tail
293,0.25,0.25,0.5,6.599999999999991,1.0397207705399178,0.11916838758955543,0.003081486373683648,tail
294,0.25,0.0,0.75,6.674999999999991,0.5623351444188083,0.12297556674950182,0.0038071791599463833,tail
295,0.0,0.75,0.25,6.693749999999992,0.5623351444188083,0.12275198714164381,0.00022357960785800157,tail
296,0.5,0.25,0.25,6.7124999999999915,1.0397207705399178,0.12252921455774927,0.0002227725838945399,tail
297,0.25,0.0,0.75,6.637499999999992,0.5623351444188083,0.12499038331063302,0.002461168752883741,tail
298,0.5,0.0,0.5,6.693749999999992,0.6931471803599453,0.12352187868506924,0.0014685046255637768,tail
299,0.5,0.25,0.25,6.749999999999991,1.0397207705399178,0.1219601073922902,0.0015617712927790406,tail
300,0.25,0.5,0.25,6.768749999999991,1.0397207705399178,0.12174025314624237,0.00021985424604782644,tail
301,0.25,0.25,0.5,6.787499999999992,1.0397207705399178,0.1225292145577493,0.0007889614115069304,tail
302,0.0,0.25,0.75,6.8062499999999915,0.5623351444188083,0.12203009362448299,0.0004991209332663171,tail
303,0.25,0.25,0.5,6.881249999999991,1.0397207705399178,0.11906865141589568,0.0029614422085873088,tail
304,0.25,0.25,0.5,6.937499999999991,1.0397207705399178,0.11956927363631818,0.0005006222204225058,tail
305,0.25,0.0,0.75,7.012499999999991,0.5623351444188083,0.11667186930363983,0.0028974043326783494,tail
306,0.0,0.25,0.75,7.031249999999991,0.5623351444188083,0.11646358068082942,0.00020828862281041527,tail
307,0.5,0.25,0.25,7.031249999999991,1.0397207705399178,0.11646358068082942,0.0,tail
308,0.25,0.5,0.25,7.031249999999991,1.0397207705399178,0.11646358068082942,0.0,tail
309,0.25,0.25,0.5,7.049999999999991,1.0397207705399178,0.11625619943147145,0.0002073812493579713,tail
310,0.0,0.5,0.5,6.9937499999999915,0.6931471803599453,0.11748367942210367,0.0012274799906322187,tail
311,0.0,0.0,1.0,6.91874999999999,-1.000000082690371e-10,0.12075598817680074,0.0032723087546970703,tail
312,0.75,0.0,0.25,6.937499999999991,0.5623351444188083,0.12053658424877153,0.00021940392802920206,tail
313,0.25,0.5,0.25,7.012499999999992,1.0397207705399178,0.11797035916856904,0.002566225080202489,tail
314,0.75,0.0,0.25,6.937499999999991,0.5623351444188083,0.12028686234777392,0.0023165031792048707,tail
315,0.5,0.25,0.25,6.956249999999991,1.0397207705399178,0.12006925808095592,0.0002176042668179945,tail
316,0.75,0.0,0.25,6.974999999999991,0.5623351444188083,0.1198525008575359,0.00021675722342001658,tail
317,1.0,0.0,0.0,7.03124999999999,-1.000000082690371e-10,0.11514796677958446,0.004704534077951447,tail
318,0.25,0.0,0.75,7.087499999999991,0.5623351444188083,0.11403100402290724,0.00111696275667722,tail
319,0.75,0.0,0.25,7.10624999999999,0.5623351444188083,0.11352808022687634,0.0005029237960308963,tail
320,0.25,0.75,0.0,7.12499999999999,0.5623351444188083,0.11332690890185822,0.00020117132501812351,tail
321,0.5,0.25,0.25,7.19999999999999,1.0397207705399178,0.11716956529427797,0.0038426563924197493,tail
322,0.75,0.0,0.25,7.19999999999999,0.5623351444188083,0.11716956529427797,0.0,tail
323,0.5,0.5,0.0,7.25624999999999,0.6931471803599453,0.11895521741394981,0.0017856521196718406,tail
324,0.25,0.25,0.5,7.33124999999999,1.0397207705399178,0.12280434133205578,0.003849123918105976,tail
325,0.25,0.0,0.75,7.33124999999999,0.5623351444188083,0.12280434133205578,0.0,tail
326,0.25,0.5,0.25,7.406249999999989,1.0397207705399178,0.1266573872697525,0.003853045937696725,tail
327,1.0,0.0,0.0,7.42499999999999,-1.000000082690371e-10,0.12737894068977834,0.0007215534200258333,tail
328,0.75,0.25,0.0,7.49999999999999,0.5623351444188083,0.1312351926171104,0.0038562519273320495,tail
329,0.5,0.5,0.0,7.55624999999999,0.6931471803599453,0.12983166184204348,0.0014035307750669135,tail
330,0.5,0.25,0.25,7.5749999999999895,1.0397207705399178,0.13190484456923257,0.0020731827271890935,tail
331,0.25,0.75,0.0,7.518749999999989,0.5623351444188083,0.13334815672808478,0.0014433121588522113,tail
332,0.0,0.25,0.75,7.5749999999999895,0.5623351444188083,0.13204000505160493,0.0013081516764798518,tail
333,0.5,0.0,0.5,7.518749999999989,0.6931471803599453,0.13347787250296114,0.0014378674513562117,tail
334,0.5,0.25,0.25,7.518749999999989,1.0397207705399178,0.13347787250296114,0.0,tail
335,0.0,0.5,0.5,7.593749999999989,0.6931471803599453,0.13108528851317908,0.0023925839897820655,tail
336,0.5,0.25,0.25,7.612499999999988,1.0397207705399178,0.13406436964508278,0.0029790811319037047,tail
337,0.5,0.0,0.5,7.55624999999999,0.6931471803599453,0.1390949166336909,0.005030546988608109,tail
338,0.75,0.25,0.0,7.612499999999989,0.5623351444188083,0.137784908424629,0.0013100082090618803,tail
339,0.5,0.25,0.25,7.556249999999989,1.0397207705399178,0.13897717888200237,0.0011922704573733567,tail
340,0.0,0.5,0.5,7.574999999999989,0.6931471803599453,0.14195062381227677,0.002973444930274405,tail
341,0.25,0.0,0.75,7.631249999999988,0.5623351444188083,0.1437357843212487,0.001785160508971928,tail
342,0.5,0.25,0.25,7.6874999999999885,1.0397207705399178,0.14204215098431192,0.001693633336936784,tail
343,0.25,0.25,0.5,7.743749999999989,1.0397207705399178,0.14034924815734995,0.0016929028269619673,tail
344,0.0,0.5,0.5,7.799999999999988,0.6931471803599453,0.13904234872722548,0.001306899430124464,tail
345,0.25,0.25,0.5,7.724999999999988,1.0397207705399178,0.1412678593060599,0.002225510578834411,tail
346,0.25,0.25,0.5,7.74374999999999,1.0397207705399178,0.14105914465807146,0.00020871464798843942,tail
347,0.25,0.25,0.5,7.818749999999989,1.0397207705399178,0.14490282304013288,0.0038436783820614273,tail
348,0.5,0.25,0.25,7.8749999999999885,1.0397207705399178,0.14033779931531884,0.0045650237248140435,tail
349,0.5,0.25,0.25,7.8749999999999885,1.0397207705399178,0.14033779931531884,0.0,tail
350,0.5,0.25,0.25,7.799999999999988,1.0397207705399178,0.1434468905785926,0.003109091263273772,tail
351,0.5,0.0,0.5,7.874999999999989,0.6931471803599453,0.14033220753705217,0.0031146830415404447,tail
352,0.25,0.25,0.5,7.89374999999999,1.0397207705399178,0.13982858584759753,0.0005036216894546419,tail
353,0.0,0.5,0.5,7.912499999999988,0.6931471803599453,0.13962379077860965,0.00020479506898787858,tail
354,0.25,0.5,0.25,7.9687499999999885,1.0397207705399178,0.13821188977687304,0.001411901001736604,tail
355,0.5,0.25,0.25,7.987499999999988,1.0397207705399178,0.13801332526748622,0.00019856450938682269,tail
356,0.5,0.0,0.5,8.06249999999999,0.6931471803599453,0.13569347669676537,0.002319848570720845,tail
357,0.25,0.25,0.5,8.11874999999999,1.0397207705399178,0.13463356260812384,0.0010599140886415337,tail
358,0.25,0.25,0.5,8.062499999999988,1.0397207705399178,0.13954379104086148,0.00491022843273764,tail
359,0.25,0.25,0.5,8.081249999999988,1.0397207705399178,0.139829347877253,0.00028555683639153173,tail
360,0.25,0.25,0.5,8.137499999999987,1.0397207705399178,0.13813920395796025,0.001690143919292758,tail
361,0.25,0.25,0.5,8.156249999999988,1.0397207705399178,0.13794112950216622,0.00019807445579403393,tail
362,0.25,0.75,0.0,8.081249999999988,0.5623351444188083,0.1401335238759411,0.0021923943737748863,tail
363,0.75,0.0,0.25,8.137499999999989,0.5623351444188083,0.13884406846251043,0.0012894554134306735,tail
364,0.5,0.0,0.5,8.212499999999988,0.6931471803599453,0.13646141217900737,0.002382656283503065,tail
365,0.25,0.25,0.5,8.156249999999988,1.0397207705399178,0.13761006800366127,0.0011486558246538991,tail
366,0.25,0.5,0.25,8.212499999999988,1.0397207705399178,0.1365126752483896,0.0010973927552716811,tail
367,0.25,0.75,0.0,8.231249999999989,0.5623351444188083,0.13948586771306518,0.002973192464675589,tail
368,0.5,0.5,0.0,8.156249999999988,0.6931471803599453,0.14165901327365912,0.0021731455605939476,tail
369,0.25,0.0,0.75,8.174999999999988,0.5623351444188083,0.14378735927577255,0.0021283460021134237,tail
370,0.25,0.25,0.5,8.231249999999989,1.0397207705399178,0.14996112777566753,0.006173768499894983,tail
371,0.5,0.0,0.5,8.24999999999999,0.6931471803599453,0.15211126598507893,0.0021501382094114008,tail
372,0.0,0.25,0.75,8.306249999999988,0.5623351444188083,0.15063966042070978,0.0014716055643691495,tail
373,0.0,0.0,1.0,8.362499999999988,-1.000000082690371e-10,0.14951335991029951,0.0011263005104102664,tail
374,0.0,0.25,0.75,8.418749999999989,0.5623351444188083,0.1483955686389144,0.0011177912713851157,tail
375,1.0,0.0,0.0,8.362499999999988,-1.000000082690371e-10,0.1495980798789621,0.0012025112400476934,tail
376,0.25,0.25,0.5,8.381249999999987,1.0397207705399178,0.1493910381906049,0.00020704168835719572,tail
377,0.5,0.25,0.25,8.437499999999988,1.0397207705399178,0.1555751886481799,0.006184150457575005,tail
378,0.25,0.5,0.25,8.362499999999986,1.0397207705399178,0.15785557442951562,0.0022803857813357142,tail
379,0.75,0.0,0.25,8.418749999999987,0.5623351444188083,0.15835944960051448,0.0005038751709988687,tail
380,0.25,0.25,0.5,8.474999999999987,1.0397207705399178,0.15886337951426863,0.000503929913754142,tail
381,0.5,0.0,0.5,8.493749999999988,0.6931471803599453,0.15916003067536597,0.0002966511610973388,tail
382,0.5,0.25,0.25,8.549999999999986,1.0397207705399178,0.15746554958325215,0.0016944810921138143,tail
383,0.75,0.25,0.0,8.568749999999987,0.5623351444188083,0.15823485835714474,0.0007693087738925852,tail
384,0.25,0.5,0.25,8.624999999999986,1.0397207705399178,0.15708476043781475,0.0011500979193299898,tail
385,0.75,0.0,0.25,8.643749999999986,0.5623351444188083,0.15658089961741856,0.0005038608203961903,tail
386,0.25,0.0,0.75,8.718749999999986,0.5623351444188083,0.1604299399270601,0.0038490403096415327,tail
387,0.25,0.5,0.25,8.737499999999986,1.0397207705399178,0.16021609349432858,0.00021384643273150705,tail
388,0.25,0.25,0.5,8.793749999999987,1.0397207705399178,0.15885687019557396,0.0013592232987546249,tail
389,0.25,0.25,0.5,8.849999999999987,1.0397207705399178,0.1606460386675732,0.0017891684719992529,tail
390,0.25,0.0,0.75,8.868749999999986,0.5623351444188083,0.16093847896142413,0.00029244029385092074,tail
391,0.5,0.25,0.25,8.868749999999986,1.0397207705399178,0.16093847896142413,0.0,tail
392,0.25,0.25,0.5,8.924999999999986,1.0397207705399178,0.16144314175843275,0.0005046627970086148,tail
393,0.5,0.5,0.0,8.943749999999987,0.6931471803599453,0.16442622115970792,0.0029830794012751793,tail
394,0.25,0.0,0.75,9.018749999999986,0.5623351444188083,0.1682836547465653,0.0038574335868573617,tail
395,0.25,0.25,0.5,9.037499999999987,1.0397207705399178,0.17042057478200176,0.0021369200354364737,tail
396,0.25,0.25,0.5,9.056249999999986,1.0397207705399178,0.17340361155408524,0.002983036772083475,tail
397,0.25,0.25,0.5,9.056249999999986,1.0397207705399178,0.17340361155408524,0.0,tail
398,0.5,0.0,0.5,9.131249999999985,0.6931471803599453,0.1705650433933573,0.0028385681607279445,tail
399,0.25,0.0,0.75,9.206249999999986,0.5623351444188083,0.1681164857406252,0.0024485576527320807,tail
400,0.25,0.75,0.0,9.281249999999986,0.5623351444188083,0.16498954091429907,0.003126944826326139,tail
401,0.75,0.0,0.25,9.299999999999986,0.5623351444188083,0.1679785000400185,0.0029889591257194204,tail
402,0.25,0.0,0.75,9.318749999999987,0.5623351444188083,0.1674725775645409,0.0005059224754775937,tail
403,0.75,0.25,0.0,9.374999999999986,0.5623351444188083,0.16619892829787186,0.0012736492666690358,tail
404,0.25,0.0,0.75,9.393749999999986,0.5623351444188083,0.16690316033723152,0.0007042320393596535,tail
405,0.5,0.25,0.25,9.337499999999988,1.0397207705399178,0.16995110229162672,0.0030479419543952,tail
406,0.5,0.25,0.25,9.393749999999986,1.0397207705399178,0.1682503817892319,0.001700720502394809,tail
407,0.25,0.5,0.25,9.449999999999987,1.0397207705399178,0.17004304627595224,0.00179266448672033,tail
408,0.5,0.5,0.0,9.374999999999988,0.6931471803599453,0.17322035205074324,0.0031773057747910005,tail
409,0.5,0.25,0.25,9.431249999999986,1.0397207705399178,0.1737251730863693,0.0005048210356260741,tail
410,0.25,0.5,0.25,9.449999999999987,1.0397207705399178,0.17402061759234821,0.0002954445059789035,tail
411,0.25,0.25,0.5,9.393749999999985,1.0397207705399178,0.1752835834738004,0.0012629658814521938,tail
412,0.75,0.25,0.0,9.449999999999987,0.5623351444188083,0.17677827245910221,0.0014946889853018064,tail
413,0.0,0.0,1.0,9.506249999999987,-1.000000082690371e-10,0.1771863141026734,0.0004080416435711942,tail
414,0.5,0.25,0.25,9.562499999999986,1.0397207705399178,0.17604036213848584,0.0011459519641875693,tail
415,0.75,0.25,0.0,9.618749999999986,0.5623351444188083,0.17467058341545638,0.0013697787230294578,tail
416,0.25,0.25,0.5,9.693749999999987,1.0397207705399178,0.1715482404137804,0.0031223430016759923,tail
417,0.5,0.25,0.25,9.749999999999988,1.0397207705399178,0.1733387943899569,0.001790553976176501,tail
418,0.25,0.25,0.5,9.768749999999986,1.0397207705399178,0.173632300500524,0.00029350611056710996,tail
419,0.5,0.25,0.25,9.693749999999987,1.0397207705399178,0.1759663687925967,0.002334068292072694,tail
420,0.25,0.25,0.5,9.749999999999988,1.0397207705399178,0.17457598450932132,0.00139038428327537,tail
421,0.25,0.25,0.5,9.824999999999989,1.0397207705399178,0.17204622701155803,0.0025297574977632964,tail
422,0.5,0.25,0.25,9.843749999999986,1.0397207705399178,0.17183936407945985,0.00020686293209817852,tail
423,0.25,0.5,0.25,9.918749999999987,1.0397207705399178,0.16905228994814753,0.0027870741313123226,tail
424,0.5,0.25,0.25,9.993749999999986,1.0397207705399178,0.16592543391727624,0.003126856030871289,tail
425,0.5,0.0,0.5,10.049999999999988,0.6931471803599453,0.16464389160240064,0.0012815423148755944,tail
426,0.25,0.25,0.5,10.068749999999987,1.0397207705399178,0.16444700547685157,0.00019688612554907836,tail
427,0.25,0.25,0.5,10.124999999999988,1.0397207705399178,0.16336887209429357,0.0010781333825579942,tail
428,0.25,0.25,0.5,10.181249999999988,1.0397207705399178,0.1651627279383211,0.0017938558440275254,tail
429,0.0,0.5,0.5,10.199999999999987,0.6931471803599453,0.16496868948804808,0.0001940384502730208,tail
430,0.25,0.0,0.75,10.256249999999987,0.5623351444188083,0.16547472676721944,0.0005060372791713674,tail
431,0.0,0.5,0.5,10.256249999999987,0.6931471803599453,0.16547472676721944,0.0,tail
432,0.5,0.25,0.25,10.312499999999986,1.0397207705399178,0.16377275946368108,0.0017019673035383598,tail
433,0.25,0.25,0.5,10.368749999999988,1.0397207705399178,0.1625481157696042,0.0012246436940768768,tail
434,0.25,0.25,0.5,10.293749999999987,1.0397207705399178,0.1646628353072385,0.0021147195376342853,tail
435,0.5,0.25,0.25,10.368749999999988,1.0397207705399178,0.16233019982820768,0.0023326354790308146,tail
436,0.25,0.75,0.0,10.424999999999988,0.5623351444188083,0.16112141833912863,0.0012087814890790471,tail
437,0.5,0.25,0.25,10.368749999999986,1.0397207705399178,0.16222158157165084,0.001100163232522211,tail
438,0.0,0.0,1.0,10.387499999999987,-1.000000082690371e-10,0.16203204631624066,0.00018953525541018368,tail
439,0.5,0.25,0.25,10.331249999999986,1.0397207705399178,0.16315202910026813,0.0011199827840274734,tail
440,0.0,0.0,1.0,10.387499999999987,-1.000000082690371e-10,0.16001967432174094,0.003132354778527191,tail
441,0.5,0.0,0.5,10.462499999999988,0.6931471803599453,0.15689508268466082,0.0031245916370801208,tail
442,0.25,0.5,0.25,10.481249999999989,1.0397207705399178,0.1571624267153443,0.0002673440306834862,tail
443,0.25,0.5,0.25,10.537499999999987,1.0397207705399178,0.15600926188019293,0.0011531648351513768,tail
444,0.25,0.5,0.25,10.612499999999988,1.0397207705399178,0.15394052851859072,0.0020687333616022097,tail
445,0.75,0.0,0.25,10.668749999999989,0.5623351444188083,0.15572733805570532,0.001786809537114603,tail
446,0.0,0.25,0.75,10.668749999999989,0.5623351444188083,0.15572733805570532,0.0,tail
447,0.0,0.5,0.5,10.74374999999999,0.6931471803599453,0.1595781515634335,0.0038508135077281735,tail
448,0.0,0.5,0.5,10.799999999999988,0.6931471803599453,0.16577307250383627,0.006194920940402776,tail
449,0.25,0.5,0.25,10.874999999999988,1.0397207705399178,0.16378628024209652,0.001986792261739756,tail
450,0.25,0.25,0.5,10.893749999999986,1.0397207705399178,0.16676443466005056,0.002978154417954043,tail
451,0.5,0.25,0.25,10.912499999999989,1.0397207705399178,0.16701338013555853,0.00024894547550796675,tail
452,0.25,0.25,0.5,10.968749999999988,1.0397207705399178,0.1675176013709798,0.000504221235421265,tail
453,0.25,0.25,0.5,11.043749999999989,1.0397207705399178,0.16562022183477548,0.0018973795362043078,tail
454,0.0,0.25,0.75,11.062499999999988,0.5623351444188083,0.16546697294753668,0.00015324888723880492,tail
455,0.75,0.0,0.25,11.062499999999988,0.5623351444188083,0.16546697294753668,0.0,tail
456,0.5,0.25,0.25,11.118749999999988,1.0397207705399178,0.16596962120816128,0.0005026482606245997,tail
457,0.5,0.25,0.25,11.137499999999987,1.0397207705399178,0.1658169883999325,0.00015263280822877534,tail
458,0.25,0.25,0.5,11.193749999999989,1.0397207705399178,0.1648539668187272,0.0009630215812053144,tail
459,0.0,0.5,0.5,11.268749999999988,0.6931471803599453,0.163142038790488,0.0017119280282391902,tail
460,0.25,0.5,0.25,11.324999999999987,1.0397207705399178,0.16146252879432327,0.0016795099961647297,tail
461,0.5,0.25,0.25,11.381249999999987,1.0397207705399178,0.16196174572855035,0.0004992169342270814,tail
462,0.75,0.0,0.25,11.456249999999988,0.5623351444188083,0.15979225694641808,0.002169488782132273,tail
463,0.0,0.5,0.5,11.399999999999986,0.6931471803599453,0.1609000967438402,0.0011078397974221277,tail
464,0.5,0.0,0.5,11.456249999999988,0.6931471803599453,0.1587752378054539,0.0021248589383862926,tail
465,0.0,0.0,1.0,11.512499999999989,-1.000000082690371e-10,0.1579550895440442,0.00082014826140972,tail
466,0.0,0.5,0.5,11.568749999999987,0.6931471803599453,0.15844803165789106,0.0004929421138468726,tail
467,0.25,0.5,0.25,11.587499999999988,1.0397207705399178,0.1583340133507242,0.00011401830716686878,tail
468,0.5,0.25,0.25,11.606249999999987,1.0397207705399178,0.15822085379080128,0.00011315955992291515,tail
469,0.5,0.25,0.25,11.624999999999988,1.0397207705399178,0.15842514216235998,0.0002042883715586974,tail
470,0.25,0.5,0.25,11.643749999999986,1.0397207705399178,0.15863023999797643,0.00020509783561645234,tail
471,0.5,0.25,0.25,11.587499999999986,1.0397207705399178,0.15931442518868077,0.000684185190704345,tail
472,0.0,0.75,0.25,11.606249999999985,0.5623351444188083,0.15952491230914462,0.00021048712046384255,tail
473,0.25,0.25,0.5,11.624999999999986,1.0397207705399178,0.1594052603525394,0.00011965195660521011,tail
474,0.5,0.0,0.5,11.549999999999986,0.6931471803599453,0.1617323316893546,0.0023270713368152007,tail
475,0.25,0.0,0.75,11.549999999999986,0.5623351444188083,0.1617323316893546,0.0,tail
476,0.5,0.25,0.25,11.606249999999985,1.0397207705399178,0.1622285994775808,0.0004962677882262012,tail
477,0.75,0.25,0.0,11.662499999999987,0.5623351444188083,0.16055973878784224,0.001668860689738566,tail
478,0.25,0.5,0.25,11.718749999999984,1.0397207705399178,0.15889204760169942,0.0016676911861428223,tail
479,0.25,0.75,0.0,11.793749999999985,0.5623351444188083,0.15681525128665155,0.0020767963150478685,tail
480,0.5,0.5,0.0,11.812499999999984,0.6931471803599453,0.1583658973253168,0.0015506460386652543,tail
481,0.75,0.0,0.25,11.868749999999984,0.5623351444188083,0.15753972735380367,0.0008261699715131354,tail
482,0.25,0.5,0.25,11.887499999999985,1.0397207705399178,0.157418836690454,0.00012089066334966536,tail
483,0.25,0.0,0.75,11.943749999999984,0.5623351444188083,0.15648832094720594,0.0009305157432480671,tail
484,0.5,0.5,0.0,11.999999999999984,0.6931471803599453,0.15569082370200488,0.000797497245201062,tail
485,0.5,0.25,0.25,12.056249999999984,1.0397207705399178,0.15618235302776906,0.000491529325764184,tail
486,0.0,1.0,0.0,12.131249999999985,-1.000000082690371e-10,0.15491181956886882,0.0012705334589002415,tail
487,0.5,0.25,0.25,12.149999999999986,1.0397207705399178,0.15510530555726204,0.00019348598839322162,tail
488,0.25,0.0,0.75,12.206249999999985,0.5623351444188083,0.1543637394956135,0.0007415660616485464,tail
489,0.25,0.75,0.0,12.262499999999985,0.5623351444188083,0.15375150565902201,0.0006122338365914803,tail
490,0.5,0.25,0.25,12.281249999999984,1.0397207705399178,0.1539370753833134,0.00018556972429137342,tail
491,0.5,0.25,0.25,12.337499999999986,1.0397207705399178,0.15322618656458792,0.0007108888187254692,tail
492,0.5,0.5,0.0,12.356249999999985,0.6931471803599453,0.15608957044474547,0.002863383880157555,tail
493,0.75,0.25,0.0,12.281249999999986,0.5623351444188083,0.1571411151146062,0.0010515446698607378,tail
494,0.25,0.0,0.75,12.299999999999986,0.5623351444188083,0.15665241126619578,0.0004887038484104322,tail
495,0.25,0.0,0.75,12.356249999999985,0.5623351444188083,0.155805597266351,0.0008468139998447921,tail
496,0.25,0.25,0.5,12.281249999999984,1.0397207705399178,0.15691833660865703,0.001112739342306046,tail
497,0.25,0.5,0.25,12.337499999999984,1.0397207705399178,0.15615979135355487,0.000758545255102161,tail
498,0.25,0.75,0.0,12.356249999999987,0.5623351444188083,0.1563552500936522,0.00019545874009732622,tail
499,0.0,0.25,0.75,12.412499999999985,0.5623351444188083,0.15569892028590046,0.0006563298077517377,tail
500,0.0,0.5,0.5,12.337499999999986,0.6931471803599453,0.156828613026481,0.001129692740580529,tail
501,0.5,0.0,0.5,12.393749999999985,0.6931471803599453,0.1560653516891809,0.0007632613373000918,tail
502,0.25,0.25,0.5,12.468749999999986,1.0397207705399178,0.1548612043391807,0.0012041473500001842,tail
503,0.5,0.25,0.25,12.412499999999984,1.0397207705399178,0.15638635990309158,0.0015251555639108627,tail
504,0.0,0.0,1.0,12.431249999999986,-1.000000082690371e-10,0.15627847782743431,0.00010788207565726182,tail
505,0.5,0.25,0.25,12.487499999999986,1.0397207705399178,0.15552140814408116,0.000757069683353151,tail
506,0.0,0.75,0.25,12.543749999999985,0.5623351444188083,0.1560119105204251,0.000490502376343932,tail
507,0.25,0.0,0.75,12.562499999999988,0.5623351444188083,0.1574541024355677,0.00144219191514261,tail
508,0.25,0.25,0.5,12.487499999999986,1.0397207705399178,0.15968404224684973,0.002229939811282028,tail
509,0.25,0.25,0.5,12.543749999999985,1.0397207705399178,0.15781266657431203,0.0018713756725377007,tail
510,0.5,0.25,0.25,12.562499999999988,1.0397207705399178,0.15926593243697404,0.0014532658626620065,tail
511,0.25,0.0,0.75,12.581249999999986,0.5623351444188083,0.159468786751352,0.0002028543143779704,tail
512,0.75,0.25,0.0,12.656249999999988,0.5623351444188083,0.1575328630571511,0.0019359236942008973,tail
513,0.5,0.0,0.5,12.712499999999988,0.6931471803599453,0.15682939342945088,0.0007034696277002372,tail
514,0.25,0.0,0.75,12.787499999999987,0.5623351444188083,0.1550294335839918,0.0017999598454590815,tail
515,0.0,0.25,0.75,12.843749999999986,0.5623351444188083,0.15447484871725875,0.0005545848667330433,tail
516,0.25,0.5,0.25,12.899999999999988,1.0397207705399178,0.1539582319415452,0.0005166167757135465,tail
517,0.25,0.5,0.25,12.956249999999986,1.0397207705399178,0.15565917125748222,0.0017009393159370112,tail
518,0.0,0.5,0.5,13.012499999999987,0.6931471803599453,0.15404539523467348,0.0016137760228087383,tail
519,0.75,0.0,0.25,13.031249999999988,0.5623351444188083,0.15356608440451935,0.0004793108301541227,tail
520,0.25,0.25,0.5,13.031249999999988,1.0397207705399178,0.15356608440451935,0.0,tail
521,0.25,0.5,0.25,13.049999999999986,1.0397207705399178,0.15373612809793,0.00017004369341064307,tail
522,0.75,0.25,0.0,13.106249999999987,0.5623351444188083,0.15308532862949714,0.0006507994684328555,tail
523,0.25,0.25,0.5,13.162499999999985,1.0397207705399178,0.1514780572090212,0.001607271420475953,tail
524,0.25,0.0,0.75,13.218749999999988,0.5623351444188083,0.15098978436160387,0.0004882728474173148,tail
525,0.0,0.25,0.75,13.274999999999986,0.5623351444188083,0.15058265430623238,0.0004071300553714907,tail
526,0.5,0.25,0.25,13.218749999999986,1.0397207705399178,0.15095198909150995,0.00036933478527756414,tail
527,0.25,0.5,0.25,13.162499999999985,1.0397207705399178,0.15388872221051747,0.002936733119007523,tail
528,0.25,0.0,0.75,13.181249999999984,0.5623351444188083,0.1551893896522663,0.0013006674417488373,tail
529,0.0,0.0,1.0,13.237499999999986,-1.000000082690371e-10,0.15439312218485413,0.0007962674674121817,tail
530,0.25,0.75,0.0,13.256249999999985,0.5623351444188083,0.1539120094192885,0.00048111276556561666,tail
531,0.0,0.25,0.75,13.256249999999985,0.5623351444188083,0.1539120094192885,0.0,tail
532,0.0,0.5,0.5,13.312499999999986,0.6931471803599453,0.15323404554811296,0.000677963871175552,tail
533,0.25,0.0,0.75,13.331249999999986,0.5623351444188083,0.15607270375190305,0.00283865820379009,tail
534,0.0,0.25,0.75,13.349999999999987,0.5623351444188083,0.15559181356011362,0.00048089019178942927,tail
535,0.75,0.25,0.0,13.424999999999986,0.5623351444188083,0.15926905067237027,0.0036772371122566483,tail
536,0.25,0.25,0.5,13.481249999999989,1.0397207705399178,0.15873986104921695,0.00052918962315332,tail
537,0.5,0.0,0.5,13.537499999999989,0.6931471803599453,0.15921978912684034,0.0004799280776233983,tail
538,0.5,0.25,0.25,13.537499999999989,1.0397207705399178,0.15921978912684034,0.0,tail
539,0.5,0.0,0.5,13.61249999999999,0.6931471803599453,0.15832662792818286,0.0008931611986574828,tail
540,0.25,0.5,0.25,13.668749999999989,1.0397207705399178,0.16001265595813188,0.0016860280299490216,tail
541,0.25,0.25,0.5,13.724999999999989,1.0397207705399178,0.16048871839859666,0.0004760624404647751,tail
542,0.25,0.25,0.5,13.724999999999989,1.0397207705399178,0.16048871839859666,0.0,tail
543,0.75,0.25,0.0,13.668749999999989,0.5623351444188083,0.16350787590702331,0.0030191575084266564,tail
544,0.25,0.5,0.25,13.687499999999988,1.0397207705399178,0.16302622151209692,0.00048165439492639517,tail
545,0.0,0.0,1.0,13.612499999999986,-1.000000082690371e-10,0.1650199208092878,0.0019936992971908707,tail
546,0.5,0.5,0.0,13.668749999999987,0.6931471803599453,0.1667388757870716,0.001718954977783821,tail
547,0.5,0.5,0.0,13.724999999999989,0.6931471803599453,0.16601581726689324,0.0007230585201783712,tail
548,0.25,0.5,0.25,13.724999999999989,1.0397207705399178,0.16601581726689324,0.0,tail
549,0.25,0.25,0.5,13.781249999999986,1.0397207705399178,0.16544115892558645,0.000574658341306794,tail
550,0.25,0.25,0.5,13.799999999999986,1.0397207705399178,0.165622326273139,0.00018116734755255215,tail
551,0.0,0.5,0.5,13.874999999999988,0.6931471803599453,0.16930975094565284,0.003687424672513845,tail
552,0.75,0.0,0.25,13.93124999999999,0.5623351444188083,0.16979337610936557,0.00048362516371272535,tail
553,0.5,0.0,0.5,13.93124999999999,0.6931471803599453,0.16979337610936557,0.0,tail
554,0.5,0.0,0.5,13.949999999999989,0.6931471803599453,0.16997769785962213,0.00018432175025656639,tail
555,0.5,0.25,0.25,14.006249999999987,1.0397207705399178,0.17046175263007443,0.00048405477045229683,tail
556,0.5,0.25,0.25,14.06249999999999,1.0397207705399178,0.1688342342047092,0.0016275184253652375,tail
557,0.5,0.25,0.25,14.118749999999988,1.0397207705399178,0.16720864214968761,0.0016255920550215797,tail
558,0.25,0.0,0.75,14.137499999999987,0.5623351444188083,0.16739225261749896,0.00018361046781134593,tail
559,0.5,0.0,0.5,14.156249999999988,0.6931471803599453,0.17025086448213825,0.0028586118646392877,tail
560,0.5,0.0,0.5,14.099999999999989,0.6931471803599453,0.1711886137078898,0.0009377492257515441,tail
561,0.0,0.5,0.5,14.118749999999988,0.6931471803599453,0.17109315539558081,9.545831230897694e-05,tail
562,0.5,0.5,0.0,14.137499999999987,0.6931471803599453,0.17099851439781336,9.464099776745893e-05,tail
563,0.5,0.0,0.5,14.062499999999986,0.6931471803599453,0.1730854595782941,0.002086945180480748,tail
564,0.0,0.25,0.75,14.081249999999988,0.5623351444188083,0.17596814172816017,0.0028826821498660615,tail
565,0.5,0.25,0.25,14.081249999999988,1.0397207705399178,0.17596814172816017,0.0,tail
566,0.25,0.5,0.25,14.099999999999987,1.0397207705399178,0.1788556265894522,0.0028874848612920334,tail
567,0.75,0.0,0.25,14.156249999999988,0.5623351444188083,0.1772114062496528,0.0016442203397994126,tail
568,0.75,0.0,0.25,14.17499999999999,0.5623351444188083,0.18010088858742127,0.0028894823377684786,tail
569,0.25,0.5,0.25,14.231249999999989,1.0397207705399178,0.1794324714309687,0.0006684171564525776,tail
570,0.25,0.0,0.75,14.287499999999989,0.5623351444188083,0.17857697171839987,0.0008554997125688191,tail
571,0.5,0.25,0.25,14.34374999999999,1.0397207705399178,0.17790806304559698,0.0006689086728028926,tail
572,0.25,0.5,0.25,14.399999999999986,1.0397207705399178,0.17627923769317758,0.0016288253524193996,tail
573,0.75,0.25,0.0,14.324999999999985,0.5623351444188083,0.17732211118806143,0.0010428734948838558,tail
574,0.25,0.0,0.75,14.381249999999987,0.5623351444188083,0.17658100212862432,0.0007411090594371117,tail
575,0.25,0.25,0.5,14.437499999999986,1.0397207705399178,0.1759705919581334,0.0006104101704909326,tail
576,0.5,0.0,0.5,14.456249999999986,0.6931471803599453,0.1773453501419937,0.0013747581838603196,tail
577,0.25,0.25,0.5,14.512499999999987,1.0397207705399178,0.1744056600406786,0.0029396901013151178,tail
578,0.25,0.0,0.75,14.531249999999986,0.5623351444188083,0.1757322060326883,0.001326545992009709,tail
579,0.25,0.25,0.5,14.587499999999986,1.0397207705399178,0.1774495547597911,0.001717348727102802,tail
580,0.5,0.25,0.25,14.662499999999987,1.0397207705399178,0.1756811071121471,0.0017684476476440003,tail
581,0.75,0.0,0.25,14.662499999999987,0.5623351444188083,0.1756811071121471,0.0,tail
582,0.5,0.0,0.5,14.662499999999987,0.6931471803599453,0.1756811071121471,0.0,tail
583,0.75,0.0,0.25,14.718749999999986,0.5623351444188083,0.17514976271749944,0.0005313443946476648,tail
584,0.75,0.0,0.25,14.774999999999988,0.5623351444188083,0.1744871569816941,0.0006626057358053439,tail
585,0.5,0.0,0.5,14.849999999999987,0.6931471803599453,0.17153103623261234,0.0029561207490817476,tail
586,0.5,0.5,0.0,14.924999999999986,0.6931471803599453,0.1706941868348603,0.0008368493977520541,tail
587,0.5,0.25,0.25,14.943749999999987,1.0397207705399178,0.17062993534182974,6.425149303054822e-05,tail
588,0.25,0.75,0.0,15.018749999999988,0.5623351444188083,0.17424446181512693,0.003614526473297186,tail
589,0.0,0.5,0.5,15.037499999999987,0.6931471803599453,0.17543550630587967,0.0011910444907527462,tail
590,0.25,0.5,0.25,15.056249999999988,1.0397207705399178,0.17495909991724284,0.0004764063886368297,tail
591,0.5,0.25,0.25,15.11249999999999,1.0397207705399178,0.17543550630587967,0.0004764063886368297,tail
592,0.25,0.25,0.5,15.187499999999991,1.0397207705399178,0.17908007848805113,0.003644572182171457,tail
593,0.25,0.0,0.75,15.20624999999999,0.5623351444188083,0.17900505551255136,7.502297549977222e-05,tail
594,0.25,0.25,0.5,15.262499999999992,1.0397207705399178,0.17787036071125759,0.001134694801293773,tail
595,0.5,0.25,0.25,15.28124999999999,1.0397207705399178,0.1806590710076024,0.0027887102963448096,tail
596,0.25,0.5,0.25,15.35624999999999,1.0397207705399178,0.17995568495839098,0.000703386049211413,tail
597,0.75,0.0,0.25,15.41249999999999,0.5623351444188083,0.18042355537276114,0.0004678704143701584,tail
598,0.5,0.25,0.25,15.337499999999991,1.0397207705399178,0.18105933642828598,0.0006357810555248367,tail
599,0.5,0.25,0.25,15.281249999999993,1.0397207705399178,0.1818519421168357,0.000792605688549719,tail
600,0.25,0.25,0.5,15.224999999999993,1.0397207705399178,0.18479306438211934,0.0029411222652836466,tail
601,0.5,0.5,0.0,15.243749999999991,0.6931471803599453,0.18762744439257523,0.0028343800104558836,tail
602,0.25,0.5,0.25,15.299999999999992,1.0397207705399178,0.1893309502430998,0.0017035058505245615,tail
603,0.25,0.0,0.75,15.356249999999992,0.5623351444188083,0.18881339949484988,0.000517550748249912,tail
604,0.5,0.25,0.25,15.41249999999999,1.0397207705399178,0.18805876862634524,0.0007546308685046355,tail
605,0.5,0.25,0.25,15.431249999999991,1.0397207705399178,0.18833108962780948,0.00027232100146423743,tail
606,0.0,0.5,0.5,15.487499999999994,0.6931471803599453,0.1871406096118619,0.0011904800159475704,tail
607,0.25,0.5,0.25,15.54374999999999,1.0397207705399178,0.1867400234945523,0.0004005861173096148,tail
608,0.5,0.0,0.5,15.599999999999993,0.6931471803599453,0.18721044801706468,0.00047042452251239153,tail
609,0.0,0.25,0.75,15.674999999999992,0.5623351444188083,0.18430595715219045,0.0029044908648742374,tail
610,0.0,0.5,0.5,15.749999999999993,0.6931471803599453,0.1878950941268503,0.0035891369746598456,tail
611,0.25,0.25,0.5,15.806249999999993,1.0397207705399178,0.18721576004737323,0.0006793340794770675,tail
612,0.5,0.5,0.0,15.824999999999992,0.6931471803599453,0.1871586902332486,5.7069814124621754e-05,tail
613,0.25,0.25,0.5,15.899999999999993,1.0397207705399178,0.1865347515201181,0.0006239387131305174,tail
614,0.5,0.25,0.25,15.956249999999994,1.0397207705399178,0.18699900336783945,0.0004642518477213642,tail
615,0.5,0.25,0.25,15.88124999999999,1.0397207705399178,0.18858980468072262,0.0015908013128831666,tail
616,0.5,0.25,0.25,15.937499999999991,1.0397207705399178,0.18821761652843794,0.0003721881522846804,tail
617,0.25,0.25,0.5,15.881249999999993,1.0397207705399178,0.1885264465355141,0.00030883000707615516,tail
618,0.5,0.25,0.25,15.937499999999991,1.0397207705399178,0.18795391619986548,0.0005725303356486078,tail
619,0.0,0.5,0.5,15.993749999999993,0.6931471803599453,0.18760824172712542,0.0003456744727400596,tail
620,0.5,0.5,0.0,15.937499999999991,0.6931471803599453,0.18789487118479287,0.0002866294576674422,tail
621,0.25,0.25,0.5,15.956249999999994,1.0397207705399178,0.18897988439145325,0.001085013206660379,tail
622,0.0,0.75,0.25,16.031249999999993,0.5623351444188083,0.18754250667716132,0.0014373777142919208,tail
623,0.5,0.25,0.25,15.974999999999993,1.0397207705399178,0.18784515226916595,0.00030264559200463004,tail
624,0.5,0.25,0.25,16.03124999999999,1.0397207705399178,0.1862741747837193,0.0015709774854466563,tail
625,0.0,0.75,0.25,16.106249999999992,0.5623351444188083,0.18488041958926227,0.0013937551944570303,tail
626,0.75,0.0,0.25,16.04999999999999,0.5623351444188083,0.18558829646763783,0.0007078768783755629,tail
627,0.75,0.0,0.25,16.124999999999993,0.5623351444188083,0.1827187571795497,0.002869539288088141,tail
628,0.75,0.0,0.25,16.18124999999999,0.5623351444188083,0.1824371835977685,0.00028157358178118597,tail
629,0.25,0.25,0.5,16.199999999999992,1.0397207705399178,0.18197674674292125,0.00046043685484725705,tail
630,0.0,0.5,0.5,16.21874999999999,0.6931471803599453,0.18211307540847632,0.0001363286655550744,tail
631,0.75,0.0,0.25,16.27499999999999,0.5623351444188083,0.18257390065338766,0.00046082524491133925,tail
632,0.5,0.5,0.0,16.29374999999999,0.6931471803599453,0.18530249207808264,0.002728591424694976,tail
633,0.5,0.25,0.25,16.34999999999999,1.0397207705399178,0.18694407258860632,0.0016415805105236825,tail
634,0.0,0.25,0.75,16.36874999999999,0.5623351444188083,0.1870851612829752,0.00014108869436887939,tail
635,0.5,0.25,0.25,16.42499999999999,1.0397207705399178,0.18654539968553188,0.0005397615974433168,tail
636,0.0,0.5,0.5,16.36874999999999,0.6931471803599453,0.1872922296457935,0.0007468299602616246,tail
637,0.5,0.25,0.25,16.42499999999999,1.0397207705399178,0.18776094009604963,0.00046871045025612124,tail
638,0.25,0.25,0.5,16.443749999999994,1.0397207705399178,0.1879114238324464,0.0001504837363967837,tail
639,0.0,0.5,0.5,16.499999999999993,0.6931471803599453,0.18957621976372335,0.0016647959312769411,tail
640,0.25,0.25,0.5,16.518749999999994,1.0397207705399178,0.1907044845202318,0.001128264756508457,tail
641,0.25,0.0,0.75,16.574999999999992,0.5623351444188083,0.19001381026965883,0.0006906742505729813,tail
642,0.25,0.25,0.5,16.593749999999993,1.0397207705399178,0.19016845451032494,0.0001546442406661075,tail
643,0.25,0.5,0.25,16.649999999999995,1.0397207705399178,0.18976013986135437,0.0004083146489705647,tail
644,0.5,0.5,0.0,16.574999999999992,0.6931471803599453,0.19143277922095728,0.0016726393596029066,tail
645,0.5,0.0,0.5,16.593749999999993,0.6931471803599453,0.19136955297632416,6.322624463311888e-05,tail
646,0.25,0.0,0.75,16.668749999999992,0.5623351444188083,0.19497713249210624,0.0036075795157820834,tail
647,0.0,0.5,0.5,16.724999999999994,0.6931471803599453,0.1945360587991041,0.00044107369300214194,tail
648,0.25,0.0,0.75,16.743749999999995,0.5623351444188083,0.19732085328435392,0.0027847944852498197,tail
649,0.25,0.5,0.25,16.799999999999994,1.0397207705399178,0.19573477703635797,0.001586076247995949,tail
650,0.25,0.25,0.5,16.818749999999994,1.0397207705399178,0.19589075204750098,0.00015597501114300583,tail
651,0.5,0.25,0.25,16.74374999999999,1.0397207705399178,0.19660790157630728,0.0007171495288063046,tail
652,0.5,0.5,0.0,16.799999999999994,0.6931471803599453,0.19708330902979065,0.000475407453483373,tail
653,0.25,0.0,0.75,16.799999999999994,0.5623351444188083,0.19708330902979065,0.0,tail
654,0.5,0.25,0.25,16.874999999999993,1.0397207705399178,0.1955219886010273,0.001561320428763363,tail
655,0.5,0.25,0.25,16.93124999999999,1.0397207705399178,0.19509533747922647,0.00042665112180081954,tail
656,0.75,0.0,0.25,16.856249999999992,0.5623351444188083,0.19577260785460324,0.000677270375376765,tail
657,0.5,0.25,0.25,16.93124999999999,1.0397207705399178,0.1993979813288284,0.003625373474225174,tail
658,0.75,0.0,0.25,16.98749999999999,0.5623351444188083,0.198969165649752,0.0004288156790764053,tail
659,0.5,0.0,0.5,17.043749999999992,0.6931471803599453,0.2006482580538009,0.0016790924040488986,tail
660,0.0,0.25,0.75,17.062499999999993,0.5623351444188083,0.20182332167537476,0.001175063621573852,tail
661,0.5,0.5,0.0,17.081249999999994,0.6931471803599453,0.20175308156496136,7.024011041339984e-05,tail
662,0.25,0.25,0.5,17.099999999999994,1.0397207705399178,0.20168355513747185,6.952642748950244e-05,tail
663,0.25,0.5,0.25,17.11874999999999,1.0397207705399178,0.20161474313124253,6.881200622932404e-05,tail
664,0.25,0.25,0.5,17.174999999999994,1.0397207705399178,0.20208983017499624,0.000475087043753708,tail
665,0.25,0.25,0.5,17.231249999999996,1.0397207705399178,0.20162581745597918,0.000464012719017054,tail
666,0.25,0.5,0.25,17.156249999999993,1.0397207705399178,0.20236046067562416,0.0007346432196449759,tail
667,0.25,0.25,0.5,17.174999999999994,1.0397207705399178,0.20228928064670237,7.118002892178565e-05,tail
668,0.25,0.25,0.5,17.231249999999996,1.0397207705399178,0.20181097345804122,0.0004783071886611534,tail
669,0.5,0.25,0.25,17.156249999999993,1.0397207705399178,0.2025677439753238,0.0007567705172825678,tail
670,0.5,0.25,0.25,17.156249999999993,1.0397207705399178,0.2025677439753238,0.0,tail
671,0.0,0.25,0.75,17.231249999999996,0.5623351444188083,0.20621810004880403,0.003650356073480243,tail
672,0.5,0.0,0.5,17.287499999999994,0.6931471803599453,0.20460900817714425,0.001609091871659779,tail
673,0.5,0.25,0.25,17.306249999999995,1.0397207705399178,0.2045344366645049,7.457151263934314e-05,tail
674,0.0,0.75,0.25,17.362499999999994,0.5623351444188083,0.20389496448103953,0.0006394721834653838,tail
675,0.5,0.25,0.25,17.418749999999992,1.0397207705399178,0.20437180586754583,0.0004768413865063048,tail
676,0.75,0.0,0.25,17.362499999999997,0.5623351444188083,0.20520406853676715,0.0008322626692213175,tail
677,0.5,0.25,0.25,17.381249999999994,1.0397207705399178,0.2051291209041719,7.494763259524584e-05,tail
678,0.25,0.5,0.25,17.399999999999995,1.0397207705399178,0.20636792213982494,0.0012388012356530365,tail
679,0.25,0.5,0.25,17.474999999999994,1.0397207705399178,0.21003624649917385,0.0036683243593489123,tail
680,0.25,0.25,0.5,17.531249999999996,1.0397207705399178,0.20876644510424325,0.001269801394930603,tail
681,0.25,0.25,0.5,17.587499999999995,1.0397207705399178,0.209242384146872,0.0004759390426287424,tail
682,0.5,0.25,0.25,17.662499999999998,1.0397207705399178,0.2128824148333692,0.0036400306864972087,tail
683,0.5,0.0,0.5,17.606249999999996,0.6931471803599453,0.21589735100433532,0.003014936170966126,tail
684,0.25,0.25,0.5,17.624999999999996,1.0397207705399178,0.2160749792741881,0.00017762826985276425,tail
685,0.5,0.0,0.5,17.549999999999994,0.6931471803599453,0.2180444299234035,0.001969450649215415,tail
686,0.25,0.25,0.5,17.568749999999994,1.0397207705399178,0.21922257163037523,0.0011781417069717248,tail
687,0.25,0.25,0.5,17.624999999999996,1.0397207705399178,0.2183910990195531,0.0008314726108221426,tail
688,0.5,0.5,0.0,17.624999999999996,0.6931471803599453,0.2183910990195531,0.0,tail
689,0.75,0.0,0.25,17.681249999999995,0.5623351444188083,0.21775757230625156,0.0006335267133015243,tail
690,0.25,0.0,0.75,17.699999999999996,0.5623351444188083,0.21807685068728974,0.0003192783810381794,tail
691,0.5,0.25,0.25,17.756249999999994,1.0397207705399178,0.21856049802863264,0.0004836473413429021,tail
692,0.5,0.25,0.25,17.831249999999997,1.0397207705399178,0.2155728083739356,0.0029876896546970344,tail
693,0.5,0.0,0.5,17.906249999999996,0.6931471803599453,0.2192642185021953,0.0036914101282596867,tail
694,0.0,0.25,0.75,17.9625,0.5623351444188083,0.22090323160866532,0.001639013106470022,tail
695,0.5,0.25,0.25,18.018749999999997,1.0397207705399178,0.22131027676817716,0.00040704515951184295,tail
696,0.25,0.5,0.25,18.037499999999998,1.0397207705399178,0.22144698812836414,0.00013671136018697516,tail
697,0.5,0.0,0.5,17.9625,0.6931471803599453,0.22296886727376555,0.0015218791454014169,tail
698,0.25,0.25,0.5,18.018749999999997,1.0397207705399178,0.22442173641014826,0.0014528691363827062,tail
699,0.25,0.5,0.25,18.037499999999998,1.0397207705399178,0.22432342787380805,9.830853634021364e-05,tail
700,0.75,0.0,0.25,18.093749999999996,0.5623351444188083,0.22277279833062394,0.0015506295431841066,tail
701,0.5,0.25,0.25,18.112499999999997,1.0397207705399178,0.22268560461179768,8.71937188262617e-05,tail
702,0.0,0.5,0.5,18.168749999999996,0.6931471803599453,0.22857920986622612,0.005893605254428447,tail
703,0.5,0.0,0.5,18.187499999999996,0.6931471803599453,0.22871578726940273,0.00013657740317660205,tail
704,0.5,0.25,0.25,18.24375,1.0397207705399178,0.22790501721232795,0.0008107700570747778,tail
705,0.5,0.5,0.0,18.187499999999996,0.6931471803599453,0.23056330074801207,0.0026582835356841195,tail
706,0.25,0.0,0.75,18.187499999999996,0.5623351444188083,0.23056330074801207,0.0,tail
707,0.25,0.5,0.25,18.262499999999996,1.0397207705399178,0.22756614925278787,0.0029971514952241984,tail
708,0.5,0.25,0.25,18.28125,1.0397207705399178,0.23043097723051045,0.002864827977722584,tail
709,0.5,0.0,0.5,18.3375,0.6931471803599453,0.2296971982882378,0.0007337789422726393,tail
710,0.75,0.0,0.25,18.262499999999996,0.5623351444188083,0.23147416757062272,0.0017769692823849104,tail
711,0.5,0.0,0.5,18.318749999999998,0.6931471803599453,0.23188651957551576,0.00041235200489303514,tail
712,0.5,0.0,0.5,18.393749999999997,0.6931471803599453,0.2307234959260972,0.0011630236494185597,tail
713,0.75,0.25,0.0,18.449999999999996,0.5623351444188083,0.2290983809430892,0.0016251149830079914,tail
714,0.0,0.5,0.5,18.468749999999996,0.6931471803599453,0.22900620608926464,9.217485382456703e-05,tail
715,0.25,0.0,0.75,18.487499999999997,0.5623351444188083,0.22891464445751006,9.15616317545831e-05,tail
716,0.0,0.25,0.75,18.562499999999996,0.5623351444188083,0.22786400032026846,0.0010506441372415964,tail
717,0.5,0.25,0.25,18.61875,1.0397207705399178,0.22655022241206607,0.0013137779082023904,tail
718,0.75,0.25,0.0,18.6375,0.5623351444188083,0.22681617974704052,0.0002659573349744482,tail
719,0.75,0.0,0.25,18.7125,0.5623351444188083,0.22595464350887373,0.0008615362381667879,tail
720,0.25,0.5,0.25,18.76875,1.0397207705399178,0.2254944679170391,0.00046017559183464396,tail
721,0.25,0.5,0.25,18.825,1.0397207705399178,0.2239141707790838,0.0015802971379552944,tail
722,0.5,0.25,0.25,18.75,1.0397207705399178,0.22463010796806313,0.000715937188979332,tail
723,0.25,0.5,0.25,18.80625,1.0397207705399178,0.22510304779755388,0.0004729398294907594,tail
724,1.0,0.0,0.0,18.825,-1.000000082690371e-10,0.22535617237694774,0.0002531245793938597,tail
725,0.5,0.0,0.5,18.84375,0.6931471803599453,0.2281604719308784,0.0028042995539306614,tail
726,0.5,0.25,0.25,18.918750000000003,1.0397207705399178,0.22653949300552553,0.0016209789253528728,tail
727,0.25,0.25,0.5,18.975,1.0397207705399178,0.2259123554340456,0.0006271375714799465,tail
728,0.5,0.25,0.25,19.05,1.0397207705399178,0.22951992918461664,0.0036075737505710526,tail
729,0.25,0.0,0.75,19.125,0.5623351444188083,0.2265987305033375,0.00292119868127913,tail
730,0.5,0.5,0.0,19.05,0.6931471803599453,0.2273523550844588,0.0007536245811212983,tail
731,0.0,0.5,0.5,19.06875,0.6931471803599453,0.22687720179868504,0.0004751532857737717,tail
732,0.0,0.0,1.0,19.125,-1.000000082690371e-10,0.2257532350632047,0.0011239667354803473,tail
733,0.75,0.0,0.25,19.18125,0.5623351444188083,0.22333139336437743,0.002421841698827254,tail
734,0.5,0.25,0.25,19.200000000000003,1.0397207705399178,0.22442370603012973,0.0010923126657522986,tail
735,0.5,0.0,0.5,19.25625,0.6931471803599453,0.22489149665022906,0.0004677906200993287,tail
736,0.75,0.0,0.25,19.2,0.5623351444188083,0.22523592468606418,0.0003444280358351204,tail
737,0.5,0.0,0.5,19.275000000000002,0.6931471803599453,0.22455413593170237,0.0006817887543618117,tail
738,0.25,0.25,0.5,19.33125,1.0397207705399178,0.22502008533482773,0.0004659494031253597,tail
739,0.25,0.5,0.25,19.387500000000003,1.0397207705399178,0.22436650522896623,0.000653580105861501,tail
740,0.25,0.0,0.75,19.44375,0.5623351444188083,0.22405550601917015,0.00031099920979607565,tail
741,0.75,0.0,0.25,19.387500000000003,0.5623351444188083,0.2243377677942137,0.0002822617750435352,tail
742,0.75,0.0,0.25,19.40625,0.5623351444188083,0.22428798994321272,4.977785100096499e-05,tail
743,0.25,0.25,0.5,19.35,1.0397207705399178,0.22693950464055945,0.0026515146973467296,tail
744,0.5,0.5,0.0,19.406250000000004,0.6931471803599453,0.22740875437171615,0.00046924973115669566,tail
745,0.5,0.25,0.25,19.462500000000002,1.0397207705399178,0.22680846092893786,0.000600293442778288,tail
746,0.75,0.0,0.25,19.51875,0.5623351444188083,0.2272768678747524,0.00046840694581454234,tail
747,0.25,0.25,0.5,19.5375,1.0397207705399178,0.2300485588380351,0.002771690963282697,tail
748,0.5,0.5,0.0,19.612500000000004,0.6931471803599453,0.2271491016726989,0.002899457165336211,tail
749,0.5,0.25,0.25,19.687500000000004,1.0397207705399178,0.23073180938599178,0.0035827077132928875,tail
750,0.0,0.75,0.25,19.706250000000004,0.5623351444188083,0.23026203324262884,0.0004697761433629377,tail
751,0.0,0.5,0.5,19.762500000000003,0.6931471803599453,0.22985277126685122,0.00040926197577761947,tail
752,0.25,0.0,0.75,19.706250000000004,0.5623351444188083,0.23019310012379227,0.00034032885694104675,tail
753,0.5,0.25,0.25,19.762500000000003,1.0397207705399178,0.2318582285225215,0.001665128398729232,tail
754,0.5,0.25,0.25,19.818750000000005,1.0397207705399178,0.23147866638731193,0.0003795621352095657,tail
755,0.25,0.25,0.5,19.837500000000006,1.0397207705399178,0.23142195681371996,5.67095735919676e-05,tail
756,0.5,0.5,0.0,19.893750000000004,0.6931471803599453,0.23308113865559954,0.0016591818418795756,tail
757,1.0,0.0,0.0,19.9125,-1.000000082690371e-10,0.23261292580758372,0.00046821284801581986,tail
758,0.25,0.25,0.5,19.987500000000004,1.0397207705399178,0.23197168242613478,0.0006412433814489416,tail
759,0.25,0.25,0.5,20.062500000000004,1.0397207705399178,0.23058867967150182,0.0013830027546329615,tail
760,0.75,0.0,0.25,20.062500000000004,0.5623351444188083,0.23058867967150182,0.0,tail
761,0.5,0.25,0.25,20.137500000000003,1.0397207705399178,0.23011043157759473,0.000478248093907091,tail
762,0.25,0.25,0.5,20.156250000000004,1.0397207705399178,0.23024250026181498,0.00013206868422024898,tail
763,0.0,0.5,0.5,20.175000000000004,0.6931471803599453,0.23020618108042287,3.631918139210266e-05,tail
764,0.5,0.25,0.25,20.231250000000006,1.0397207705399178,0.22867010783954864,0.0015360732408742361,tail
765,0.25,0.5,0.25,20.287500000000005,1.0397207705399178,0.23028928769958817,0.001619179860039538,tail
766,0.0,1.0,0.0,20.343750000000004,-1.000000082690371e-10,0.22978573628652776,0.0005035514130604102,tail
767,0.25,0.25,0.5,20.418750000000006,1.0397207705399178,0.23327373617539524,0.0034879998888674713,tail
768,0.0,0.5,0.5,20.493750000000006,0.6931471803599453,0.2367750248183159,0.0035012886429206524,tail
769,0.5,0.0,0.5,20.550000000000004,0.6931471803599453,0.2365364177543508,0.00023860706396508502,tail
770,0.0,0.25,0.75,20.606250000000003,0.5623351444188083,0.23268021444644552,0.003856203307905287,tail
771,0.25,0.0,0.75,20.681250000000006,0.5623351444188083,0.2323414189786752,0.0003387954677703253,tail
772,0.25,0.25,0.5,20.737500000000004,1.0397207705399178,0.23279215125962469,0.00045073228094949513,tail
773,0.0,0.0,1.0,20.79375000000001,-1.000000082690371e-10,0.2326342180535436,0.00015793320608109562,tail
774,0.25,0.5,0.25,20.812500000000007,1.0397207705399178,0.2327504572679164,0.00011623921437281526,tail
775,0.25,0.5,0.25,20.737500000000008,1.0397207705399178,0.2330155619496376,0.0002651046817211955,tail
776,0.75,0.0,0.25,20.662500000000005,0.5623351444188083,0.2333555786459986,0.0003400166963609952,tail
777,0.25,0.5,0.25,20.681250000000006,1.0397207705399178,0.23605805739840377,0.002702478752405174,tail
778,0.25,0.25,0.5,20.70000000000001,1.0397207705399178,0.23619036353842907,0.00013230614002529562,tail
779,0.75,0.25,0.0,20.70000000000001,0.5623351444188083,0.23619036353842907,0.0,tail
780,0.25,0.5,0.25,20.718750000000007,1.0397207705399178,0.23632331554863611,0.00013295201020704916,tail
781,0.25,0.25,0.5,20.775000000000006,1.0397207705399178,0.23795074199309918,0.0016274264444630648,tail
782,0.75,0.0,0.25,20.831250000000008,0.5623351444188083,0.23771076800160545,0.0002399739914937249,tail
783,0.5,0.0,0.5,20.887500000000006,0.6931471803599453,0.23720711318258225,0.0005036548190232026,tail
784,0.0,0.0,1.0,20.943750000000005,-1.000000082690371e-10,0.23538343288661187,0.0018236802959703813,tail
785,0.5,0.0,0.5,21.000000000000007,0.6931471803599453,0.23490412345689615,0.00047930942971571855,tail
786,0.25,0.25,0.5,20.943750000000005,1.0397207705399178,0.2349870716120905,8.294815519435672e-05,tail
787,0.5,0.25,0.25,20.96250000000001,1.0397207705399178,0.2349713731324679,1.569847962260007e-05,tail
788,0.5,0.0,0.5,20.98125000000001,0.6931471803599453,0.2349563072184799,1.5065913988004942e-05,tail
789,0.25,0.0,0.75,21.00000000000001,0.5623351444188083,0.2350658017968508,0.00010949457837089449,tail
790,0.25,0.0,0.75,21.018750000000008,0.5623351444188083,0.2346200886857138,0.00044571311113700274,tail
791,0.0,0.25,0.75,20.94375000000001,0.5623351444188083,0.2348200188216406,0.0001999301359268124,tail
792,0.25,0.0,0.75,20.96250000000001,0.5623351444188083,0.23493661202035504,0.00011659319871443197,tail
793,0.0,0.5,0.5,20.98125000000001,0.6931471803599453,0.2376011634618724,0.0026645514415173654,tail
794,0.5,0.5,0.0,21.05625000000001,0.6931471803599453,0.23481384544434186,0.0027873180175305434,tail
795,0.75,0.0,0.25,21.000000000000007,0.5623351444188083,0.2349556814932673,0.00014183604892542556,tail
796,0.75,0.25,0.0,21.056250000000006,0.5623351444188083,0.24049264271004622,0.005536961216778935,tail
797,0.25,0.25,0.5,21.112500000000008,1.0397207705399178,0.24172871070770952,0.0012360679976632927,tail
798,0.25,0.5,0.25,21.13125000000001,1.0397207705399178,0.24185487479066362,0.00012616408295409998,tail
799,0.25,0.75,0.0,21.187500000000007,0.5623351444188083,0.24220471034490995,0.00034983555424633606,tail
800,0.5,0.0,0.5,21.243750000000006,0.6931471803599453,0.24200608271716717,0.0001986276277427812,tail
801,0.5,0.5,0.0,21.300000000000008,0.6931471803599453,0.2404794938246419,0.0015265888925252713,tail
802,0.25,0.0,0.75,21.31875000000001,0.5623351444188083,0.24138478854596407,0.0009052947213221696,tail
803,0.5,0.5,0.0,21.31875000000001,0.6931471803599453,0.24138478854596407,0.0,tail
804,0.25,0.5,0.25,21.262500000000006,1.0397207705399178,0.24158332227891788,0.0001985337329538095,tail
805,0.5,0.25,0.25,21.318750000000005,1.0397207705399178,0.24004454527749267,0.0015387770014252122,tail
806,0.25,0.5,0.25,21.375000000000007,1.0397207705399178,0.2405017575864993,0.00045721230900663823,tail
807,0.25,0.25,0.5,21.31875000000001,1.0397207705399178,0.24071647062922502,0.00021471304272571712,tail
808,1.0,0.0,0.0,21.393750000000008,-1.000000082690371e-10,0.2394557394256654,0.0012607312035596285,tail
809,0.25,0.25,0.5,21.318750000000005,1.0397207705399178,0.2398461821472625,0.00039044272159710625,tail
810,0.5,0.0,0.5,21.375000000000004,0.6931471803599453,0.24147893310160087,0.0016327509543383745,tail
811,0.25,0.25,0.5,21.318750000000005,1.0397207705399178,0.24172664414511794,0.00024771104351706263,tail
812,0.75,0.0,0.25,21.375000000000004,0.5623351444188083,0.2414558850204466,0.0002707591246713381,tail
813,0.25,0.25,0.5,21.431250000000002,1.0397207705399178,0.2412103294219669,0.0002455555984796909,tail
814,0.5,0.0,0.5,21.4875,0.6931471803599453,0.2406903681919056,0.0005199612300613166,tail
815,0.5,0.0,0.5,21.4125,0.6931471803599453,0.2420315712495483,0.0013412030576427092,tail
816,0.5,0.0,0.5,21.468750000000004,0.6931471803599453,0.24049900103422817,0.0015325702153201337,tail
817,0.25,0.0,0.75,21.525000000000002,0.5623351444188083,0.23896903430293215,0.0015299667312960175,tail
818,0.0,0.25,0.75,21.543750000000003,0.5623351444188083,0.23908048742801388,0.0001114531250817341,tail
819,0.5,0.5,0.0,21.6,0.6931471803599453,0.24433454526507992,0.005254057837066034,tail
820,0.25,0.0,0.75,21.656250000000004,0.5623351444188083,0.24383385446129374,0.0005006908037861746,tail
821,0.25,0.75,0.0,21.675000000000004,0.5623351444188083,0.24396047617933458,0.00012662171804084243,tail
822,0.5,0.25,0.25,21.618750000000006,1.0397207705399178,0.2441848285131087,0.00022435233377410269,tail
823,0.0,0.0,1.0,21.543750000000003,-1.000000082690371e-10,0.2456779217919984,0.0014930932788897178,tail
824,0.75,0.25,0.0,21.6,0.5623351444188083,0.24506011282617912,0.0006178089658192831,tail
825,0.75,0.0,0.25,21.65625,0.5623351444188083,0.24479072696331103,0.0002693858628680934,tail
826,0.25,0.25,0.5,21.58125,1.0397207705399178,0.245260110695556,0.00046938373224497676,tail
827,0.5,0.0,0.5,21.65625,0.6931471803599453,0.24474543681802008,0.0005146738775359261,tail
828,0.5,0.0,0.5,21.712500000000002,0.6931471803599453,0.2431999902610149,0.00154544655700517,tail
829,0.25,0.5,0.25,21.637500000000003,1.0397207705399178,0.24364983027495984,0.00044984001394493545,tail
830,0.75,0.0,0.25,21.69375,0.5623351444188083,0.24337487088206827,0.0002749593928915717,tail
831,0.5,0.0,0.5,21.75,0.6931471803599453,0.24285753302794913,0.0005173378541191431,tail
832,0.25,0.25,0.5,21.674999999999997,1.0397207705399178,0.2433118022223801,0.00045426919443097846,tail
833,0.25,0.0,0.75,21.73125,0.5623351444188083,0.2480763449403116,0.0047645427179315025,tail
834,0.5,0.5,0.0,21.7875,0.6931471803599453,0.24935927070198802,0.0012829257616764067,tail
835,0.25,0.25,0.5,21.84375,1.0397207705399178,0.2506461651434353,0.0012868944414472783,tail
836,0.25,0.5,0.25,21.862499999999997,1.0397207705399178,0.2501798021057475,0.0004663630376878225,tail
837,0.25,0.25,0.5,21.9375,1.0397207705399178,0.24730087823314462,0.0028789238726028565,tail
838,0.0,0.5,0.5,21.99375,0.6931471803599453,0.24776610859144177,0.00046523035829715287,tail
839,0.75,0.0,0.25,22.049999999999997,0.5623351444188083,0.24823152485496022,0.00046541626351845333,tail
840,0.25,0.5,0.25,22.125,1.0397207705399178,0.24535740729377073,0.002874117561189493,tail
841,0.5,0.25,0.25,22.06875,1.0397207705399178,0.2461446420923663,0.0007872347985955763,tail
842,0.0,0.5,0.5,21.99375,0.6931471803599453,0.24677237943308997,0.0006277373407236608,tail
843,0.75,0.0,0.25,22.049999999999997,0.5623351444188083,0.24637766345067805,0.0003947159824119195,tail
844,0.25,0.5,0.25,22.10625,1.0397207705399178,0.24597558856824192,0.00040207488243612644,tail
845,0.25,0.75,0.0,22.162499999999998,0.5623351444188083,0.24531887836991004,0.0006567101983318835,tail
846,0.25,0.25,0.5,22.21875,1.0397207705399178,0.24578597612771652,0.0004670977578064839,tail
847,0.5,0.5,0.0,22.237499999999997,0.6931471803599453,0.24593349477119367,0.00014751864347714583,tail
848,0.5,0.25,0.25,22.3125,1.0397207705399178,0.24533182708028964,0.0006016676909040286,tail
849,0.0,0.25,0.75,22.33125,0.5623351444188083,0.24528556657311895,4.626050717068675e-05,tail
850,0.0,0.75,0.25,22.40625,0.5623351444188083,0.24242485553048454,0.0028607110426344118,tail
851,0.0,0.25,0.75,22.425,0.5623351444188083,0.24345087560471024,0.0010260200742256975,tail
852,0.25,0.5,0.25,22.44375,1.0397207705399178,0.24340295947009036,4.791613461987976e-05,tail
853,0.75,0.25,0.0,22.36875,0.5623351444188083,0.2449860646557761,0.0015831051856857459,tail
854,0.75,0.0,0.25,22.387500000000003,0.5623351444188083,0.24513547758979268,0.00014941293401657396,tail
855,0.25,0.25,0.5,22.3125,1.0397207705399178,0.2467962299660531,0.001660752376260427,tail
856,0.25,0.25,0.5,22.331249999999997,1.0397207705399178,0.24695271682111702,0.0001564868550639198,tail
857,0.0,0.25,0.75,22.3875,0.5623351444188083,0.24742284702799128,0.000470130206874253,tail
858,0.0,0.5,0.5,22.4625,0.6931471803599453,0.24592538373531228,0.0014974632926789966,tail
859,0.25,0.25,0.5,22.51875,1.0397207705399178,0.247585046983786,0.0016596632484737195,tail
860,0.25,0.0,0.75,22.5375,0.5623351444188083,0.24870932727353431,0.001124280289748314,tail
861,0.25,0.25,0.5,22.6125,1.0397207705399178,0.25192587922244863,0.00321655194891432,tail
862,0.25,0.5,0.25,22.6875,1.0397207705399178,0.25121508327895214,0.0007107959434964894,tail
863,0.0,0.5,0.5,22.74375,0.6931471803599453,0.25055164612482966,0.0006634371541224815,tail
864,0.5,0.25,0.25,22.762500000000003,1.0397207705399178,0.25008529773366067,0.0004663483911689914,tail
865,0.5,0.0,0.5,22.81875,0.6931471803599453,0.2550633674880806,0.004978069754419945,tail
866,0.5,0.25,0.25,22.875,1.0397207705399178,0.2546807677353562,0.0003825997527244218,tail
867,0.25,0.5,0.25,22.931250000000002,1.0397207705399178,0.25504576996486145,0.0003650022295052513,tail
868,0.75,0.25,0.0,22.950000000000003,0.5623351444188083,0.2552385983302874,0.0001928283654259455,tail
869,0.25,0.5,0.25,22.950000000000003,1.0397207705399178,0.2552385983302874,0.0,tail
870,0.25,0.0,0.75,23.00625,0.5623351444188083,0.2545795686392866,0.0006590296910007898,tail
871,0.25,0.0,0.75,23.081250000000004,0.5623351444188083,0.2539902006903921,0.0005893679488945258,tail
872,0.5,0.0,0.5,23.137500000000003,0.6931471803599453,0.2536847979393825,0.000305402751009598,tail
873,0.5,0.25,0.25,23.156250000000004,1.0397207705399178,0.25322452142317287,0.0004602765162096123,tail
874,0.0,0.5,0.5,23.175000000000004,0.6931471803599453,0.25336143764970304,0.00013691622653017044,tail
875,0.25,0.75,0.0,23.25,0.5623351444188083,0.25205681816399905,0.001304619485703984,tail
876,0.25,0.75,0.0,23.268750000000004,0.5623351444188083,0.25426487623004984,0.0022080580660507887,tail
877,0.5,0.0,0.5,23.325000000000003,0.6931471803599453,0.2537550545917077,0.0005098216383421228,tail
878,0.25,0.25,0.5,23.343750000000004,1.0397207705399178,0.2537191913300237,3.5863261684032643e-05,tail
879,0.25,0.0,0.75,23.268750000000004,0.5623351444188083,0.25413964052224464,0.0004204491922209508,tail
880,0.25,0.25,0.5,23.325000000000003,1.0397207705399178,0.2520492598290014,0.0020903806932432434,tail
881,0.0,0.75,0.25,23.400000000000006,0.5623351444188083,0.2516972819516754,0.00035197787732599295,tail
882,0.5,0.0,0.5,23.418750000000003,0.6931471803599453,0.25181769161231954,0.0001204096606441385,tail
883,0.0,0.5,0.5,23.437500000000004,0.6931471803599453,0.2519387190445945,0.00012102743227493384,tail
884,0.25,0.25,0.5,23.456250000000004,1.0397207705399178,0.25203875432885026,0.0001000352842557839,tail
885,0.5,0.5,0.0,23.512500000000003,0.6931471803599453,0.2514983203630341,0.0005404339658161561,tail
886,0.0,0.25,0.75,23.456250000000004,0.5623351444188083,0.25371328823101974,0.00221496786798564,tail
887,0.0,0.25,0.75,23.531250000000004,0.5623351444188083,0.25088632747253203,0.0028269607584877066,tail
888,0.75,0.0,0.25,23.587500000000006,0.5623351444188083,0.25065911615802233,0.000227211314509701,tail
889,0.25,0.0,0.75,23.643750000000004,0.5623351444188083,0.2501794683765615,0.00047964778146081244,tail
890,0.75,0.0,0.25,23.700000000000003,0.5623351444188083,0.2506326504622439,0.00045318208568240204,tail
891,1.0,0.0,0.0,23.756250000000005,-1.000000082690371e-10,0.25044758634210185,0.00018506412014207552,tail
892,0.0,0.25,0.75,23.756250000000005,0.5623351444188083,0.25044758634210185,0.0,tail
893,0.0,0.5,0.5,23.775000000000006,0.6931471803599453,0.25053838591943195,9.079957733010291e-05,tail
894,0.5,0.25,0.25,23.793750000000006,1.0397207705399178,0.2506601764952996,0.00012179057586764186,tail
895,0.5,0.25,0.25,23.868750000000006,1.0397207705399178,0.24786793457511816,0.002792241920181432,tail
896,0.25,0.25,0.5,23.88750000000001,1.0397207705399178,0.24784336789642877,2.4566678689386112e-05,tail
897,0.0,0.75,0.25,23.906250000000007,0.5623351444188083,0.2473928922123555,0.000450475684073276,tail
898,0.0,1.0,0.0,23.962500000000006,-1.000000082690371e-10,0.24784336789642877,0.000450475684073276,tail
899,0.5,0.5,0.0,24.03750000000001,0.6931471803599453,0.24759528106385958,0.00024808683256918873,tail
900,0.25,0.25,0.5,24.093750000000007,1.0397207705399178,0.24804159736171896,0.0004463162978593782,tail
901,0.25,0.0,0.75,24.150000000000006,0.5623351444188083,0.2496260376804125,0.0015844403186935363,tail
902,0.25,0.25,0.5,24.16875000000001,1.0397207705399178,0.24960757181848692,1.846586192558175e-05,tail
903,0.0,0.75,0.25,24.225000000000012,0.5623351444188083,0.24788932953307913,0.0017182422854077894,tail
904,0.5,0.25,0.25,24.30000000000001,1.0397207705399178,0.2478273079341202,6.202159895893344e-05,tail
905,0.0,0.0,1.0,24.375000000000014,-1.000000082690371e-10,0.24785177913298703,2.4471198866837796e-05,tail
906,0.5,0.25,0.25,24.431250000000013,1.0397207705399178,0.2479004624405401,4.868330755306016e-05,tail
907,0.0,1.0,0.0,24.48750000000001,-1.000000082690371e-10,0.24797394787473195,7.348543419186115e-05,tail
908,0.5,0.25,0.25,24.506250000000016,1.0397207705399178,0.24798760674927728,1.3658874545324773e-05,tail
909,0.75,0.25,0.0,24.525000000000013,0.5623351444188083,0.24794157869050848,4.6028058768798896e-05,tail
910,0.5,0.0,0.5,24.600000000000016,0.6931471803599453,0.251131741630767,0.003190162940258534,tail
911,0.5,0.25,0.25,24.65625000000001,1.0397207705399178,0.2522944277355696,0.0011626861048025794,tail
912,0.0,0.75,0.25,24.67500000000001,0.5623351444188083,0.2529466638430106,0.0006522361074410288,tail
913,0.5,0.0,0.5,24.693750000000012,0.6931471803599453,0.2536328325201599,0.0006861686771492681,tail
914,0.5,0.5,0.0,24.750000000000014,0.6931471803599453,0.25776799270256473,0.00413516018240484,tail
915,0.5,0.0,0.5,24.806250000000013,0.6931471803599453,0.25773893683529253,2.9055867272198554e-05,tail
916,1.0,0.0,0.0,24.86250000000001,-1.000000082690371e-10,0.2577381820176952,7.54817597314883e-07,tail
917,0.5,0.25,0.25,24.937500000000014,1.0397207705399178,0.26029848048270693,0.002560298465011712,tail
918,0.25,0.25,0.5,25.012500000000017,1.0397207705399178,0.26288044319314763,0.0025819627104406995,tail
919,0.0,0.25,0.75,25.012500000000017,0.5623351444188083,0.26288044319314763,0.0,tail
920,0.25,0.25,0.5,24.95625000000002,1.0397207705399178,0.2630033521908359,0.000122908997688298,tail
921,0.5,0.0,0.5,24.975000000000016,0.6931471803599453,0.2630513768899567,4.8024699120796654e-05,tail
922,0.0,0.75,0.25,25.031250000000014,0.5623351444188083,0.2629701251901986,8.125169975814472e-05,tail
923,0.25,0.25,0.5,25.106250000000017,1.0397207705399178,0.2602419239587703,0.002728201231428251,tail
924,0.25,0.75,0.0,25.162500000000016,0.5623351444188083,0.260682576594455,0.0004406526356846574,tail
925,0.5,0.5,0.0,25.218750000000014,0.6931471803599453,0.26061318941666245,6.938717779253478e-05,tail
926,0.75,0.25,0.0,25.14375000000001,0.5623351444188083,0.2606401030799745,2.691366331203371e-05,tail
927,0.25,0.25,0.5,25.162500000000016,1.0397207705399178,0.2602016353879139,0.00043846769206057346,tail
928,0.0,0.5,0.5,25.181250000000016,0.6931471803599453,0.26030256505774385,0.00010092966982994112,tail
929,0.25,0.25,0.5,25.23750000000001,1.0397207705399178,0.26027726667342194,2.5298384321914558e-05,tail
930,0.0,0.25,0.75,25.181250000000016,0.5623351444188083,0.26037305116347725,9.57844900553173e-05,tail
931,0.0,0.5,0.5,25.256250000000016,0.6931471803599453,0.26361216123573505,0.0032391100722578003,tail
932,0.75,0.0,0.25,25.312500000000018,0.5623351444188083,0.26212098004437334,0.0014911811913617123,tail
933,0.5,0.25,0.25,25.312500000000018,1.0397207705399178,0.26212098004437334,0.0,tail
934,0.25,0.5,0.25,25.368750000000016,1.0397207705399178,0.26165048906114013,0.00047049098323320715,tail
935,0.5,0.25,0.25,25.443750000000016,1.0397207705399178,0.2589266210987042,0.002723867962435955,tail
936,0.25,0.25,0.5,25.46250000000002,1.0397207705399178,0.25902973657610817,0.00010311547740399218,tail
937,0.25,0.5,0.25,25.53750000000002,1.0397207705399178,0.258974888021088,5.48485550201927e-05,tail
938,0.5,0.5,0.0,25.55625000000002,0.6931471803599453,0.25853943163790577,0.0004354563831822089,tail
939,0.5,0.25,0.25,25.61250000000002,1.0397207705399178,0.2586075499809559,6.811834305014974e-05,tail
940,0.25,0.25,0.5,25.668750000000017,1.0397207705399178,0.25868384342798556,7.629344702964058e-05,tail
941,0.0,0.5,0.5,25.68750000000002,0.6931471803599453,0.2612058417279188,0.0025219982999332147,tail
942,0.0,0.75,0.25,25.70625000000002,0.5623351444188083,0.261839600046188,0.0006337583182692286,tail
943,0.25,0.25,0.5,25.762500000000017,1.0397207705399178,0.26336738793356823,0.0015277878873802275,tail
944,0.25,0.5,0.25,25.83750000000002,1.0397207705399178,0.26070595626351806,0.002661431670050174,tail
945,0.75,0.25,0.0,25.89375000000002,0.5623351444188083,0.2622309891140093,0.0015250328504912702,tail
946,0.5,0.25,0.25,25.89375000000002,1.0397207705399178,0.2622309891140093,0.0,tail
947,0.25,0.75,0.0,25.96875000000002,0.5623351444188083,0.2623437682950091,0.00011277918099977802,tail
948,0.5,0.0,0.5,26.02500000000002,0.6931471803599453,0.2620293013620488,0.00031446693296027783,tail
949,0.5,0.25,0.25,26.08125000000002,1.0397207705399178,0.26213749780626594,0.00010819644421711239,tail
950,0.75,0.25,0.0,26.137500000000017,0.5623351444188083,0.2625594590659681,0.0004219612597021749,tail
951,0.5,0.0,0.5,26.156250000000018,0.6931471803599453,0.2624979226210691,6.15364448990352e-05,tail
952,0.75,0.0,0.25,26.212500000000023,0.5623351444188083,0.26219758559039935,0.0003003370306697284,tail
953,0.25,0.0,0.75,26.287500000000023,0.5623351444188083,0.26245947227006655,0.00026188667966720036,tail
954,0.25,0.25,0.5,26.34375000000002,1.0397207705399178,0.26264981420668043,0.00019034193661388032,tail
955,0.0,0.5,0.5,26.362500000000022,0.6931471803599453,0.26271588678892016,6.6072582239729e-05,tail
956,0.25,0.25,0.5,26.381250000000023,1.0397207705399178,0.2627447602091944,2.8873420274244666e-05,tail
957,0.0,0.5,0.5,26.43750000000002,0.6931471803599453,0.2624956042992817,0.00024915590991270165,tail
958,0.5,0.25,0.25,26.49375000000002,1.0397207705399178,0.26290831068876025,0.00041270638947854543,tail
959,0.25,0.25,0.5,26.512500000000024,1.0397207705399178,0.2633897691232042,0.00048145843444397096,tail
960,0.25,0.25,0.5,26.512500000000024,1.0397207705399178,0.2633897691232042,0.0,tail
961,0.5,0.5,0.0,26.587500000000023,0.6931471803599453,0.26375139874565323,0.0003616296224490112,tail
962,0.5,0.25,0.25,26.662500000000023,1.0397207705399178,0.2631837159915128,0.0005676827541404306,tail
963,0.0,0.75,0.25,26.681250000000027,0.5623351444188083,0.2632230648629909,3.9348871478106506e-05,tail
964,0.0,0.25,0.75,26.737500000000026,0.5623351444188083,0.26301647015429336,0.00020659470869754948,tail
965,0.75,0.0,0.25,26.81250000000002,0.5623351444188083,0.2605227978061595,0.0024936723481338574,tail
966,0.5,0.5,0.0,26.88750000000002,0.6931471803599453,0.25804391530419446,0.0024788825019650407,tail
967,0.25,0.5,0.25,26.943750000000023,1.0397207705399178,0.25786771108860507,0.0001762042155893928,tail
968,0.5,0.0,0.5,26.887500000000024,0.6931471803599453,0.2571860729635921,0.0006816381250129844,tail
969,0.75,0.0,0.25,26.887500000000024,0.5623351444188083,0.2571860729635921,0.0,tail
970,0.25,0.0,0.75,26.943750000000023,0.5623351444188083,0.258624210086186,0.001438137122593941,tail
971,0.0,0.25,0.75,26.962500000000027,0.5623351444188083,0.25867929597351885,5.50858873328286e-05,tail
972,0.5,0.5,0.0,27.037500000000026,0.6931471803599453,0.2591879219026273,0.0005086259291084416,tail
973,0.0,0.5,0.5,27.093750000000025,0.6931471803599453,0.2600321280499848,0.0008442061473575291,tail
974,0.25,0.25,0.5,27.112500000000026,1.0397207705399178,0.26007113361437567,3.9005564390848235e-05,tail
975,0.5,0.25,0.25,27.168750000000024,1.0397207705399178,0.2595291607203415,0.0005419728940341817,tail
976,0.75,0.25,0.0,27.18750000000003,0.5623351444188083,0.25914272558827717,0.00038643513206432223,tail
977,0.5,0.0,0.5,27.262500000000028,0.6931471803599453,0.25995468115327625,0.0008119555649990784,tail
978,0.25,0.0,0.75,27.28125000000003,0.5623351444188083,0.259976589987312,2.1908834035744285e-05,tail
979,0.5,0.25,0.25,27.300000000000033,1.0397207705399178,0.25972864242826055,0.0002479475590514424,tail
980,0.0,0.75,0.25,27.35625000000003,0.5623351444188083,0.2601114722449885,0.0003828298167279365,tail
981,0.25,0.75,0.0,27.37500000000003,0.5623351444188083,0.26017969820950115,6.822596451266927e-05,tail
982,0.0,0.25,0.75,27.37500000000003,0.5623351444188083,0.26017969820950115,0.0,tail
983,0.25,0.75,0.0,27.393750000000033,0.5623351444188083,0.26020422692993556,2.4528720434402462e-05,tail
984,0.25,0.75,0.0,27.393750000000033,0.5623351444188083,0.26020422692993556,0.0,tail
985,0.0,0.0,1.0,27.41250000000003,-1.000000082690371e-10,0.2624753799758905,0.0022711530459549323,tail
986,0.75,0.0,0.25,27.46875000000003,0.5623351444188083,0.26290511706190645,0.0004297370860159577,tail
987,0.5,0.0,0.5,27.487500000000033,0.6931471803599453,0.2630968147568974,0.00019169769499094436,tail
988,0.0,0.0,1.0,27.412500000000033,-1.000000082690371e-10,0.2624296749581067,0.0006671397987906835,tail
989,0.0,0.25,0.75,27.468750000000032,0.5623351444188083,0.2622998916939836,0.0001297832641231067,tail
990,0.25,0.0,0.75,27.487500000000033,0.5623351444188083,0.2623608321454475,6.094045146387561e-05,tail
991,0.25,0.5,0.25,27.543750000000035,1.0397207705399178,0.26193728990693566,0.0004235422385118204,tail
992,0.5,0.25,0.25,27.600000000000033,1.0397207705399178,0.2632923344989235,0.0013550445919878196,tail
993,0.25,0.25,0.5,27.656250000000036,1.0397207705399178,0.26378603935339007,0.0004937048544665923,tail
994,0.0,0.25,0.75,27.712500000000034,0.5623351444188083,0.26370698506282675,7.905429056331847e-05,tail
995,0.25,0.5,0.25,27.731250000000035,1.0397207705399178,0.2654752548567778,0.0017682697939510605,tail
996,0.25,0.25,0.5,27.787500000000033,1.0397207705399178,0.2659940925410515,0.0005188376842736875,tail
997,0.0,0.5,0.5,27.712500000000034,0.6931471803599453,0.26520068526205415,0.000793407278997349,tail
998,0.5,0.0,0.5,27.712500000000034,0.6931471803599453,0.26520068526205415,0.0,tail
999,0.5,0.0,0.5,27.768750000000033,0.6931471803599453,0.2651226087304157,7.807653163843797e-05,tail
1000,0.25,0.75,0.0,27.693750000000033,0.5623351444188083,0.2643693861417562,0.0007532225886595079,tail
