round,p_aggressive,p_defensive,p_balanced,avg_reward,strategy_entropy,personality_norm,personality_velocity,phase
1,0.25,0.75,0.0,0.0,0.5623351444188083,0.0,0.0,burn-in
2,0.25,0.25,0.5,0.056249999999999994,1.0397207705399178,0.0005124322448436826,0.0005124322448436826,burn-in
3,0.25,0.5,0.25,0.0,1.0397207705399178,0.0024192694317362244,0.0019068371868925418,burn-in
4,0.0,0.75,0.25,0.056249999999999994,0.5623351444188083,0.0010704360482220918,0.0013488333835141326,burn-in
5,0.0,1.0,0.0,0.07499999999999997,-1.000000082690371e-10,0.003701362830844262,0.00263092678262217,burn-in
6,0.0,0.75,0.25,0.13124999999999998,0.5623351444188083,0.0020749832663314303,0.0016263795645128317,burn-in
7,0.0,0.75,0.25,0.1875,0.5623351444188083,0.00092350667747092,0.0011514765888605103,burn-in
8,0.5,0.0,0.5,0.26250000000000007,0.6931471803599453,0.0031626207706408954,0.0022391140931699756,burn-in
9,0.25,0.5,0.25,0.31875000000000003,1.0397207705399178,0.0026760901205553083,0.00048653065008558713,burn-in
10,0.75,0.25,0.0,0.24375000000000005,0.5623351444188083,0.003034237502606286,0.0003581473820509777,burn-in
11,0.5,0.25,0.25,0.18750000000000006,1.0397207705399178,0.0049883979976876,0.0019541604950813144,burn-in
12,0.0,0.25,0.75,0.20625000000000004,0.5623351444188083,0.00463512405443484,0.00035327394325276006,burn-in
13,0.0,0.25,0.75,0.15000000000000002,0.5623351444188083,0.011357931333067086,0.006722807278632246,burn-in
14,0.25,0.25,0.5,0.16875,1.0397207705399178,0.01301219713597806,0.001654265802910974,burn-in
15,0.25,0.0,0.75,0.24375,0.5623351444188083,0.011295336888144028,0.0017168602478340317,burn-in
16,0.25,0.75,0.0,0.31875,0.5623351444188083,0.013492716013340927,0.002197379125196899,burn-in
17,0.5,0.25,0.25,0.39375000000000004,1.0397207705399178,0.016344636288907314,0.0028519202755663865,burn-in
18,0.25,0.25,0.5,0.31875000000000003,1.0397207705399178,0.020234851587051475,0.003890215298144161,burn-in
19,0.0,1.0,0.0,0.37499999999999994,-1.000000082690371e-10,0.021612171050128186,0.0013773194630767108,burn-in
20,0.25,0.25,0.5,0.43125,1.0397207705399178,0.015833730806414453,0.0057784402437137325,burn-in
21,0.75,0.0,0.25,0.45000000000000007,0.5623351444188083,0.015504787567070973,0.00032894323934348074,burn-in
22,0.25,0.5,0.25,0.46875,1.0397207705399178,0.015178523867805941,0.00032626369926503154,burn-in
23,0.5,0.25,0.25,0.4875,1.0397207705399178,0.0180239159213221,0.002845392053516159,burn-in
24,0.0,0.25,0.75,0.5624999999999999,0.5623351444188083,0.014209998069630013,0.0038139178516920866,burn-in
25,0.0,0.75,0.25,0.5812499999999998,0.5623351444188083,0.014585193333766018,0.0003751952641360048,burn-in
26,0.25,0.0,0.75,0.6375,0.5623351444188083,0.013150322793883545,0.0014348705398824733,burn-in
27,0.5,0.0,0.5,0.6937499999999999,0.6931471803599453,0.0116113270846474,0.001538995709236145,burn-in
28,1.0,0.0,0.0,0.7499999999999998,-1.000000082690371e-10,0.013234808508248201,0.0016234814236008015,burn-in
29,0.0,0.25,0.75,0.7499999999999998,0.5623351444188083,0.013234808508248201,0.0,burn-in
30,0.25,0.5,0.25,0.7687499999999999,1.0397207705399178,0.01603306046198841,0.00279825195374021,burn-in
31,0.5,0.25,0.25,0.6937499999999999,1.0397207705399178,0.01999227281281998,0.003959212350831569,burn-in
32,0.0,0.25,0.75,0.7124999999999999,0.5623351444188083,0.019692085004020136,0.00030018780879984344,burn-in
33,0.25,0.5,0.25,0.73125,1.0397207705399178,0.01939492702859292,0.00029715797542721745,burn-in
34,0.5,0.5,0.0,0.8062499999999999,0.6931471803599453,0.02298406754930705,0.0035891405207141326,burn-in
35,0.0,0.0,1.0,0.8249999999999998,-1.000000082690371e-10,0.022507917202743456,0.00047615034656359537,burn-in
36,0.5,0.25,0.25,0.8249999999999998,1.0397207705399178,0.022507917202743456,0.0,burn-in
37,0.5,0.25,0.25,0.76875,1.0397207705399178,0.024324386554443665,0.0018164693517002083,burn-in
38,0.25,0.5,0.25,0.84375,1.0397207705399178,0.021016331695057212,0.003308054859386452,burn-in
39,0.25,0.25,0.5,0.9187499999999998,1.0397207705399178,0.01829129887633277,0.002725032818724441,burn-in
40,0.5,0.25,0.25,0.9749999999999999,1.0397207705399178,0.01665103433557337,0.0016402645407594015,burn-in
41,0.0,0.75,0.25,1.03125,0.5623351444188083,0.017136971180754152,0.0004859368451807823,burn-in
42,0.25,0.0,0.75,1.05,0.5623351444188083,0.01743366644439552,0.00029669526364136875,burn-in
43,0.5,0.25,0.25,1.06875,1.0397207705399178,0.017237112738378017,0.0001965537060175035,burn-in
44,0.25,0.25,0.5,1.125,1.0397207705399178,0.0161424593248846,0.0010946534134934176,burn-in
45,0.5,0.0,0.5,1.06875,0.6931471803599453,0.017262739357902845,0.0011202800330182457,burn-in
46,0.0,0.75,0.25,1.0875,0.5623351444188083,0.019595308838398603,0.0023325694804957574,burn-in
47,0.0,0.0,1.0,1.1437500000000003,-1.000000082690371e-10,0.017988277432817182,0.001607031405581421,burn-in
48,0.25,0.5,0.25,1.2000000000000002,1.0397207705399178,0.018463846524281485,0.0004755690914643035,burn-in
49,0.0,0.25,0.75,1.25625,0.5623351444188083,0.020164514347955104,0.0017006678236736184,burn-in
50,0.25,0.0,0.75,1.3312499999999998,0.5623351444188083,0.017114909841681517,0.0030496045062735865,burn-in
51,0.75,0.0,0.25,1.3499999999999999,0.5623351444188083,0.017410934064546843,0.0002960242228653258,burn-in
52,0.25,0.25,0.5,1.36875,1.0397207705399178,0.017711617342549103,0.0003006832780022596,burn-in
53,0.25,0.25,0.5,1.425,1.0397207705399178,0.01820333884590641,0.0004917215033573077,burn-in
54,0.75,0.0,0.25,1.44375,0.5623351444188083,0.018507564613332105,0.00030422576742569415,burn-in
55,0.25,0.25,0.5,1.4625000000000001,1.0397207705399178,0.021428620204970824,0.0029210555916387194,burn-in
56,0.0,0.75,0.25,1.5187500000000003,0.5623351444188083,0.02192582389494671,0.0004972036899758871,burn-in
57,0.5,0.25,0.25,1.5937500000000002,1.0397207705399178,0.025742354919578495,0.003816531024631784,burn-in
58,0.5,0.5,0.0,1.6500000000000004,0.6931471803599453,0.02154034691315068,0.004202008006427817,burn-in
59,0.25,0.25,0.5,1.7250000000000003,1.0397207705399178,0.01845425321722742,0.003086093695923258,burn-in
60,0.5,0.25,0.25,1.7812500000000002,1.0397207705399178,0.017722347395935308,0.0007319058212921122,burn-in
61,0.25,0.25,0.5,1.8000000000000003,1.0397207705399178,0.0176490797879409,7.326760799440668e-05,burn-in
62,0.25,0.25,0.5,1.8562500000000002,1.0397207705399178,0.016067295544400253,0.0015817842435406487,burn-in
63,0.0,0.75,0.25,1.9125,0.5623351444188083,0.012261491916882406,0.0038058036275178467,burn-in
64,0.0,0.5,0.5,1.96875,0.6931471803599453,0.01269404934955285,0.0004325574326704447,burn-in
65,0.25,0.75,0.0,1.9875000000000005,0.5623351444188083,0.012806807678600516,0.00011275832904766511,burn-in
66,1.0,0.0,0.0,2.0437500000000006,-1.000000082690371e-10,0.013268396558070463,0.00046158887946994714,burn-in
67,0.5,0.25,0.25,2.1187500000000004,1.0397207705399178,0.016890219474266176,0.0036218229161957133,burn-in
68,0.0,0.75,0.25,2.1374999999999997,0.5623351444188083,0.01726666113658189,0.00037644166231571435,burn-in
69,0.5,0.5,0.0,2.19375,0.6931471803599453,0.013151692434393486,0.004114968702188405,burn-in
70,0.0,0.75,0.25,2.25,0.5623351444188083,0.012401906775438223,0.000749785658955263,burn-in
71,0.0,0.5,0.5,2.19375,0.6931471803599453,0.014285454796750249,0.0018835480213120256,burn-in
72,0.25,0.75,0.0,2.25,0.5623351444188083,0.01607672035895361,0.0017912655622033605,burn-in
73,0.0,0.25,0.75,2.3062500000000004,0.5623351444188083,0.0143771586543453,0.0016995617046083097,burn-in
74,0.25,0.25,0.5,2.325,1.0397207705399178,0.013873029139304598,0.0005041295150407018,burn-in
75,0.75,0.0,0.25,2.2500000000000004,0.5623351444188083,0.01724594859831,0.0033729194590054017,burn-in
76,0.0,0.5,0.5,2.325,0.6931471803599453,0.021015515928052175,0.003769567329742176,burn-in
77,0.5,0.25,0.25,2.38125,1.0397207705399178,0.019553401327447217,0.0014621146006049586,burn-in
78,0.5,0.5,0.0,2.4375,0.6931471803599453,0.018438017883498612,0.0011153834439486046,burn-in
79,0.5,0.25,0.25,2.38125,1.0397207705399178,0.019896313257736796,0.001458295374238184,burn-in
80,0.0,0.25,0.75,2.4,0.5623351444188083,0.02020061063777235,0.0003042973800355536,burn-in
81,0.0,0.5,0.5,2.41875,0.6931471803599453,0.0197015492199639,0.0004990614178084496,burn-in
82,0.5,0.5,0.0,2.3437500000000004,0.6931471803599453,0.02322979259246374,0.0035282433724998404,burn-in
83,0.25,0.5,0.25,2.3625,1.0397207705399178,0.023570999424905228,0.0003412068324414874,burn-in
84,0.25,0.25,0.5,2.2875,1.0397207705399178,0.02740200342432395,0.003831003999418721,burn-in
85,0.25,0.5,0.25,2.2125000000000004,1.0397207705399178,0.03060038693473584,0.0031983835104118924,burn-in
86,0.5,0.0,0.5,2.23125,0.6931471803599453,0.03332299970032369,0.002722612765587846,burn-in
87,0.0,0.0,1.0,2.2875000000000005,-1.000000082690371e-10,0.031766427290108847,0.0015565724102148404,burn-in
88,0.25,0.25,0.5,2.343750000000001,1.0397207705399178,0.030227989294783566,0.0015384379953252807,burn-in
89,0.5,0.5,0.0,2.2687500000000007,0.6931471803599453,0.034377935480721676,0.00414994618593811,burn-in
90,0.75,0.0,0.25,2.1937500000000005,0.5623351444188083,0.03860135580700354,0.004223420326281861,burn-in
91,0.25,0.0,0.75,2.2500000000000004,0.5623351444188083,0.04014158968230104,0.001540233875297503,burn-in
92,0.25,0.0,0.75,2.19375,0.5623351444188083,0.04203656126087011,0.00189497157856907,burn-in
93,0.25,0.25,0.5,2.212500000000001,1.0397207705399178,0.04171045615643367,0.0003261051044364388,burn-in
94,0.5,0.25,0.25,2.2875,1.0397207705399178,0.03788485387035003,0.0038256022860836403,burn-in
95,0.0,0.75,0.25,2.3062500000000004,0.5623351444188083,0.03757422630792133,0.00031062756242870165,burn-in
96,0.5,0.5,0.0,2.38125,0.6931471803599453,0.04102437770365587,0.003450151395734541,burn-in
97,0.25,0.25,0.5,2.4375,1.0397207705399178,0.03949403304086996,0.0015303446627859124,burn-in
98,0.25,0.25,0.5,2.4562500000000003,1.0397207705399178,0.03918902841251187,0.0003050046283580854,burn-in
99,0.0,0.5,0.5,2.4000000000000004,0.6931471803599453,0.041085937417469486,0.0018969090049576129,burn-in
100,0.75,0.0,0.25,2.3437500000000004,0.5623351444188083,0.042998087207133065,0.0019121497896635795,burn-in
101,0.5,0.0,0.5,2.41875,0.6931471803599453,0.03929697405830235,0.0037011131488307175,tail
102,0.75,0.0,0.25,2.475,0.5623351444188083,0.039750982692255514,0.00045400863395316654,tail
103,0.25,0.25,0.5,2.4000000000000004,1.0397207705399178,0.04388133066072125,0.004130347968465738,tail
104,0.0,0.25,0.75,2.41875,0.5623351444188083,0.04343708033370415,0.0004442503270171011,tail
105,0.5,0.0,0.5,2.4375,0.6931471803599453,0.04625066159436716,0.0028135812606630076,tail
106,0.5,0.0,0.5,2.45625,0.6931471803599453,0.046638705350873076,0.00038804375650591805,tail
107,0.25,0.5,0.25,2.4749999999999996,1.0397207705399178,0.04702716505884893,0.0003884597079758523,tail
108,0.25,0.25,0.5,2.49375,1.0397207705399178,0.046709429811691495,0.00031773524715743295,tail
109,0.75,0.25,0.0,2.5687499999999996,0.5623351444188083,0.050087215601055966,0.003377785789364471,tail
110,1.0,0.0,0.0,2.625,-1.000000082690371e-10,0.04858948378021498,0.0014977318208409876,tail
111,0.25,0.25,0.5,2.64375,1.0397207705399178,0.05123007742853145,0.0026405936483164735,tail
112,0.5,0.5,0.0,2.6624999999999996,0.6931471803599453,0.05391142185335119,0.002681344424819737,tail
113,0.0,0.75,0.25,2.68125,0.5623351444188083,0.056627728656354986,0.002716306803003797,tail
114,0.25,0.0,0.75,2.7562499999999996,0.5623351444188083,0.05309976524848706,0.003527963407867929,tail
115,0.0,0.5,0.5,2.8312499999999994,0.6931471803599453,0.04975284400022878,0.0033469212482582777,tail
116,0.5,0.0,0.5,2.8874999999999997,0.6931471803599453,0.05145133640014707,0.0016984923999182888,tail
117,0.25,0.5,0.25,2.9625,1.0397207705399178,0.055135254305762424,0.0036839179056153554,tail
118,0.5,0.25,0.25,2.9062499999999996,1.0397207705399178,0.0567070934226436,0.0015718391168811768,tail
119,0.25,0.25,0.5,2.9625,1.0397207705399178,0.05509096407684886,0.001616129345794741,tail
120,0.25,0.25,0.5,3.01875,1.0397207705399178,0.053738067958539894,0.001352896118308966,tail
121,0.75,0.0,0.25,3.0749999999999997,0.5623351444188083,0.049684944902857534,0.00405312305568236,tail
122,0.0,0.5,0.5,3.1312499999999996,0.6931471803599453,0.05137909300402891,0.0016941481011713763,tail
123,0.25,0.5,0.25,3.1499999999999995,1.0397207705399178,0.05396858412925667,0.002589491125227758,tail
124,0.25,0.25,0.5,3.1687499999999997,1.0397207705399178,0.056599182396185346,0.0026305982669286784,tail
125,0.5,0.0,0.5,3.1874999999999996,0.6931471803599453,0.05926541422209634,0.0026662318259109904,tail
126,0.25,0.25,0.5,3.206249999999999,1.0397207705399178,0.05880123357077161,0.00046418065132472486,tail
127,0.5,0.25,0.25,3.281249999999999,1.0397207705399178,0.06236503483078026,0.003563801260008645,tail
128,0.5,0.25,0.25,3.281249999999999,1.0397207705399178,0.06236503483078026,0.0,tail
129,0.5,0.25,0.25,3.2999999999999994,1.0397207705399178,0.06272943996951413,0.00036440513873387675,tail
130,0.25,0.5,0.25,3.2999999999999994,1.0397207705399178,0.06272943996951413,0.0,tail
131,0.25,0.25,0.5,3.318749999999999,1.0397207705399178,0.06309443704567858,0.00036499707616444166,tail
132,0.5,0.25,0.25,3.374999999999999,1.0397207705399178,0.0635630189534151,0.00046858190773652053,tail
133,0.25,0.25,0.5,3.3187499999999988,1.0397207705399178,0.06539361656007062,0.0018305976066555207,tail
134,0.0,0.75,0.25,3.393749999999999,0.5623351444188083,0.06185039143076522,0.003543225129305397,tail
135,0.75,0.25,0.0,3.4124999999999988,0.5623351444188083,0.06287667741301213,0.0010262859822469106,tail
136,0.25,0.5,0.25,3.4124999999999988,1.0397207705399178,0.06287667741301213,0.0,tail
137,0.0,0.25,0.75,3.4687499999999987,0.5623351444188083,0.061475732000521886,0.001400945412490244,tail
138,0.25,0.75,0.0,3.524999999999999,0.5623351444188083,0.055823405522832915,0.005652326477688971,tail
139,0.5,0.25,0.25,3.524999999999999,1.0397207705399178,0.055823405522832915,0.0,tail
140,0.25,0.5,0.25,3.543749999999999,1.0397207705399178,0.05617416183917049,0.00035075631633757487,tail
141,0.5,0.0,0.5,3.468749999999999,0.6931471803599453,0.060032904750459685,0.0038587429112891952,tail
142,0.0,0.5,0.5,3.5437499999999984,0.6931471803599453,0.06367325173187792,0.003640346981418234,tail
143,0.5,0.25,0.25,3.5624999999999987,1.0397207705399178,0.06339453252033811,0.00027871921153981016,tail
144,0.5,0.0,0.5,3.637499999999999,0.6931471803599453,0.060441622001224264,0.0029529105191138452,tail
145,0.75,0.0,0.25,3.6937499999999988,0.5623351444188083,0.05886456397834861,0.001577058022875652,tail
146,0.75,0.25,0.0,3.712499999999999,0.5623351444188083,0.06146641542903272,0.0026018514506841103,tail
147,0.25,0.25,0.5,3.7312499999999984,1.0397207705399178,0.062486679135992124,0.0010202637069594012,tail
148,0.75,0.0,0.25,3.6562499999999987,0.5623351444188083,0.06566855697363841,0.0031818778376462853,tail
149,0.5,0.0,0.5,3.5999999999999988,0.6931471803599453,0.06743083197391561,0.0017622750002772025,tail
150,0.25,0.5,0.25,3.6562499999999987,1.0397207705399178,0.06532827095608079,0.0021025610178348197,tail
151,0.25,0.25,0.5,3.674999999999999,1.0397207705399178,0.06503151279379867,0.00029675816228212637,tail
152,0.75,0.0,0.25,3.731249999999999,0.5623351444188083,0.0629812444524382,0.0020502683413604617,tail
153,0.5,0.25,0.25,3.674999999999999,1.0397207705399178,0.06469351152957907,0.0017122670771408666,tail
154,0.25,0.0,0.75,3.7312499999999984,0.5623351444188083,0.05894361197246998,0.005749899557109091,tail
155,0.0,0.5,0.5,3.8062499999999986,0.6931471803599453,0.05562453573464175,0.0033190762378282265,tail
156,0.5,0.0,0.5,3.8062499999999986,0.6931471803599453,0.05562453573464175,0.0,tail
157,0.25,0.25,0.5,3.824999999999999,1.0397207705399178,0.05535644440803612,0.0002680913266056295,tail
158,0.5,0.25,0.25,3.8812499999999988,1.0397207705399178,0.05366726918010635,0.0016891752279297734,tail
159,0.0,0.75,0.25,3.9374999999999982,0.5623351444188083,0.054155623874369806,0.0004883546942634556,tail
160,0.5,0.5,0.0,4.012499999999998,0.6931471803599453,0.05092333221509447,0.003232291659275334,tail
161,0.25,0.5,0.25,4.068749999999999,1.0397207705399178,0.04967124559429609,0.0012520866207983844,tail
162,0.0,1.0,0.0,4.087499999999998,-1.000000082690371e-10,0.04999401005787249,0.00032276446357640265,tail
163,0.25,0.25,0.5,4.143749999999998,1.0397207705399178,0.04848008880372078,0.001513921254151708,tail
164,0.25,0.0,0.75,4.218749999999998,0.5623351444188083,0.052289819854505606,0.0038097310507848245,tail
165,0.25,0.75,0.0,4.237499999999998,0.5623351444188083,0.05206351289530878,0.00022630695919682864,tail
166,0.75,0.0,0.25,4.256249999999998,0.5623351444188083,0.05435080879496324,0.0022872958996544637,tail
167,0.25,0.0,0.75,4.312499999999998,0.5623351444188083,0.05274325671090293,0.0016075520840603125,tail
168,0.25,0.75,0.0,4.331249999999999,0.5623351444188083,0.05224453387144373,0.0004987228394591967,tail
169,0.25,0.75,0.0,4.349999999999999,0.5623351444188083,0.05174607892418291,0.0004984549472608207,tail
170,0.5,0.5,0.0,4.406249999999998,0.6931471803599453,0.05022841921882679,0.0015176597053561183,tail
171,0.0,0.25,0.75,4.349999999999998,0.5623351444188083,0.05149167695015262,0.00126325773132583,tail
172,0.5,0.25,0.25,4.368749999999998,1.0397207705399178,0.05229492021750821,0.0008032432673555842,tail
173,0.5,0.5,0.0,4.443749999999999,0.6931471803599453,0.04922371337407743,0.0030712068434307765,tail
174,0.75,0.0,0.25,4.518749999999998,0.5623351444188083,0.0530192083902931,0.0037954950162156706,tail
175,0.5,0.25,0.25,4.5749999999999975,1.0397207705399178,0.051345207129184715,0.0016740012611083863,tail
176,0.0,0.75,0.25,4.5749999999999975,0.5623351444188083,0.051345207129184715,0.0,tail
177,0.25,0.25,0.5,4.631249999999998,1.0397207705399178,0.05184254339396887,0.0004973362647841539,tail
178,0.0,0.75,0.25,4.687499999999998,0.5623351444188083,0.05360811781007496,0.001765574416106093,tail
179,0.0,0.75,0.25,4.706249999999998,0.5623351444188083,0.053920840416762664,0.00031272260668770147,tail
180,0.0,0.5,0.5,4.631249999999998,0.6931471803599453,0.05739730034422826,0.0034764599274655986,tail
181,0.25,0.5,0.25,4.706249999999998,1.0397207705399178,0.05459569278009828,0.0028016075641299834,tail
182,0.5,0.0,0.5,4.649999999999998,0.6931471803599453,0.05593280163384543,0.0013371088537471529,tail
183,0.25,0.25,0.5,4.6687499999999975,1.0397207705399178,0.05570029626018352,0.00023250537366191482,tail
184,0.5,0.25,0.25,4.724999999999997,1.0397207705399178,0.054035948039759106,0.0016643482204244109,tail
185,0.75,0.0,0.25,4.781249999999997,0.5623351444188083,0.06012471485841361,0.006088766818654501,tail
186,0.5,0.25,0.25,4.8562499999999975,1.0397207705399178,0.057052352450524584,0.0030723624078890233,tail
187,0.0,0.5,0.5,4.874999999999997,0.6931471803599453,0.05998896021121061,0.002936607760686029,tail
188,0.75,0.0,0.25,4.799999999999997,0.5623351444188083,0.06346462542673319,0.003475665215522575,tail
189,0.5,0.25,0.25,4.818749999999998,1.0397207705399178,0.06322291292522034,0.00024171250151285018,tail
190,0.25,0.5,0.25,4.893749999999998,1.0397207705399178,0.06700078707560075,0.003777874150380417,tail
191,1.0,0.0,0.0,4.912499999999997,-1.000000082690371e-10,0.0667626392528036,0.00023814782279715785,tail
192,0.25,0.0,0.75,4.987499999999998,0.5623351444188083,0.06401725027938421,0.002745388973419388,tail
193,0.25,0.5,0.25,5.062499999999998,1.0397207705399178,0.06149830620973758,0.002518944069646631,tail
194,0.25,0.25,0.5,5.118749999999998,1.0397207705399178,0.06199774931510714,0.0004994431053695625,tail
195,0.75,0.0,0.25,5.1374999999999975,0.5623351444188083,0.061798936131169956,0.000198813183937184,tail
196,0.25,0.5,0.25,5.156249999999998,1.0397207705399178,0.06160189799677875,0.0001970381343912031,tail
197,0.25,0.75,0.0,5.099999999999998,0.5623351444188083,0.06278091729489839,0.0011790192981196365,tail
198,0.5,0.5,0.0,5.174999999999998,0.6931471803599453,0.06660084641395733,0.003819929119058943,tail
199,0.5,0.0,0.5,5.231249999999998,0.6931471803599453,0.06710187049781498,0.0005010240838576457,tail
200,0.25,0.0,0.75,5.249999999999998,0.5623351444188083,0.06927265035210892,0.002170779854293939,tail
201,0.25,0.5,0.25,5.306249999999999,1.0397207705399178,0.06759372351286258,0.0016789268392463363,tail
202,0.5,0.25,0.25,5.3249999999999975,1.0397207705399178,0.06983166142588892,0.0022379379130263444,tail
203,0.5,0.25,0.25,5.3437499999999964,1.0397207705399178,0.07277089894070891,0.0029392375148199895,tail
204,0.0,0.5,0.5,5.399999999999997,0.6931471803599453,0.07326902364839363,0.000498124707684719,tail
205,0.25,0.0,0.75,5.3249999999999975,0.5623351444188083,0.0757682584797588,0.0024992348313651602,tail
206,0.25,0.0,0.75,5.343749999999998,0.5623351444188083,0.07553180954718487,0.00023644893257392108,tail
207,0.0,0.5,0.5,5.362499999999998,0.6931471803599453,0.07788136733822931,0.0023495577910444404,tail
208,0.5,0.0,0.5,5.437499999999998,0.6931471803599453,0.0750560005049932,0.002825366833236115,tail
209,0.0,0.0,1.0,5.493749999999998,-1.000000082690371e-10,0.07385192168661248,0.0012040788183807216,tail
210,0.5,0.25,0.25,5.437499999999998,1.0397207705399178,0.07735443879564304,0.003502517109030559,tail
211,0.5,0.25,0.25,5.5124999999999975,1.0397207705399178,0.08113710639850434,0.003782667602861306,tail
212,0.25,0.25,0.5,5.5312499999999964,1.0397207705399178,0.08407236621159567,0.002935259813091326,tail
213,0.25,0.0,0.75,5.474999999999998,0.5623351444188083,0.08778097743816707,0.003708611226571401,tail
214,0.5,0.5,0.0,5.531249999999997,0.6931471803599453,0.08827450133988607,0.0004935239017190007,tail
215,0.25,0.25,0.5,5.549999999999997,1.0397207705399178,0.088607037142938,0.0003325358030519254,tail
216,0.25,0.5,0.25,5.6062499999999975,1.0397207705399178,0.08684444906459665,0.0017625880783413428,tail
217,0.5,0.25,0.25,5.624999999999997,1.0397207705399178,0.08659659877927585,0.00024785028532080255,tail
218,0.5,0.25,0.25,5.681249999999997,1.0397207705399178,0.0883545080752658,0.0017579092959899567,tail
219,0.0,0.75,0.25,5.737499999999997,0.5623351444188083,0.08710367585367572,0.0012508322215900869,tail
220,0.25,0.5,0.25,5.756249999999997,1.0397207705399178,0.08660640182345385,0.0004972740302218726,tail
221,0.5,0.5,0.0,5.699999999999997,0.6931471803599453,0.08823151807177523,0.0016251162483213871,tail
222,0.0,0.75,0.25,5.756249999999997,0.5623351444188083,0.089989843176883,0.0017583251051077609,tail
223,0.5,0.0,0.5,5.699999999999997,0.6931471803599453,0.09145128342228628,0.0014614402454032893,tail
224,0.5,0.0,0.5,5.756249999999996,0.6931471803599453,0.08737082727279924,0.004080456149487044,tail
225,0.0,0.5,0.5,5.8124999999999964,0.6931471803599453,0.08574837269673911,0.0016224545760601256,tail
226,0.5,0.25,0.25,5.831249999999996,1.0397207705399178,0.08605964047537024,0.00031126777863112187,tail
227,0.5,0.25,0.25,5.849999999999996,1.0397207705399178,0.08583140167729333,0.00022823879807690184,tail
228,0.25,0.0,0.75,5.868749999999997,0.5623351444188083,0.08811786811172605,0.002286466434432713,tail
229,0.25,0.5,0.25,5.924999999999996,1.0397207705399178,0.08861587331551954,0.0004980052037934918,tail
230,0.25,0.5,0.25,5.868749999999997,1.0397207705399178,0.09000376149546929,0.0013878881799497533,tail
231,0.5,0.5,0.0,5.793749999999997,0.6931471803599453,0.09353460441046522,0.0035308429149959325,tail
232,1.0,0.0,0.0,5.737499999999996,-1.000000082690371e-10,0.09941087315474548,0.0058762687442802525,tail
233,0.5,0.25,0.25,5.756249999999996,1.0397207705399178,0.09975072228922569,0.0003398491344802079,tail
234,0.5,0.25,0.25,5.812499999999996,1.0397207705399178,0.10023865835331307,0.00048793606408738255,tail
235,0.5,0.5,0.0,5.831249999999996,0.6931471803599453,0.10272847799404129,0.0024898196407282247,tail
236,0.25,0.75,0.0,5.849999999999996,0.5623351444188083,0.10246443319242267,0.00026404480161862365,tail
237,0.25,0.25,0.5,5.793749999999996,1.0397207705399178,0.10418604819691021,0.001721615004487545,tail
238,0.5,0.25,0.25,5.849999999999996,1.0397207705399178,0.10233956999521526,0.001846478201694951,tail
239,0.25,0.25,0.5,5.924999999999995,1.0397207705399178,0.10605993825885543,0.003720368263640167,tail
240,0.25,0.5,0.25,5.999999999999996,1.0397207705399178,0.10304711073703138,0.003012827521824052,tail
241,0.75,0.25,0.0,6.056249999999995,0.5623351444188083,0.10353385282387378,0.0004867420868424066,tail
242,0.5,0.0,0.5,6.112499999999995,0.6931471803599453,0.10526153976392431,0.0017276869400505296,tail
243,0.5,0.25,0.25,6.112499999999995,1.0397207705399178,0.10526153976392431,0.0,tail
244,0.0,0.5,0.5,6.131249999999996,0.6931471803599453,0.10814750889667107,0.00288596913274676,tail
245,0.5,0.25,0.25,6.187499999999996,1.0397207705399178,0.1086366686770631,0.0004891597803920317,tail
246,0.5,0.5,0.0,6.2062499999999945,0.6931471803599453,0.1083791970224093,0.0002574716546538125,tail
247,0.0,0.75,0.25,6.224999999999994,0.5623351444188083,0.11127532678313923,0.0028961297607299347,tail
248,0.25,0.75,0.0,6.243749999999995,0.5623351444188083,0.1107847167808909,0.000490610002248329,tail
249,0.0,0.25,0.75,6.2999999999999945,0.5623351444188083,0.10930307158691065,0.0014816451939802522,tail
250,0.25,0.5,0.25,6.243749999999995,1.0397207705399178,0.11080031423879921,0.0014972426518885668,tail
251,0.5,0.0,0.5,6.168749999999996,0.6931471803599453,0.11448567618738743,0.00368536194858822,tail
252,0.25,0.25,0.5,6.224999999999996,1.0397207705399178,0.11037399725856328,0.00411167892882415,tail
253,0.0,1.0,0.0,6.281249999999996,-1.000000082690371e-10,0.10904853659418515,0.0013254606643781364,tail
254,0.25,0.25,0.5,6.356249999999996,1.0397207705399178,0.10604575139480552,0.0030027851993796317,tail
255,0.75,0.0,0.25,6.412499999999995,0.5623351444188083,0.10435524804790075,0.0016905033469047648,tail
256,0.25,0.0,0.75,6.468749999999996,0.5623351444188083,0.10484201904929785,0.0004867710013971016,tail
257,0.0,0.75,0.25,6.524999999999996,0.5623351444188083,0.11083487036841487,0.005992851319117018,tail
258,0.0,0.75,0.25,6.543749999999996,0.5623351444188083,0.11175847438660846,0.0009236040181935939,tail
259,0.5,0.5,0.0,6.618749999999996,0.6931471803599453,0.10874095588190824,0.003017518504700223,tail
260,1.0,0.0,0.0,6.674999999999996,-1.000000082690371e-10,0.10922850705503678,0.000487551173128542,tail
261,0.25,0.5,0.25,6.731249999999996,1.0397207705399178,0.11095890442962303,0.0017303973745862455,tail
262,0.25,0.25,0.5,6.749999999999996,1.0397207705399178,0.1106989571521942,0.0002599472774288264,tail
263,0.75,0.25,0.0,6.824999999999995,0.5623351444188083,0.10763851904058319,0.0030604381116110108,tail
264,0.25,0.0,0.75,6.843749999999995,0.5623351444188083,0.10797084587529991,0.0003323268347167202,tail
265,0.0,0.5,0.5,6.862499999999995,0.6931471803599453,0.11087637009049504,0.002905524215195132,tail
266,0.25,0.5,0.25,6.881249999999995,1.0397207705399178,0.11062702250191347,0.00024934758858156936,tail
267,0.5,0.0,0.5,6.899999999999994,0.6931471803599453,0.11095770942683514,0.00033068692492166374,tail
268,0.25,0.25,0.5,6.956249999999994,1.0397207705399178,0.10968525638731025,0.00127245303952489,tail
269,0.25,0.25,0.5,7.012499999999993,1.0397207705399178,0.11143499366222434,0.0017497372749140927,tail
270,0.25,0.25,0.5,7.031249999999995,1.0397207705399178,0.11118886623981028,0.0002461274224140608,tail
271,0.25,0.25,0.5,7.049999999999994,1.0397207705399178,0.1115164431852739,0.00032757694546362015,tail
272,0.5,0.25,0.25,6.974999999999994,1.0397207705399178,0.11510813341581129,0.0035916902305373893,tail
273,0.0,0.75,0.25,6.993749999999994,0.5623351444188083,0.11755247978444444,0.002444346368633152,tail
274,0.25,0.75,0.0,7.049999999999994,0.5623351444188083,0.11928756978644317,0.0017350900019987292,tail
275,0.5,0.5,0.0,7.106249999999994,0.6931471803599453,0.11977739226547159,0.000489822479028415,tail
276,0.0,0.5,0.5,7.162499999999993,0.6931471803599453,0.11813057012146433,0.0016468221440072567,tail
277,0.5,0.5,0.0,7.237499999999994,0.6931471803599453,0.12187236464387184,0.0037417945224075128,tail
278,0.25,0.5,0.25,7.256249999999993,1.0397207705399178,0.12432544378453754,0.002453079140665698,tail
279,0.25,0.25,0.5,7.274999999999993,1.0397207705399178,0.1252529194741805,0.0009274756896429509,tail
280,0.5,0.0,0.5,7.331249999999994,0.6931471803599453,0.1235895143430685,0.001663405131111989,tail
281,0.25,0.5,0.25,7.331249999999994,1.0397207705399178,0.1235895143430685,0.0,tail
282,0.75,0.0,0.25,7.387499999999994,0.5623351444188083,0.11939743281078333,0.0041920815322851745,tail
283,0.0,0.25,0.75,7.331249999999993,0.5623351444188083,0.1231505825086597,0.003753149697876379,tail
284,0.5,0.25,0.25,7.406249999999993,1.0397207705399178,0.1268960505251793,0.003745468016519593,tail
285,0.0,0.0,1.0,7.462499999999993,-1.000000082690371e-10,0.1273872748556105,0.0004912243304311947,tail
286,0.75,0.25,0.0,7.387499999999993,0.5623351444188083,0.13018068539800526,0.002793410542394764,tail
287,0.5,0.0,0.5,7.443749999999994,0.6931471803599453,0.12851753555233003,0.001663149845675227,tail
288,0.0,0.5,0.5,7.518749999999994,0.6931471803599453,0.12527368649392318,0.0032438490584068558,tail
289,0.25,0.5,0.25,7.574999999999994,1.0397207705399178,0.12576654028894155,0.000492853795018372,tail
290,0.0,0.5,0.5,7.6312499999999925,0.6931471803599453,0.12625954996883718,0.0004930096798956285,tail
291,0.25,0.5,0.25,7.687499999999993,1.0397207705399178,0.1267527137146488,0.0004931637458116256,tail
292,0.25,0.75,0.0,7.706249999999994,0.5623351444188083,0.12765414157445523,0.0009014278598064307,tail
293,0.25,0.25,0.5,7.762499999999993,1.0397207705399178,0.1258954610011592,0.0017586805732960342,tail
294,0.25,0.5,0.25,7.687499999999992,1.0397207705399178,0.12863716907395417,0.002741708072794974,tail
295,0.25,0.25,0.5,7.743749999999993,1.0397207705399178,0.1244498588231865,0.00418731025076767,tail
296,0.75,0.0,0.25,7.799999999999993,0.5623351444188083,0.12620533622775645,0.0017554774045699523,tail
297,0.5,0.5,0.0,7.724999999999994,0.6931471803599453,0.12976515412734804,0.0035598178995915886,tail
298,0.25,0.5,0.25,7.743749999999992,1.0397207705399178,0.13009588644587822,0.0003307323185301747,tail
299,0.5,0.25,0.25,7.818749999999994,1.0397207705399178,0.12705277808902427,0.003043108356853952,tail
300,0.5,0.25,0.25,7.874999999999993,1.0397207705399178,0.12539956278720502,0.0016532153018192497,tail
301,0.0,0.25,0.75,7.874999999999993,0.5623351444188083,0.12539956278720502,0.0,tail
302,0.5,0.5,0.0,7.949999999999992,0.6931471803599453,0.12915546322380442,0.003755900436599402,tail
303,0.25,0.75,0.0,7.893749999999993,0.5623351444188083,0.13063549765101262,0.0014800344272082044,tail
304,0.5,0.25,0.25,7.9124999999999925,1.0397207705399178,0.13014420754280384,0.0004912901082087806,tail
305,0.25,0.5,0.25,7.987499999999993,1.0397207705399178,0.1271343374425037,0.003009870100300155,tail
306,0.25,0.0,0.75,8.006249999999993,0.5623351444188083,0.1266410387314167,0.000493298711086998,tail
307,0.25,0.25,0.5,8.024999999999993,1.0397207705399178,0.12752734592366177,0.0008863071922450838,tail
308,0.75,0.25,0.0,8.081249999999994,0.5623351444188083,0.12802002644172059,0.0004926805180588134,tail
309,0.5,0.25,0.25,8.156249999999993,1.0397207705399178,0.12507944176990946,0.0029405846718111306,tail
310,0.5,0.0,0.5,8.174999999999992,0.6931471803599453,0.12745206240703014,0.0023726206371206815,tail
311,0.25,0.5,0.25,8.19374999999999,1.0397207705399178,0.12833082383910027,0.0008787614320701354,tail
312,0.25,0.25,0.5,8.118749999999991,1.0397207705399178,0.13105506025882563,0.0027242364197253566,tail
313,0.25,0.5,0.25,8.193749999999993,1.0397207705399178,0.13480646492698736,0.003751404668161734,tail
314,0.75,0.0,0.25,8.249999999999993,0.5623351444188083,0.14085394480582028,0.006047479878832918,tail
315,0.5,0.25,0.25,8.268749999999992,1.0397207705399178,0.1406033069687748,0.0002506378370454865,tail
316,0.5,0.5,0.0,8.343749999999991,0.6931471803599453,0.14437782585017053,0.0037745188813957387,tail
317,0.5,0.25,0.25,8.362499999999992,1.0397207705399178,0.14527124563735155,0.0008934197871810212,tail
318,0.75,0.0,0.25,8.418749999999992,0.5623351444188083,0.14352735777737813,0.0017438878599734253,tail
319,0.0,0.0,1.0,8.437499999999991,-1.000000082690371e-10,0.1459200991886388,0.002392741411260668,tail
320,0.5,0.0,0.5,8.493749999999991,0.6931471803599453,0.14432277043478683,0.001597328753851962,tail
321,0.5,0.25,0.25,8.549999999999992,1.0397207705399178,0.14261217563338988,0.0017105948013969585,tail
322,0.5,0.25,0.25,8.606249999999992,1.0397207705399178,0.14310810338157712,0.0004959277481872415,tail
323,0.5,0.0,0.5,8.624999999999991,0.6931471803599453,0.14286637538370506,0.0002417279978720599,tail
324,0.75,0.0,0.25,8.643749999999992,0.5623351444188083,0.14262528149013007,0.00024109389357498956,tail
325,0.0,0.25,0.75,8.587499999999991,0.5623351444188083,0.14835964917548228,0.00573436768535221,tail
326,0.5,0.25,0.25,8.606249999999992,1.0397207705399178,0.14811084086101028,0.00024880831447199325,tail
327,0.5,0.25,0.25,8.624999999999991,1.0397207705399178,0.1490021220602988,0.0008912811992885239,tail
328,0.5,0.25,0.25,8.624999999999991,1.0397207705399178,0.1490021220602988,0.0,tail
329,0.5,0.25,0.25,8.64374999999999,1.0397207705399178,0.148751814881552,0.0002503071787468003,tail
330,0.75,0.0,0.25,8.718749999999991,0.5623351444188083,0.15251782113539664,0.003766006253844628,tail
331,0.75,0.25,0.0,8.774999999999991,0.5623351444188083,0.15085806225693282,0.0016597588784638129,tail
332,0.75,0.25,0.0,8.79374999999999,0.5623351444188083,0.15118824927470373,0.0003301870177709054,tail
333,0.0,0.25,0.75,8.81249999999999,0.5623351444188083,0.15069527809549219,0.0004929711792115432,tail
334,0.25,0.25,0.5,8.73749999999999,1.0397207705399178,0.1534422988047949,0.0027470207093027166,tail
335,0.25,0.25,0.5,8.75624999999999,1.0397207705399178,0.1558942951169156,0.0024519963121207022,tail
336,0.5,0.0,0.5,8.774999999999991,0.6931471803599453,0.15623235178110687,0.0003380566641912608,tail
337,0.75,0.25,0.0,8.83124999999999,0.5623351444188083,0.15493040552311071,0.0013019462579961505,tail
338,0.0,0.25,0.75,8.90624999999999,0.5623351444188083,0.15867843968927284,0.003748034166162123,tail
339,0.5,0.25,0.25,8.92499999999999,1.0397207705399178,0.16158407603619912,0.0029056363469262825,tail
340,0.0,0.25,0.75,8.943749999999989,0.5623351444188083,0.16449412666819835,0.002910050631999228,tail
341,0.5,0.5,0.0,8.99999999999999,0.6931471803599453,0.16286754507753617,0.001626581590662174,tail
342,0.5,0.0,0.5,9.05624999999999,0.6931471803599453,0.16159549147356583,0.0012720536039703412,tail
343,0.25,0.75,0.0,9.11249999999999,0.5623351444188083,0.15749741234646766,0.00409807912709817,tail
344,0.25,0.0,0.75,9.03749999999999,0.5623351444188083,0.16014179101398426,0.0026443786675166003,tail
345,1.0,0.0,0.0,9.11249999999999,-1.000000082690371e-10,0.16392724980663406,0.0037854587926497985,tail
346,0.5,0.25,0.25,9.16874999999999,1.0397207705399178,0.16267551418903403,0.0012517356176000305,tail
347,0.75,0.25,0.0,9.18749999999999,0.5623351444188083,0.1635501868799671,0.0008746726909330815,tail
348,0.0,0.5,0.5,9.26249999999999,0.6931471803599453,0.16063927330659886,0.0029109135733682567,tail
349,0.25,0.5,0.25,9.187499999999991,1.0397207705399178,0.16326953606306951,0.002630262756470658,tail
350,0.25,0.5,0.25,9.24374999999999,1.0397207705399178,0.16170420526380863,0.0015653307992608834,tail
351,0.75,0.25,0.0,9.29999999999999,0.5623351444188083,0.16346780311807566,0.0017635978542670239,tail
352,0.25,0.25,0.5,9.374999999999991,1.0397207705399178,0.160364873944199,0.0031029291738766673,tail
353,0.75,0.25,0.0,9.43124999999999,0.5623351444188083,0.16213500140486473,0.001770127460665738,tail
354,0.75,0.25,0.0,9.44999999999999,0.5623351444188083,0.16508746760976584,0.0029524662049011108,tail
355,0.25,0.25,0.5,9.50624999999999,1.0397207705399178,0.17122794363232732,0.006140476022561486,tail
356,0.25,0.75,0.0,9.562499999999991,0.5623351444188083,0.16973107431111567,0.0014968693212116524,tail
357,0.25,0.25,0.5,9.618749999999991,1.0397207705399178,0.17023250032431106,0.0005014260131953885,tail
358,0.25,0.25,0.5,9.693749999999993,1.0397207705399178,0.16750202113208432,0.0027304791922267424,tail
359,0.0,0.75,0.25,9.693749999999993,0.5623351444188083,0.16750202113208432,0.0,tail
360,0.5,0.0,0.5,9.712499999999991,0.6931471803599453,0.16727825418420816,0.0002237669478761528,tail
361,0.5,0.25,0.25,9.731249999999992,1.0397207705399178,0.1670550786583738,0.00022317552583436817,tail
362,0.5,0.25,0.25,9.78749999999999,1.0397207705399178,0.16341462820630664,0.003640450452067151,tail
363,0.5,0.25,0.25,9.843749999999993,1.0397207705399178,0.16520023624545888,0.001785608039152231,tail
364,0.25,0.5,0.25,9.768749999999992,1.0397207705399178,0.1684412917012924,0.0032410554558335303,tail
365,0.25,0.5,0.25,9.824999999999992,1.0397207705399178,0.1689439741637738,0.0005026824624813908,tail
366,0.0,0.5,0.5,9.824999999999992,0.6931471803599453,0.1689439741637738,0.0,tail
367,0.75,0.25,0.0,9.88124999999999,0.5623351444188083,0.1677864039299665,0.0011575702338073035,tail
368,0.0,0.75,0.25,9.937499999999991,0.5623351444188083,0.16609445783532628,0.001691946094640212,tail
369,0.5,0.5,0.0,9.99374999999999,0.6931471803599453,0.16256904115593765,0.003525416679388632,tail
370,0.0,0.25,0.75,10.06874999999999,0.5623351444188083,0.1601503051064664,0.0024187360494712373,tail
371,0.25,0.25,0.5,10.01249999999999,1.0397207705399178,0.16157701149099446,0.001426706384528048,tail
372,0.25,0.5,0.25,10.06874999999999,1.0397207705399178,0.16019105888663718,0.0013859526043572823,tail
373,0.5,0.25,0.25,10.087499999999991,1.0397207705399178,0.16047402924616755,0.0002829703595303712,tail
374,0.25,0.5,0.25,10.03124999999999,1.0397207705399178,0.16163479738501327,0.0011607681388457192,tail
375,0.25,0.25,0.5,10.08749999999999,1.0397207705399178,0.1621380584563656,0.0005032610713523455,tail
376,0.5,0.5,0.0,10.14374999999999,0.6931471803599453,0.16103687465919053,0.0011011837971750815,tail
377,0.0,0.25,0.75,10.19999999999999,0.5623351444188083,0.1628224645063343,0.0017855898471437759,tail
378,0.0,0.5,0.5,10.21874999999999,0.6931471803599453,0.16310696074159722,0.00028449623526291545,tail
379,0.25,0.5,0.25,10.27499999999999,1.0397207705399178,0.16173372481661139,0.0013732359249858384,tail
380,0.5,0.0,0.5,10.33124999999999,0.6931471803599453,0.16351957255215266,0.0017858477355412739,tail
381,0.25,0.5,0.25,10.38749999999999,1.0397207705399178,0.16970642799077676,0.0061868554386241,tail
382,0.0,0.5,0.5,10.44374999999999,0.6931471803599453,0.16801001721747566,0.0016964107733010991,tail
383,0.25,0.5,0.25,10.38749999999999,1.0397207705399178,0.1730147324832478,0.005004715265772147,tail
384,0.75,0.0,0.25,10.40624999999999,0.5623351444188083,0.17374542360080172,0.0007306911175539166,tail
385,0.0,0.75,0.25,10.462499999999991,0.5623351444188083,0.17552979947425462,0.001784375873452898,tail
386,0.5,0.25,0.25,10.51874999999999,1.0397207705399178,0.17422055087509633,0.0013092485991582914,tail
387,0.5,0.5,0.0,10.51874999999999,0.6931471803599453,0.17422055087509633,0.0,tail
388,0.5,0.25,0.25,10.593749999999991,1.0397207705399178,0.1780666668616617,0.0038461159865653682,tail
389,0.25,0.5,0.25,10.64999999999999,1.0397207705399178,0.17667031369073619,0.0013963531709255128,tail
390,0.75,0.0,0.25,10.706249999999992,0.5623351444188083,0.17541479116178635,0.0012555225289498373,tail
391,0.5,0.25,0.25,10.781249999999991,1.0397207705399178,0.17271903867102845,0.0026957524907579022,tail
392,0.5,0.25,0.25,10.79999999999999,1.0397207705399178,0.17473613788207704,0.0020170992110485897,tail
393,0.25,0.0,0.75,10.856249999999992,0.5623351444188083,0.17047779949755207,0.004258338384524968,tail
394,0.25,0.25,0.5,10.91249999999999,1.0397207705399178,0.17226310474661785,0.0017853052490657828,tail
395,0.0,0.25,0.75,10.968749999999993,0.5623351444188083,0.1740490619189339,0.001785957172316055,tail
396,0.0,0.25,0.75,11.024999999999991,0.5623351444188083,0.17583565114980962,0.0017865892308757125,tail
397,0.5,0.0,0.5,11.081249999999992,0.6931471803599453,0.17461462154993648,0.0012210295998731358,tail
398,0.5,0.5,0.0,11.099999999999993,0.6931471803599453,0.1741108164040611,0.0005038051458753912,tail
399,0.0,0.25,0.75,11.174999999999994,0.5623351444188083,0.17795930402451188,0.0038484876204507856,tail
400,0.25,0.25,0.5,11.118749999999991,1.0397207705399178,0.18085096760216318,0.0028916635776513044,tail
401,0.25,0.25,0.5,11.174999999999992,1.0397207705399178,0.17915458050319993,0.001696387098963248,tail
402,0.25,0.5,0.25,11.09999999999999,1.0397207705399178,0.1810808462853047,0.0019262657821047524,tail
403,0.25,0.25,0.5,11.174999999999994,1.0397207705399178,0.1783008399456547,0.0027800063396499763,tail
404,0.75,0.25,0.0,11.23124999999999,0.5623351444188083,0.1766034499500691,0.0016973899955856075,tail
405,0.25,0.5,0.25,11.28749999999999,1.0397207705399178,0.17551199009846755,0.0010914598516015561,tail
406,0.5,0.5,0.0,11.362499999999992,0.6931471803599453,0.17319664579076485,0.0023153443077026936,tail
407,0.0,0.5,0.5,11.41874999999999,0.6931471803599453,0.17213832227958326,0.001058323511181597,tail
408,0.5,0.25,0.25,11.493749999999991,1.0397207705399178,0.16994374861134717,0.002194573668236083,tail
409,0.5,0.25,0.25,11.51249999999999,1.0397207705399178,0.17189950615587551,0.0019557575445283415,tail
410,0.25,0.25,0.5,11.43749999999999,1.0397207705399178,0.17486921786810844,0.0029697117122329253,tail
411,0.5,0.0,0.5,11.493749999999991,0.6931471803599453,0.1735606735167955,0.0013085443513129458,tail
412,0.75,0.25,0.0,11.54999999999999,0.5623351444188083,0.17251348233735725,0.001047191179438245,tail
413,0.75,0.25,0.0,11.49374999999999,0.5623351444188083,0.17387253696642851,0.0013590546290712657,tail
414,0.5,0.5,0.0,11.56874999999999,0.6931471803599453,0.17124495952212015,0.00262757744430836,tail
415,0.5,0.5,0.0,11.64374999999999,0.6931471803599453,0.16867164647158153,0.0025733130505386226,tail
416,0.5,0.5,0.0,11.69999999999999,0.6931471803599453,0.16697793267088148,0.0016937138007000474,tail
417,0.25,0.5,0.25,11.77499999999999,1.0397207705399178,0.16386678861423712,0.003111144056644366,tail
418,0.25,0.0,0.75,11.83124999999999,0.5623351444188083,0.16267294613080596,0.0011938424834311567,tail
419,0.0,0.5,0.5,11.75624999999999,0.6931471803599453,0.16550492688081514,0.0028319807500091776,tail
420,0.5,0.0,0.5,11.81249999999999,0.6931471803599453,0.1643956737741922,0.0011092531066229372,tail
421,0.25,0.5,0.25,11.86874999999999,1.0397207705399178,0.16331656063307629,0.0010791131411159172,tail
422,0.5,0.25,0.25,11.94374999999999,1.0397207705399178,0.16138492960991652,0.0019316310231597689,tail
423,0.75,0.25,0.0,11.99999999999999,0.5623351444188083,0.1604333799097174,0.0009515497001991169,tail
424,0.75,0.0,0.25,12.01874999999999,0.5623351444188083,0.1622391644984224,0.0018057845887050061,tail
425,0.25,0.5,0.25,12.03749999999999,1.0397207705399178,0.16208082563242632,0.00015833886599608826,tail
426,0.25,0.5,0.25,12.093749999999991,1.0397207705399178,0.16258096315109455,0.0005001375186682311,tail
427,0.5,0.0,0.5,12.14999999999999,0.6931471803599453,0.16308117700764016,0.0005002138565456116,tail
428,0.25,0.5,0.25,12.14999999999999,1.0397207705399178,0.16308117700764016,0.0,tail
429,0.5,0.25,0.25,12.20624999999999,1.0397207705399178,0.15920633748043975,0.0038748395272004132,tail
430,0.5,0.25,0.25,12.262499999999989,1.0397207705399178,0.15819535287356237,0.0010109846068773742,tail
431,0.5,0.25,0.25,12.28124999999999,1.0397207705399178,0.16113888089836997,0.0029435280248076012,tail
432,0.75,0.0,0.25,12.33749999999999,0.5623351444188083,0.16023819783692564,0.0009006830614443351,tail
433,0.5,0.5,0.0,12.28124999999999,0.6931471803599453,0.16105747729949252,0.0008192794625668798,tail
434,1.0,0.0,0.0,12.337499999999988,-1.000000082690371e-10,0.16002817023376026,0.00102930706573226,tail
435,0.0,0.0,1.0,12.356249999999989,-1.000000082690371e-10,0.15988955214552655,0.00013861808823370514,tail
436,0.5,0.5,0.0,12.412499999999989,0.6931471803599453,0.1589420680920395,0.0009474840534870466,tail
437,0.25,0.25,0.5,12.46874999999999,1.0397207705399178,0.15810757391953487,0.0008344941725046406,tail
438,0.25,0.5,0.25,12.54374999999999,1.0397207705399178,0.15664307025496407,0.0014645036645707932,tail
439,0.75,0.25,0.0,12.59999999999999,0.5623351444188083,0.15838700032799774,0.001743930073033667,tail
440,0.25,0.0,0.75,12.59999999999999,0.5623351444188083,0.15838700032799774,0.0,tail
441,0.0,0.5,0.5,12.543749999999989,0.6931471803599453,0.16024979561274214,0.0018627952847443952,tail
442,0.25,0.25,0.5,12.487499999999988,1.0397207705399178,0.16137332225297207,0.0011235266402299382,tail
443,0.25,0.25,0.5,12.487499999999988,1.0397207705399178,0.16137332225297207,0.0,tail
444,0.0,0.25,0.75,12.412499999999987,0.5623351444188083,0.1628770290178674,0.001503706764895335,tail
445,0.5,0.5,0.0,12.487499999999988,0.6931471803599453,0.16668669104092695,0.0038096620230595457,tail
446,0.0,0.25,0.75,12.431249999999988,0.5623351444188083,0.16754411699742397,0.0008574259564970155,tail
447,0.5,0.0,0.5,12.449999999999987,0.6931471803599453,0.17050081324309527,0.0029566962456712975,tail
448,0.5,0.0,0.5,12.46874999999999,0.6931471803599453,0.17345996992470145,0.0029591566816061787,tail
449,0.75,0.0,0.25,12.412499999999987,0.5623351444188083,0.17579648252018432,0.0023365125954828703,tail
450,0.25,0.5,0.25,12.356249999999987,1.0397207705399178,0.18027505320631193,0.004478570686127614,tail
451,0.25,0.5,0.25,12.412499999999987,1.0397207705399178,0.1820602029939679,0.0017851497876559819,tail
452,0.5,0.25,0.25,12.46874999999999,1.0397207705399178,0.1881864214767038,0.006126218482735896,tail
453,1.0,0.0,0.0,12.524999999999988,-1.000000082690371e-10,0.19327468998994046,0.0050882685132366545,tail
454,0.25,0.25,0.5,12.543749999999989,1.0397207705399178,0.1931026075601471,0.00017208242979335764,tail
455,0.0,0.5,0.5,12.56249999999999,0.6931471803599453,0.1956186719576773,0.0025160643975301877,tail
456,0.25,0.5,0.25,12.637499999999989,1.0397207705399178,0.19360277442054505,0.002015897537132244,tail
457,0.25,0.75,0.0,12.656249999999986,0.5623351444188083,0.19385549548320688,0.0002527210626618315,tail
458,0.0,0.5,0.5,12.674999999999988,0.6931471803599453,0.1968300336645102,0.0029745381813033323,tail
459,0.25,0.5,0.25,12.599999999999987,1.0397207705399178,0.19815555620244923,0.0013255225379390223,tail
460,0.5,0.0,0.5,12.656249999999988,0.6931471803599453,0.19963825221026324,0.001482696007814005,tail
461,0.5,0.5,0.0,12.712499999999988,0.6931471803599453,0.2011231470697377,0.0014848948594744504,tail
462,0.25,0.5,0.25,12.731249999999989,1.0397207705399178,0.20360272747303154,0.0024795804032938518,tail
463,0.5,0.5,0.0,12.74999999999999,0.6931471803599453,0.20309871784487266,0.0005040096281588857,tail
464,0.25,0.25,0.5,12.824999999999987,1.0397207705399178,0.20108945534697972,0.002009262497892933,tail
465,0.75,0.0,0.25,12.899999999999988,0.5623351444188083,0.20493221852659277,0.0038427631796130457,tail
466,0.25,0.0,0.75,12.918749999999989,0.5623351444188083,0.20648016381156808,0.0015479452849753161,tail
467,0.0,0.75,0.25,12.937499999999988,0.5623351444188083,0.20668337753947272,0.0002032137279046331,tail
468,0.5,0.0,0.5,12.956249999999986,0.6931471803599453,0.20710037733953982,0.00041699980006709714,tail
469,0.5,0.0,0.5,12.881249999999987,0.6931471803599453,0.209359017571788,0.0022586402322481713,tail
470,0.75,0.0,0.25,12.937499999999988,0.5623351444188083,0.20820037902322136,0.0011586385485666262,tail
471,0.25,0.0,0.75,12.956249999999986,0.5623351444188083,0.2076971362560506,0.0005032427671707584,tail
472,0.5,0.25,0.25,12.974999999999987,1.0397207705399178,0.20831780225747148,0.0006206660014208831,tail
473,0.5,0.0,0.5,12.993749999999986,0.6931471803599453,0.20781438436429797,0.0005034178931735134,tail
474,0.5,0.25,0.25,13.049999999999988,1.0397207705399178,0.20680629156959945,0.0010080927946985174,tail
475,0.75,0.25,0.0,13.106249999999989,0.5623351444188083,0.20859119668449513,0.0017849051148956796,tail
476,0.5,0.25,0.25,13.162499999999987,1.0397207705399178,0.2102062218486932,0.001615025164198064,tail
477,0.75,0.0,0.25,13.218749999999988,0.5623351444188083,0.20905794255719246,0.0011482792915007423,tail
478,0.0,0.75,0.25,13.293749999999989,0.5623351444188083,0.2059463363412723,0.0031116062159201596,tail
479,0.5,0.0,0.5,13.312499999999986,0.6931471803599453,0.2062046747133905,0.0002583383721181942,tail
480,0.5,0.0,0.5,13.368749999999986,0.6931471803599453,0.20502230899400356,0.0011823657193869297,tail
481,0.25,0.5,0.25,13.387499999999989,1.0397207705399178,0.20451962673585383,0.0005026822581497281,tail
482,0.25,0.25,0.5,13.462499999999988,1.0397207705399178,0.20256136230375574,0.0019582644320980946,tail
483,0.5,0.25,0.25,13.462499999999988,1.0397207705399178,0.20256136230375574,0.0,tail
484,0.25,0.75,0.0,13.537499999999987,0.5623351444188083,0.20017176976300882,0.0023895925407469154,tail
485,0.5,0.0,0.5,13.556249999999988,0.6931471803599453,0.20313367522342643,0.0029619054604176076,tail
486,0.75,0.0,0.25,13.574999999999987,0.5623351444188083,0.202979067360234,0.00015460786319243525,tail
487,0.5,0.25,0.25,13.631249999999987,1.0397207705399178,0.20475674468035635,0.0017776773201223506,tail
488,0.25,0.25,0.5,13.649999999999988,1.0397207705399178,0.20460235354048623,0.0001543911398701192,tail
489,0.25,0.5,0.25,13.574999999999989,1.0397207705399178,0.2063110326368865,0.0017086790964002674,tail
490,0.25,0.5,0.25,13.649999999999988,1.0397207705399178,0.21014974282524826,0.003838710188361766,tail
491,0.25,0.25,0.5,13.649999999999988,1.0397207705399178,0.21014974282524826,0.0,tail
492,0.0,0.25,0.75,13.706249999999986,0.5623351444188083,0.21065263382750896,0.0005028910022606969,tail
493,0.25,0.25,0.5,13.649999999999988,1.0397207705399178,0.21268289386500006,0.0020302600374910995,tail
494,0.0,0.25,0.75,13.668749999999989,0.5623351444188083,0.21518764697871323,0.002504753113713176,tail
495,0.0,0.5,0.5,13.724999999999987,0.6931471803599453,0.21349362855847664,0.001694018420236587,tail
496,0.5,0.25,0.25,13.649999999999986,1.0397207705399178,0.215079958022106,0.0015863294636293546,tail
497,0.5,0.25,0.25,13.706249999999988,1.0397207705399178,0.21407690216216435,0.0010030558599416484,tail
498,0.25,0.5,0.25,13.781249999999986,1.0397207705399178,0.21158262736115765,0.002494274801006696,tail
499,0.25,0.25,0.5,13.837499999999988,1.0397207705399178,0.21208644290320022,0.0005038155420425683,tail
500,0.5,0.25,0.25,13.893749999999986,1.0397207705399178,0.21092252979449558,0.001163913108704645,tail
501,0.5,0.5,0.0,13.912499999999987,0.6931471803599453,0.21075855723738962,0.00016397255710595693,tail
502,0.75,0.0,0.25,13.968749999999986,0.5623351444188083,0.2125429245084835,0.0017843672710938785,tail
503,0.75,0.25,0.0,13.987499999999988,0.5623351444188083,0.2131322226135788,0.0005892981050953094,tail
504,0.0,0.5,0.5,13.912499999999987,0.6931471803599453,0.21496801657878933,0.0018357939652105248,tail
505,0.5,0.25,0.25,13.856249999999985,1.0397207705399178,0.21568890130202392,0.0007208847232345883,tail
506,0.5,0.0,0.5,13.931249999999988,0.6931471803599453,0.21894073603346229,0.0032518347314383633,tail
507,0.25,0.25,0.5,13.949999999999985,1.0397207705399178,0.21915119434235297,0.0002104583088906875,tail
508,0.25,0.0,0.75,14.024999999999988,0.5623351444188083,0.22241092819751404,0.0032597338551610677,tail
509,0.25,0.25,0.5,14.043749999999989,1.0397207705399178,0.22223630663665273,0.00017462156086131553,tail
510,0.5,0.0,0.5,14.118749999999988,0.6931471803599453,0.22555166623503795,0.00331535959838522,tail
511,0.0,0.25,0.75,14.118749999999988,0.5623351444188083,0.22555166623503795,0.0,tail
512,0.25,0.0,0.75,14.174999999999988,0.5623351444188083,0.22597993852026813,0.00042827228523018013,tail
513,0.0,0.0,1.0,14.19374999999999,-1.000000082690371e-10,0.22580608564405258,0.00017385287621554668,tail
514,0.0,0.0,1.0,14.212499999999991,-1.000000082690371e-10,0.22740030223676966,0.0015942165927170793,tail
515,0.25,0.25,0.5,14.28749999999999,1.0397207705399178,0.22487951603066678,0.002520786206102882,tail
516,0.25,0.5,0.25,14.28749999999999,1.0397207705399178,0.22487951603066678,0.0,tail
517,0.5,0.25,0.25,14.30624999999999,1.0397207705399178,0.2251370191715473,0.00025750314088052173,tail
518,0.25,0.5,0.25,14.32499999999999,1.0397207705399178,0.22539498297542063,0.00025796380387332896,tail
519,0.25,0.25,0.5,14.399999999999991,1.0397207705399178,0.22903769831414394,0.003642715338723318,tail
520,0.5,0.25,0.25,14.45624999999999,1.0397207705399178,0.22946689211175914,0.0004291937976151905,tail
521,0.5,0.0,0.5,14.474999999999989,0.6931471803599453,0.22991930927353316,0.00045241716177402136,tail
522,0.25,0.25,0.5,14.474999999999989,1.0397207705399178,0.22991930927353316,0.0,tail
523,0.0,0.5,0.5,14.549999999999988,0.6931471803599453,0.22680593116305944,0.0031133781104737135,tail
524,0.25,0.5,0.25,14.60624999999999,1.0397207705399178,0.2285913623234891,0.0017854311604296458,tail
525,0.5,0.0,0.5,14.60624999999999,0.6931471803599453,0.2285913623234891,0.0,tail
526,0.0,0.5,0.5,14.681249999999991,0.6931471803599453,0.22653268518491784,0.0020586771385712466,tail
527,0.25,0.25,0.5,14.756249999999989,1.0397207705399178,0.2303743793890906,0.0038416942041727686,tail
528,0.25,0.25,0.5,14.774999999999991,1.0397207705399178,0.23020573255847646,0.0001686468306141553,tail
529,0.75,0.0,0.25,14.83124999999999,0.5623351444188083,0.23572356262836233,0.005517830069885876,tail
530,0.5,0.25,0.25,14.774999999999991,1.0397207705399178,0.23644784828239424,0.0007242856540319031,tail
531,0.5,0.0,0.5,14.84999999999999,0.6931471803599453,0.23443219574585147,0.0020156525365427613,tail
532,0.25,0.5,0.25,14.90624999999999,1.0397207705399178,0.2349345840082176,0.0005023882623661213,tail
533,0.25,0.0,0.75,14.96249999999999,0.5623351444188083,0.23379263363068029,0.0011419503775373097,tail
534,0.25,0.25,0.5,15.01874999999999,1.0397207705399178,0.2327665758572655,0.0010260577734147736,tail
535,0.25,0.5,0.25,15.074999999999989,1.0397207705399178,0.2345442333021976,0.0017776574449320792,tail
536,0.5,0.0,0.5,15.09374999999999,0.6931471803599453,0.23478887256112219,0.0002446392589245949,tail
537,0.5,0.25,0.25,15.14999999999999,1.0397207705399178,0.23369098942559052,0.0010978831355316632,tail
538,0.0,0.5,0.5,15.168749999999992,0.6931471803599453,0.2339327935931761,0.00024180416758556866,tail
539,0.5,0.0,0.5,15.22499999999999,0.6931471803599453,0.2322481355852048,0.0016846580079712958,tail
540,0.75,0.0,0.25,15.29999999999999,0.5623351444188083,0.22915351915026255,0.0030946164349422434,tail
541,1.0,0.0,0.0,15.243749999999991,-1.000000082690371e-10,0.23153207985426316,0.0023785607040006096,tail
542,0.5,0.25,0.25,15.26249999999999,1.0397207705399178,0.23136976586423863,0.00016231399002453184,tail
543,0.25,0.25,0.5,15.31874999999999,1.0397207705399178,0.23024846849143224,0.0011212973728063902,tail
544,0.0,0.75,0.25,15.39374999999999,0.5623351444188083,0.23407652836441392,0.0038280598729816817,tail
545,0.25,0.75,0.0,15.449999999999994,0.5623351444188083,0.23585479087453187,0.0017782625101179506,tail
546,0.25,0.5,0.25,15.468749999999995,1.0397207705399178,0.23881985106542725,0.0029650601908953744,tail
547,0.5,0.25,0.25,15.543749999999992,1.0397207705399178,0.23693966593015464,0.0018801851352726051,tail
548,0.5,0.25,0.25,15.618749999999993,1.0397207705399178,0.23463001840371625,0.002309647526438391,tail
549,0.0,0.25,0.75,15.618749999999993,0.5623351444188083,0.23463001840371625,0.0,tail
550,0.25,0.5,0.25,15.637499999999992,1.0397207705399178,0.2344814070015975,0.0001486114021187479,tail
551,0.25,0.0,0.75,15.656249999999993,0.5623351444188083,0.2347165721333815,0.00023516513178400977,tail
552,0.25,0.5,0.25,15.674999999999994,1.0397207705399178,0.23495222602992877,0.00023565389654725544,tail
553,0.25,0.0,0.75,15.731249999999992,0.5623351444188083,0.2339123355919829,0.0010398904379458618,tail
554,0.0,0.0,1.0,15.749999999999993,-1.000000082690371e-10,0.2337654514010793,0.00014688419090361227,tail
555,0.25,0.5,0.25,15.806249999999993,1.0397207705399178,0.23283425073450215,0.0009312006665771477,tail
556,0.25,0.0,0.75,15.731249999999994,0.5623351444188083,0.23442006114532568,0.001585810410823535,tail
557,0.75,0.0,0.25,15.787499999999993,0.5623351444188083,0.23338241165699206,0.0010376494883336251,tail
558,0.25,0.5,0.25,15.787499999999993,1.0397207705399178,0.23338241165699206,0.0,tail
559,0.5,0.25,0.25,15.712499999999991,1.0397207705399178,0.23594337189203166,0.0025609602350396,tail
560,0.0,0.75,0.25,15.768749999999992,0.5623351444188083,0.2364441242499827,0.0005007523579510509,tail
561,0.5,0.25,0.25,15.824999999999992,1.0397207705399178,0.23821991925811076,0.0017757950081280505,tail
562,0.25,0.25,0.5,15.899999999999993,1.0397207705399178,0.24204677592666604,0.003826856668555284,tail
563,0.25,0.5,0.25,15.956249999999994,1.0397207705399178,0.24250324108461033,0.00045646515794428577,tail
564,0.5,0.0,0.5,15.974999999999994,0.6931471803599453,0.24269787418611086,0.00019463310150052981,tail
565,0.5,0.25,0.25,15.993749999999993,1.0397207705399178,0.24254437297636924,0.0001535012097416133,tail
566,0.5,0.25,0.25,16.012499999999996,1.0397207705399178,0.24278380420113274,0.00023943122476349776,tail
567,0.0,0.5,0.5,16.087499999999995,0.6931471803599453,0.24607732219576964,0.0032935179946368964,tail
568,0.75,0.25,0.0,16.106249999999996,0.5623351444188083,0.24592385486924628,0.00015346732652335437,tail
569,0.25,0.75,0.0,16.18125,0.5623351444188083,0.249266561063289,0.003342706194042727,tail
570,0.5,0.25,0.25,16.2,1.0397207705399178,0.24911352178078944,0.000153039282499573,tail
571,0.25,0.5,0.25,16.256249999999998,1.0397207705399178,0.24814176964564938,0.0009717521351400582,tail
572,0.25,0.5,0.25,16.275,1.0397207705399178,0.2507046575965635,0.002562887950914139,tail
573,0.5,0.0,0.5,16.331249999999997,0.6931471803599453,0.2518732704179362,0.0011686128213727054,tail
574,0.5,0.5,0.0,16.349999999999998,0.6931471803599453,0.2517230711817667,0.0001501992361695459,tail
575,0.25,0.0,0.75,16.406249999999996,0.5623351444188083,0.2520961425677803,0.00037307138601361256,tail
576,0.75,0.0,0.25,16.406249999999996,0.5623351444188083,0.2520961425677803,0.0,tail
577,0.0,0.25,0.75,16.481249999999996,0.5623351444188083,0.2546218734337016,0.002525730865921283,tail
578,0.0,0.5,0.5,16.5375,0.6931471803599453,0.2549534395339539,0.0003315661002523118,tail
579,0.75,0.0,0.25,16.55625,0.5623351444188083,0.2544536007276262,0.0004998388063277015,tail
580,0.25,0.25,0.5,16.612499999999997,1.0397207705399178,0.2534960017576231,0.0009575989700030818,tail
581,0.25,0.5,0.25,16.66875,1.0397207705399178,0.2525591328351591,0.0009368689224640292,tail
582,0.0,0.5,0.5,16.6875,0.6931471803599453,0.2527905209160106,0.00023138808085154672,tail
583,0.25,0.25,0.5,16.74375,1.0397207705399178,0.25176931819921794,0.0010212027167926796,tail
584,0.25,0.0,0.75,16.8,0.5623351444188083,0.25009387265216587,0.001675445547052068,tail
585,0.5,0.25,0.25,16.818749999999998,1.0397207705399178,0.2503234129131274,0.0002295402609615027,tail
586,0.0,1.0,0.0,16.875,-1.000000082690371e-10,0.2508215272575387,0.0004981143444113267,tail
587,0.25,0.5,0.25,16.93125,1.0397207705399178,0.24983506879015543,0.0009864584673832666,tail
588,0.5,0.25,0.25,16.95,1.0397207705399178,0.2525141186541117,0.0026790498639562843,tail
589,0.25,0.25,0.5,16.968749999999996,1.0397207705399178,0.25201650807966525,0.000497610574446472,tail
590,0.75,0.0,0.25,16.89375,0.5623351444188083,0.2545110274019014,0.002494519322236155,tail
591,0.25,0.5,0.25,16.912499999999998,1.0397207705399178,0.2547435168270905,0.00023248942518910853,tail
592,0.25,0.5,0.25,16.8375,1.0397207705399178,0.2571756301353923,0.0024321133083017865,tail
593,0.0,0.25,0.75,16.85625,0.5623351444188083,0.2586090674891726,0.0014334373537803202,tail
594,0.75,0.25,0.0,16.875,0.5623351444188083,0.25880757722138426,0.00019850973221163803,tail
595,0.25,0.25,0.5,16.893749999999997,1.0397207705399178,0.25900650958970445,0.00019893236832019268,tail
596,0.25,0.5,0.25,16.8375,1.0397207705399178,0.2596672308832285,0.0006607212935240692,tail
597,0.25,0.25,0.5,16.893749999999997,1.0397207705399178,0.25712791902099075,0.0025393118622377697,tail
598,0.5,0.25,0.25,16.912499999999998,1.0397207705399178,0.2569803299380177,0.00014758908297302087,tail
599,0.25,0.5,0.25,16.968749999999996,1.0397207705399178,0.25747800794715686,0.0004976780091391353,tail
600,1.0,0.0,0.0,17.025,-1.000000082690371e-10,0.2578756180915117,0.0003976101443548541,tail
601,0.75,0.25,0.0,17.08125,0.5623351444188083,0.2625754550818553,0.004699836990343598,tail
602,0.5,0.25,0.25,17.08125,1.0397207705399178,0.2625754550818553,0.0,tail
603,0.75,0.25,0.0,17.15625,0.5623351444188083,0.2594975865209784,0.0030778685608769396,tail
604,0.25,0.25,0.5,17.2125,1.0397207705399178,0.2584690382534802,0.0010285482674981528,tail
605,0.75,0.25,0.0,17.2125,0.5623351444188083,0.2584690382534802,0.0,tail
606,0.0,0.5,0.5,17.23125,0.6931471803599453,0.25899079890657156,0.000521760653091341,tail
607,0.5,0.0,0.5,17.2875,0.6931471803599453,0.26075454063071235,0.0017637417241407882,tail
608,0.0,0.25,0.75,17.34375,0.5623351444188083,0.2598174593698054,0.000937081260906969,tail
609,0.25,0.25,0.5,17.362499999999997,1.0397207705399178,0.2596735166603568,0.00014394270944856347,tail
610,0.5,0.0,0.5,17.4375,0.6931471803599453,0.25743519642990287,0.0022383202304539496,tail
611,0.0,0.75,0.25,17.45625,0.5623351444188083,0.2572961203097425,0.00013907612016034188,tail
612,0.5,0.5,0.0,17.45625,0.6931471803599453,0.2572961203097425,0.0,tail
613,0.5,0.0,0.5,17.512500000000003,0.6931471803599453,0.25562837769090113,0.0016677426188413946,tail
614,0.0,0.75,0.25,17.56875,0.5623351444188083,0.25612411575746535,0.0004957380665642219,tail
615,0.25,0.25,0.5,17.64375,1.0397207705399178,0.2539355235877814,0.0021885921696839783,tail
616,0.25,0.75,0.0,17.7,0.5623351444188083,0.25569070837192526,0.0017551847841438817,tail
617,0.25,0.5,0.25,17.75625,1.0397207705399178,0.25402551198585044,0.0016651963860748187,tail
618,0.25,0.25,0.5,17.83125,1.0397207705399178,0.2575240862201857,0.00349857423433525,tail
619,0.25,0.25,0.5,17.90625,1.0397207705399178,0.2559383133915711,0.0015857728286146067,tail
620,0.75,0.0,0.25,17.925,0.5623351444188083,0.2561569236022593,0.00021861021068819708,tail
621,0.5,0.0,0.5,18.000000000000004,0.6931471803599453,0.25405366620059666,0.002103257401662617,tail
622,0.5,0.25,0.25,18.01875,1.0397207705399178,0.25426806578852573,0.00021439958792907055,tail
623,0.25,0.75,0.0,18.075000000000003,0.5623351444188083,0.254659701608578,0.0003916358200522496,tail
624,0.25,0.0,0.75,18.09375,0.5623351444188083,0.25623779666472657,0.0015780950561485874,tail
625,0.75,0.25,0.0,18.168750000000003,0.5623351444188083,0.2547264684279476,0.0015113282367789638,tail
626,0.75,0.0,0.25,18.168750000000003,0.5623351444188083,0.2547264684279476,0.0,tail
627,0.25,0.5,0.25,18.225000000000005,1.0397207705399178,0.2551173256893025,0.0003908572613549044,tail
628,0.25,0.25,0.5,18.281250000000004,1.0397207705399178,0.2541795932003271,0.0009377324889753846,tail
629,0.0,0.5,0.5,18.356250000000003,0.6931471803599453,0.2571649728053375,0.0029853796050103854,tail
630,0.5,0.25,0.25,18.4125,1.0397207705399178,0.2563206205822282,0.0008443522231093015,tail
631,0.25,0.5,0.25,18.431250000000006,1.0397207705399178,0.2565296791335571,0.00020905855132891116,tail
632,0.0,0.25,0.75,18.450000000000003,0.5623351444188083,0.25806760812512464,0.0015379289915675165,tail
633,0.25,0.25,0.5,18.525000000000006,1.0397207705399178,0.2610673206638008,0.002999712538676147,tail
634,0.25,0.0,0.75,18.543750000000006,0.5623351444188083,0.2633969994784859,0.002329678814685099,tail
635,0.75,0.0,0.25,18.468750000000004,0.5623351444188083,0.2647885054422273,0.001391505963741435,tail
636,0.25,0.25,0.5,18.525000000000006,1.0397207705399178,0.26394181401567746,0.0008466914265498615,tail
637,0.0,0.75,0.25,18.581250000000004,0.5623351444188083,0.26433813613801244,0.00039632212233498,tail
638,0.5,0.5,0.0,18.656250000000004,0.6931471803599453,0.261285550933837,0.003052585204175451,tail
639,0.75,0.0,0.25,18.712500000000002,0.5623351444188083,0.26177916592863837,0.0004936149948013835,tail
640,0.0,0.5,0.5,18.787500000000005,0.6931471803599453,0.2653117737122881,0.0035326077836497216,tail
641,0.5,0.25,0.25,18.806250000000006,1.0397207705399178,0.26481765817010555,0.0004941155421825383,tail
642,0.75,0.0,0.25,18.825000000000006,0.5623351444188083,0.2646882807632562,0.0001293774068493736,tail
643,0.5,0.5,0.0,18.900000000000006,0.6931471803599453,0.26258591947652526,0.002102361286730914,tail
644,0.75,0.0,0.25,18.956250000000004,0.5623351444188083,0.26176348745841194,0.0008224320181133282,tail
645,1.0,0.0,0.0,19.031250000000007,-1.000000082690371e-10,0.26487689137063775,0.0031134039122258095,tail
646,0.75,0.25,0.0,19.087500000000006,0.5623351444188083,0.264056269270833,0.0008206220998047686,tail
647,0.5,0.25,0.25,19.16250000000001,1.0397207705399178,0.26202093476081695,0.002035334510016029,tail
648,0.25,0.5,0.25,19.237500000000004,1.0397207705399178,0.26064290727822625,0.0013780274825906935,tail
649,0.5,0.25,0.25,19.162500000000005,1.0397207705399178,0.26188647971137446,0.00124357243314821,tail
650,0.25,0.75,0.0,19.218750000000004,0.5623351444188083,0.26107768326522673,0.0008087964461477304,tail
651,0.25,0.25,0.5,19.275000000000006,1.0397207705399178,0.25925009550555494,0.0018275877596717893,tail
652,0.5,0.25,0.25,19.293750000000006,1.0397207705399178,0.25962822935883206,0.00037813385327711835,tail
653,0.25,0.75,0.0,19.312500000000007,0.5623351444188083,0.2595216698824988,0.00010655947633325669,tail
654,0.25,0.5,0.25,19.38750000000001,1.0397207705399178,0.2624924058147592,0.002970735932260382,tail
655,0.25,0.5,0.25,19.406250000000007,1.0397207705399178,0.26200428928981057,0.000488116524948623,tail
656,0.75,0.0,0.25,19.35000000000001,0.5623351444188083,0.26264481008130147,0.0006405207914909061,tail
657,0.25,0.25,0.5,19.36875000000001,1.0397207705399178,0.26215573892807653,0.0004890711532249403,tail
658,0.5,0.5,0.0,19.425000000000008,0.6931471803599453,0.2613935862737624,0.0007621526543141188,tail
659,0.25,0.0,0.75,19.443750000000012,0.5623351444188083,0.2612868049025003,0.00010678137126213239,tail
660,0.75,0.0,0.25,19.368750000000006,0.5623351444188083,0.2624741726481433,0.001187367745643042,tail
661,0.25,0.25,0.5,19.425000000000008,1.0397207705399178,0.26405911999325804,0.0015849473451147178,tail
662,0.5,0.5,0.0,19.48125000000001,0.6931471803599453,0.2632817177855989,0.0007774022076591502,tail
663,0.5,0.5,0.0,19.42500000000001,0.6931471803599453,0.26393046573517537,0.0006487479495764781,tail
664,0.25,0.0,0.75,19.48125000000001,0.5623351444188083,0.2653211304267644,0.0013906646915890497,tail
665,0.0,0.75,0.25,19.556250000000013,0.5623351444188083,0.268325353453767,0.003004223027002595,tail
666,0.75,0.25,0.0,19.61250000000001,0.5623351444188083,0.26648077557600713,0.0018445778777598787,tail
667,0.25,0.25,0.5,19.66875000000001,1.0397207705399178,0.2658095791359615,0.0006711964400456516,tail
668,0.0,0.5,0.5,19.74375000000001,0.6931471803599453,0.2646143375530082,0.0011952415829532548,tail
669,0.75,0.0,0.25,19.81875000000001,0.5623351444188083,0.2634950434387672,0.001119294114241054,tail
670,0.5,0.0,0.5,19.83750000000001,0.6931471803599453,0.2634052279344014,8.981550436576446e-05,tail
671,0.5,0.25,0.25,19.78125000000001,1.0397207705399178,0.26393887868817134,0.000533650753769932,tail
672,0.5,0.25,0.25,19.72500000000001,1.0397207705399178,0.26538841489885545,0.0014495362106841103,tail
673,0.25,0.5,0.25,19.78125000000001,1.0397207705399178,0.26375607318235283,0.0016323417165026166,tail
674,0.25,0.25,0.5,19.837500000000013,1.0397207705399178,0.2630695480644211,0.0006865251179317133,tail
675,0.0,0.25,0.75,19.89375000000001,0.5623351444188083,0.26240902710612896,0.0006605209582921656,tail
676,0.5,0.0,0.5,19.912500000000012,0.6931471803599453,0.26376159656593096,0.001352569459802,tail
677,0.25,0.25,0.5,19.931250000000013,1.0397207705399178,0.26394937285731834,0.00018777629138738705,tail
678,0.5,0.0,0.5,19.98750000000001,0.6931471803599453,0.26232319754368183,0.0016261753136365131,tail
679,0.25,0.5,0.25,20.06250000000001,1.0397207705399178,0.2605263799675973,0.0017968175760845195,tail
680,0.75,0.0,0.25,20.06250000000001,0.5623351444188083,0.2605263799675973,0.0,tail
681,0.25,0.0,0.75,20.08125000000001,0.5623351444188083,0.2608549986634667,0.0003286186958693649,tail
682,0.5,0.25,0.25,20.10000000000001,1.0397207705399178,0.2611904740595818,0.0003354753961151147,tail
683,0.25,0.0,0.75,20.15625000000001,0.5623351444188083,0.2604767626363762,0.0007137114232055874,tail
684,0.75,0.0,0.25,20.081250000000008,0.5623351444188083,0.2615174982210718,0.0010407355846955846,tail
685,0.25,0.5,0.25,20.13750000000001,1.0397207705399178,0.26323672802171416,0.0017192298006423745,tail
686,0.0,0.75,0.25,20.156250000000007,0.5623351444188083,0.26359531250246876,0.0003585844807545979,tail
687,0.75,0.0,0.25,20.21250000000001,0.5623351444188083,0.2652829298249547,0.001687617322485957,tail
688,0.0,0.25,0.75,20.268750000000008,0.5623351444188083,0.2644359592425411,0.0008469705824136198,tail
689,0.25,0.5,0.25,20.287500000000005,1.0397207705399178,0.2658345918252802,0.00139863258273909,tail
690,0.25,0.25,0.5,20.23125000000001,1.0397207705399178,0.2664492763888294,0.0006146845635492393,tail
691,0.5,0.0,0.5,20.25000000000001,0.6931471803599453,0.26664614404821696,0.00019686765938753403,tail
692,0.25,0.0,0.75,20.268750000000008,0.5623351444188083,0.26684350406410845,0.0001973600158914901,tail
693,0.75,0.25,0.0,20.32500000000001,0.5623351444188083,0.26520280027814674,0.0016407037859617057,tail
694,0.5,0.25,0.25,20.381250000000012,1.0397207705399178,0.2621398061708211,0.003062994107325634,tail
695,0.25,0.0,0.75,20.45625000000001,0.5623351444188083,0.2654314187986426,0.0032916126278215163,tail
696,0.5,0.25,0.25,20.51250000000001,1.0397207705399178,0.26473927694648747,0.0006921418521551592,tail
697,0.25,0.0,0.75,20.531250000000014,0.5623351444188083,0.2646425019275429,9.677501894456153e-05,tail
698,0.75,0.0,0.25,20.531250000000014,0.5623351444188083,0.2646425019275429,0.0,tail
699,0.25,0.25,0.5,20.587500000000013,1.0397207705399178,0.2650294718475273,0.00038696991998438124,tail
700,0.0,0.75,0.25,20.64375000000001,0.5623351444188083,0.2664032807162144,0.0013738088686870986,tail
701,0.25,0.0,0.75,20.70000000000001,0.5623351444188083,0.26477343528942876,0.0016298454267856255,tail
702,0.75,0.0,0.25,20.71875000000001,0.5623351444188083,0.26467678754884194,9.664774058681935e-05,tail
703,0.5,0.25,0.25,20.64375000000001,1.0397207705399178,0.26673395793168225,0.002057170382840312,tail
704,0.75,0.25,0.0,20.700000000000014,0.5623351444188083,0.26609092686569963,0.0006430310659826244,tail
705,0.75,0.25,0.0,20.71875000000001,0.5623351444188083,0.2664455072775442,0.0003545804118445517,tail
706,0.0,0.75,0.25,20.775000000000013,0.5623351444188083,0.26575680681461133,0.0006887004629328453,tail
707,0.25,0.25,0.5,20.83125000000001,1.0397207705399178,0.2641295994298204,0.0016272073847909407,tail
708,0.75,0.0,0.25,20.850000000000012,0.5623351444188083,0.26403399327801247,9.560615180792542e-05,tail
709,0.5,0.0,0.5,20.906250000000014,0.6931471803599453,0.2633796054965572,0.0006543877814552679,tail
710,0.25,0.25,0.5,20.925000000000015,1.0397207705399178,0.26356272025049443,0.0001831147539372302,tail
711,0.25,0.25,0.5,21.000000000000014,1.0397207705399178,0.26249575368125005,0.0010669665692443764,tail
712,0.25,0.5,0.25,21.056250000000013,1.0397207705399178,0.26195604222757324,0.0005397114536768166,tail
713,0.75,0.0,0.25,21.075000000000014,0.5623351444188083,0.2618740986647321,8.19435628411358e-05,tail
714,0.0,0.25,0.75,21.093750000000014,0.5623351444188083,0.26315237750086223,0.0012782788361301312,tail
715,0.25,0.25,0.5,21.150000000000013,1.0397207705399178,0.263631577318331,0.00047919981746874507,tail
716,0.0,0.5,0.5,21.168750000000014,0.6931471803599453,0.26354622365473523,8.535366359574414e-05,tail
717,0.25,0.0,0.75,21.225000000000016,0.5623351444188083,0.2640253234643305,0.00047909980959526255,tail
718,0.5,0.25,0.25,21.150000000000016,1.0397207705399178,0.26598040130274636,0.001955077838415864,tail
719,0.5,0.0,0.5,21.225000000000016,0.6931471803599453,0.269378312233959,0.0033979109312126665,tail
720,0.5,0.0,0.5,21.243750000000016,0.6931471803599453,0.2692861152727155,9.219696124351806e-05,tail
721,0.25,0.25,0.5,21.262500000000017,1.0397207705399178,0.26947024485540694,0.00018412958269142798,tail
722,0.25,0.25,0.5,21.281250000000018,1.0397207705399178,0.26965487965911816,0.00018463480371122554,tail
723,0.25,0.25,0.5,21.20625000000002,1.0397207705399178,0.27069420460001076,0.0010393249408925942,tail
724,0.5,0.5,0.0,21.20625000000002,0.6931471803599453,0.27069420460001076,0.0,tail
725,0.25,0.25,0.5,21.262500000000017,1.0397207705399178,0.27207437489459024,0.0013801702945794858,tail
726,0.5,0.5,0.0,21.337500000000016,0.6931471803599453,0.27505613477876645,0.002981759884176205,tail
727,0.0,0.25,0.75,21.356250000000017,0.5623351444188083,0.2745711219545576,0.0004850128242088747,tail
728,0.75,0.25,0.0,21.28125000000002,0.5623351444188083,0.2765194490273638,0.001948327072806233,tail
729,0.0,0.75,0.25,21.30000000000002,0.5623351444188083,0.276414037399003,0.00010541162836080753,tail
730,0.75,0.25,0.0,21.22500000000002,0.5623351444188083,0.2771949768115641,0.0007809394125610769,tail
731,0.25,0.25,0.5,21.281250000000018,1.0397207705399178,0.27846905653012227,0.0012740797185581965,tail
732,0.25,0.25,0.5,21.35625000000002,1.0397207705399178,0.2810200816278256,0.00255102509770333,tail
733,0.5,0.25,0.25,21.412500000000016,1.0397207705399178,0.28513963333226716,0.00411955170444156,tail
734,0.5,0.0,0.5,21.468750000000018,0.6931471803599453,0.28928255331614755,0.004142919983880389,tail
735,0.0,0.25,0.75,21.412500000000016,0.5623351444188083,0.2901270095620456,0.0008444562458980731,tail
736,0.5,0.0,0.5,21.468750000000018,0.6931471803599453,0.29046632136541095,0.0003393118033653275,tail
737,0.25,0.5,0.25,21.412500000000016,1.0397207705399178,0.2909311272908433,0.00046480592543235444,tail
738,0.0,1.0,0.0,21.468750000000014,-1.000000082690371e-10,0.29127138734715696,0.0003402600563136571,tail
739,0.5,0.25,0.25,21.525000000000016,1.0397207705399178,0.2905221452548569,0.0007492420923000398,tail
740,0.25,0.0,0.75,21.543750000000017,0.5623351444188083,0.29040732681131454,0.00011481844354238602,tail
741,0.25,0.25,0.5,21.487500000000015,1.0397207705399178,0.2937265959831217,0.0033192691718071377,tail
742,0.5,0.5,0.0,21.562500000000018,0.6931471803599453,0.2923020970947906,0.0014244988883310716,tail
743,0.0,0.5,0.5,21.58125000000002,0.6931471803599453,0.2925110113759207,0.00020891428113012367,tail
744,0.25,0.25,0.5,21.63750000000002,1.0397207705399178,0.29170780318995265,0.000803208185968074,tail
745,0.5,0.25,0.25,21.58125000000002,1.0397207705399178,0.29274392333981686,0.0010361201498642059,tail
746,0.5,0.25,0.25,21.60000000000002,1.0397207705399178,0.29509608906822204,0.0023521657284051867,tail
747,0.5,0.25,0.25,21.65625000000002,1.0397207705399178,0.29644207584900173,0.0013459867807796844,tail
748,0.0,0.5,0.5,21.67500000000002,0.6931471803599453,0.2966154410543384,0.000173365205336673,tail
749,0.0,0.25,0.75,21.731250000000017,0.5623351444188083,0.297827331874432,0.0012118908200935974,tail
750,0.5,0.25,0.25,21.750000000000018,1.0397207705399178,0.2998509428489683,0.002023610974536294,tail
751,0.5,0.25,0.25,21.76875000000002,1.0397207705399178,0.2997330789680717,0.00011786388089657374,tail
752,0.0,0.0,1.0,21.693750000000016,-1.000000082690371e-10,0.30067707780094455,0.0009439988328728277,tail
753,0.0,0.25,0.75,21.712500000000016,0.5623351444188083,0.3019882735380608,0.0013111957371162442,tail
754,0.5,0.0,0.5,21.73125000000002,0.6931471803599453,0.30150128110848773,0.0004869924295730632,tail
755,0.0,0.25,0.75,21.787500000000016,0.5623351444188083,0.3028669388234318,0.0013656577149440685,tail
756,0.5,0.0,0.5,21.84375000000002,0.6931471803599453,0.3012295088522696,0.0016374299711621743,tail
757,0.25,0.25,0.5,21.862500000000022,1.0397207705399178,0.30110547471780297,0.00012403413446665512,tail
758,0.75,0.25,0.0,21.93750000000002,0.5623351444188083,0.30425456962180303,0.0031490949040000604,tail
759,0.0,0.25,0.75,21.93750000000002,0.5623351444188083,0.30425456962180303,0.0,tail
760,0.5,0.25,0.25,22.012500000000024,1.0397207705399178,0.306898597888209,0.0026440282664059733,tail
761,0.75,0.0,0.25,22.06875000000002,0.5623351444188083,0.3061024923242136,0.0007961055639953973,tail
762,1.0,0.0,0.0,22.08750000000002,-1.000000082690371e-10,0.30631834014001796,0.00021584781580435974,tail
763,0.5,0.5,0.0,22.01250000000002,0.6931471803599453,0.3074847060226442,0.0011663658826262524,tail
764,0.5,0.0,0.5,22.06875000000002,0.6931471803599453,0.30660454896144945,0.000880157061194764,tail
765,0.25,0.5,0.25,22.08750000000002,1.0397207705399178,0.30705095550936956,0.0004464065479201085,tail
766,0.5,0.25,0.25,22.10625000000002,1.0397207705399178,0.3092241639767783,0.0021732084674087604,tail
767,0.25,0.25,0.5,22.10625000000002,1.0397207705399178,0.3092241639767783,0.0,tail
768,0.0,0.25,0.75,22.03125000000002,0.5623351444188083,0.3102373983087141,0.0010132343319357862,tail
769,0.5,0.25,0.25,22.08750000000002,1.0397207705399178,0.30940759178744526,0.0008298065212688499,tail
770,0.25,0.25,0.5,22.14375000000002,1.0397207705399178,0.3108371284211759,0.0014295366337306326,tail
771,0.75,0.25,0.0,22.20000000000002,0.5623351444188083,0.30986163723188215,0.0009754911892937423,tail
772,0.5,0.0,0.5,22.21875000000002,0.6931471803599453,0.31008123706512913,0.00021959983324698618,tail
773,0.25,0.25,0.5,22.23750000000002,1.0397207705399178,0.31053728648448675,0.0004560494193576181,tail
774,0.5,0.25,0.25,22.25625000000002,1.0397207705399178,0.31040904355994875,0.00012824292453800235,tail
775,0.5,0.25,0.25,22.18125000000002,1.0397207705399178,0.3125083718217246,0.0020993282617758346,tail
776,0.5,0.0,0.5,22.23750000000002,0.6931471803599453,0.3115966771337562,0.0009116946879683674,tail
777,0.5,0.5,0.0,22.181250000000023,0.6931471803599453,0.31271108874229225,0.0011144116085360367,tail
778,0.5,0.25,0.25,22.237500000000022,1.0397207705399178,0.3086011932109486,0.004109895531343666,tail
779,0.5,0.5,0.0,22.29375000000002,0.6931471803599453,0.31032396088736713,0.0017227676764185462,tail
780,0.75,0.25,0.0,22.31250000000002,0.5623351444188083,0.31054760697592854,0.00022364608856140222,tail
781,0.5,0.5,0.0,22.368750000000023,0.6931471803599453,0.3110337896990964,0.0004861827231678606,tail
782,0.25,0.25,0.5,22.443750000000023,1.0397207705399178,0.309497193492007,0.0015365962070894024,tail
783,0.25,0.5,0.25,22.50000000000002,1.0397207705399178,0.31121641543685497,0.0017192219448479706,tail
784,0.25,0.5,0.25,22.55625000000002,1.0397207705399178,0.3104157165740996,0.0008006988627553557,tail
785,0.5,0.25,0.25,22.575000000000024,1.0397207705399178,0.3102927597524798,0.00012295682161983512,tail
786,0.25,0.0,0.75,22.59375000000002,0.5623351444188083,0.30980869657398397,0.00048406317849580827,tail
787,0.25,0.25,0.5,22.612500000000022,1.0397207705399178,0.3113970475225501,0.0015883509485661307,tail
788,0.25,0.25,0.5,22.668750000000024,1.0397207705399178,0.31052928102113886,0.0008677665014112379,tail
789,0.25,0.25,0.5,22.725000000000023,1.0397207705399178,0.31101309767319774,0.00048381665205887714,tail
790,0.5,0.25,0.25,22.78125000000003,1.0397207705399178,0.3090245349196069,0.001988562753590828,tail
791,0.25,0.0,0.75,22.837500000000027,0.5623351444188083,0.3082922105789019,0.0007323243407050262,tail
792,0.25,0.5,0.25,22.781250000000025,1.0397207705399178,0.308958703353807,0.0006664927749051031,tail
793,0.75,0.25,0.0,22.837500000000027,0.5623351444188083,0.30815211018606337,0.0008065931677436189,tail
794,0.25,0.0,0.75,22.781250000000025,0.5623351444188083,0.31187543081470764,0.0037233206286442777,tail
795,0.5,0.25,0.25,22.725000000000026,1.0397207705399178,0.3125888812748914,0.0007134504601837288,tail
796,0.5,0.0,0.5,22.78125000000003,0.6931471803599453,0.3091863422162971,0.0034025390585942783,tail
797,0.5,0.25,0.25,22.837500000000023,1.0397207705399178,0.31412170847769544,0.004935366261398344,tail
798,0.5,0.25,0.25,22.856250000000024,1.0397207705399178,0.31400305719891786,0.00011865127877758175,tail
799,0.75,0.25,0.0,22.875000000000025,0.5623351444188083,0.3142161561553282,0.00021309895641036247,tail
800,0.25,0.5,0.25,22.818750000000026,1.0397207705399178,0.3149195007716212,0.0007033446162929557,tail
801,0.5,0.0,0.5,22.818750000000026,0.6931471803599453,0.3149195007716212,0.0,tail
802,0.25,0.5,0.25,22.87500000000003,1.0397207705399178,0.31409086848045287,0.0008286322911683075,tail
803,0.25,0.25,0.5,22.931250000000027,1.0397207705399178,0.31000929217923434,0.004081576301218526,tail
804,0.5,0.25,0.25,22.987500000000026,1.0397207705399178,0.3091897866748316,0.00081950550440274,tail
805,0.75,0.0,0.25,23.006250000000026,0.5623351444188083,0.30870786037104136,0.0004819263037902366,tail
806,0.5,0.0,0.5,23.062500000000025,0.6931471803599453,0.3078997280046424,0.0008081323663989837,tail
807,0.75,0.25,0.0,23.118750000000027,0.5623351444188083,0.30717661225129006,0.0007231157533523214,tail
808,0.25,0.25,0.5,23.137500000000028,1.0397207705399178,0.3100141812991354,0.002837569047845323,tail
809,0.25,0.25,0.5,23.156250000000025,1.0397207705399178,0.3104168173561022,0.0004026360569668319,tail
810,0.75,0.25,0.0,23.156250000000025,0.5623351444188083,0.3104168173561022,0.0,tail
811,0.25,0.5,0.25,23.212500000000027,1.0397207705399178,0.30635348855065525,0.004063328805446964,tail
812,0.75,0.0,0.25,23.287500000000023,0.5623351444188083,0.30503853277141374,0.0013149557792415112,tail
813,0.5,0.0,0.5,23.231250000000028,0.6931471803599453,0.3056723016561635,0.0006337688847497525,tail
814,0.25,0.25,0.5,23.306250000000023,1.0397207705399178,0.3027118801924644,0.00296042146369907,tail
815,0.5,0.5,0.0,23.231250000000024,0.6931471803599453,0.3049521207788096,0.002240240586345199,tail
816,0.75,0.0,0.25,23.25000000000003,0.5623351444188083,0.3051609370022477,0.0002088162234381019,tail
817,0.25,0.25,0.5,23.175000000000026,1.0397207705399178,0.3074545764588357,0.0022936394565880036,tail
818,0.25,0.75,0.0,23.231250000000028,0.5623351444188083,0.30554623990238106,0.0019083365564546706,tail
819,0.25,0.5,0.25,23.287500000000026,1.0397207705399178,0.30393714175499786,0.0016090981473831922,tail
820,0.25,0.25,0.5,23.36250000000003,1.0397207705399178,0.3075920188867964,0.0036548771317985174,tail
821,0.25,0.25,0.5,23.381250000000026,1.0397207705399178,0.30748112416963147,0.00011089471716491106,tail
822,0.75,0.0,0.25,23.43750000000003,0.5623351444188083,0.30587096932603086,0.0016101548436006086,tail
823,0.25,0.0,0.75,23.512500000000028,0.5623351444188083,0.30388620263062033,0.0019847666954105336,tail
824,0.5,0.25,0.25,23.587500000000027,1.0397207705399178,0.3026455845442083,0.0012406180864120153,tail
825,0.5,0.5,0.0,23.587500000000027,0.6931471803599453,0.3026455845442083,0.0,tail
826,0.5,0.5,0.0,23.64375000000003,0.6931471803599453,0.301047387800193,0.00159819674401529,tail
827,0.75,0.0,0.25,23.71875000000003,0.5623351444188083,0.29811380633554496,0.0029335814646480607,tail
828,0.5,0.25,0.25,23.77500000000003,1.0397207705399178,0.2965251991372202,0.0015886071983247652,tail
829,0.25,0.5,0.25,23.83125000000003,1.0397207705399178,0.2958991123117641,0.000626086825456118,tail
830,1.0,0.0,0.0,23.887500000000028,-1.000000082690371e-10,0.29534472310037413,0.0005543892113899496,tail
831,0.5,0.25,0.25,23.962500000000027,1.0397207705399178,0.2943629949989475,0.0009817281014266044,tail
832,0.25,0.75,0.0,24.037500000000026,0.5623351444188083,0.2914861809401523,0.0028768140587952518,tail
833,0.25,0.5,0.25,24.09375000000003,1.0397207705399178,0.28992340390784543,0.001562777032306839,tail
834,0.5,0.0,0.5,24.168750000000024,0.6931471803599453,0.2870560756562553,0.00286732825159014,tail
835,0.5,0.5,0.0,24.168750000000024,0.6931471803599453,0.2870560756562553,0.0,tail
836,0.25,0.0,0.75,24.225000000000026,0.5623351444188083,0.28658150366434404,0.00047457199191125454,tail
837,0.5,0.0,0.5,24.300000000000026,0.6931471803599453,0.28372981315790374,0.0028516905064402964,tail
838,0.0,0.5,0.5,24.318750000000023,0.6931471803599453,0.28390009131988186,0.0001702781619781213,tail
839,0.75,0.0,0.25,24.393750000000026,0.5623351444188083,0.2830818235003519,0.0008182678195299831,tail
840,0.5,0.25,0.25,24.450000000000028,1.0397207705399178,0.28353995394124165,0.0004581304408897702,tail
841,0.0,0.25,0.75,24.46875000000003,0.5623351444188083,0.28347482845707206,6.512548416959252e-05,tail
842,0.5,0.5,0.0,24.525000000000027,0.6931471803599453,0.2824621146087874,0.0010127138482846632,tail
843,0.75,0.25,0.0,24.525000000000027,0.5623351444188083,0.2824621146087874,0.0,tail
844,0.5,0.0,0.5,24.543750000000028,0.6931471803599453,0.2826664509328336,0.00020433632404620594,tail
845,0.25,0.0,0.75,24.46875000000003,0.5623351444188083,0.2844116989735532,0.0017452480407195714,tail
846,0.5,0.0,0.5,24.543750000000028,0.6931471803599453,0.2836869397614269,0.0007247592121262803,tail
847,0.5,0.0,0.5,24.56250000000003,0.6931471803599453,0.2863723062926564,0.002685366531229527,tail
848,0.75,0.25,0.0,24.581250000000033,0.5623351444188083,0.2865314606841707,0.00015915439151426014,tail
849,0.25,0.75,0.0,24.63750000000003,0.5623351444188083,0.2856106760649989,0.0009207846191717772,tail
850,0.5,0.25,0.25,24.71250000000003,1.0397207705399178,0.2841662449647049,0.0014444311002940191,tail
851,0.0,0.25,0.75,24.73125000000003,0.5623351444188083,0.2837177922290843,0.00044845273562060806,tail
852,0.0,0.25,0.75,24.78750000000003,0.5623351444188083,0.28315886410971464,0.0005589281193696394,tail
853,0.75,0.25,0.0,24.862500000000033,0.5623351444188083,0.28039731975935256,0.0027615443503620773,tail
854,0.25,0.25,0.5,24.91875000000003,1.0397207705399178,0.27985219514019644,0.0005451246191561232,tail
855,0.25,0.25,0.5,24.93750000000003,1.0397207705399178,0.2798124344837418,3.9760656454612686e-05,tail
856,0.25,0.25,0.5,24.99375000000003,1.0397207705399178,0.28528791501197936,0.005475480528237542,tail
857,0.25,0.25,0.5,25.01250000000003,1.0397207705399178,0.28484050749780965,0.0004474075141697176,tail
858,0.75,0.0,0.25,25.06875000000003,0.5623351444188083,0.2903462879421292,0.005505780444319541,tail
859,0.25,0.25,0.5,25.14375000000003,1.0397207705399178,0.29378797561580267,0.003441687673673477,tail
860,0.5,0.0,0.5,25.08750000000003,0.6931471803599453,0.29645391806063315,0.0026659424448304825,tail
861,0.5,0.25,0.25,25.143750000000026,1.0397207705399178,0.29609990567770744,0.0003540123829257058,tail
862,0.0,0.5,0.5,25.200000000000024,0.6931471803599453,0.29551332176215883,0.0005865839155486108,tail
863,0.25,0.0,0.75,25.25625000000003,0.5623351444188083,0.2948489844312483,0.000664337330910536,tail
864,0.25,0.25,0.5,25.33125000000003,1.0397207705399178,0.2934262932315676,0.0014226911996806924,tail
865,0.0,0.5,0.5,25.35000000000003,0.6931471803599453,0.29608678745393124,0.0026604942223636407,tail
866,0.0,0.25,0.75,25.42500000000003,0.5623351444188083,0.2955652687077817,0.0005215187461495296,tail
867,0.5,0.25,0.25,25.50000000000003,1.0397207705399178,0.29898907158561416,0.003423802877832449,tail
868,0.75,0.0,0.25,25.57500000000003,0.5623351444188083,0.3021366869810159,0.0031476153954017594,tail
869,0.5,0.25,0.25,25.593750000000032,1.0397207705399178,0.3016862714585074,0.00045041552250851824,tail
870,0.5,0.0,0.5,25.66875000000003,0.6931471803599453,0.30118861199927527,0.000497659459232136,tail
871,0.75,0.0,0.25,25.687500000000032,0.5623351444188083,0.30115031650136215,3.8295497913121146e-05,tail
872,0.5,0.25,0.25,25.63125000000003,1.0397207705399178,0.301841082162481,0.000690765661118864,tail
873,0.25,0.75,0.0,25.687500000000032,0.5623351444188083,0.3003353998761842,0.0015056822862968278,tail
874,0.25,0.0,0.75,25.743750000000034,0.5623351444188083,0.2997436820464924,0.0005917178296918069,tail
875,0.5,0.25,0.25,25.762500000000035,1.0397207705399178,0.2998745154935576,0.00013083344706521505,tail
876,0.25,0.75,0.0,25.818750000000033,0.5623351444188083,0.2992989917036813,0.0005755237898762977,tail
877,0.25,0.0,0.75,25.837500000000034,0.5623351444188083,0.30025113360357314,0.0009521418998918452,tail
878,0.25,0.0,0.75,25.85625000000004,0.5623351444188083,0.299807694933514,0.0004434386700591375,tail
879,0.5,0.25,0.25,25.912500000000037,1.0397207705399178,0.29930121431077594,0.0005064806227380592,tail
880,0.5,0.25,0.25,25.96875000000004,1.0397207705399178,0.30087096554559944,0.001569751234823502,tail
881,0.25,0.5,0.25,25.912500000000037,1.0397207705399178,0.30106691837945804,0.00019595283385859252,tail
882,0.5,0.25,0.25,25.93125000000004,1.0397207705399178,0.30205679962615256,0.000989881246694524,tail
883,0.0,0.25,0.75,25.875000000000043,0.5623351444188083,0.3022898969093154,0.00023309728316284195,tail
884,0.25,0.25,0.5,25.931250000000038,1.0397207705399178,0.3020349541150679,0.00025494279424748134,tail
885,0.5,0.0,0.5,25.95000000000004,0.6931471803599453,0.3019971079916726,3.784612339530202e-05,tail
886,0.5,0.0,0.5,26.006250000000037,0.6931471803599453,0.3004976585845062,0.0014994494071663977,tail
887,0.5,0.5,0.0,26.08125000000004,0.6931471803599453,0.297748242232307,0.0027494163521992188,tail
888,0.5,0.25,0.25,26.100000000000037,1.0397207705399178,0.2978831139032412,0.00013487167093417796,tail
889,0.0,0.5,0.5,26.15625000000004,0.6931471803599453,0.2973657102294233,0.0005174036738178622,tail
890,0.25,0.25,0.5,26.212500000000038,1.0397207705399178,0.29714312009655497,0.00022259013286834994,tail
891,0.5,0.5,0.0,26.13750000000004,0.6931471803599453,0.2985820718471765,0.001438951750621531,tail
892,0.5,0.5,0.0,26.212500000000038,0.6931471803599453,0.29819381307588,0.0003882587712965013,tail
893,0.25,0.5,0.25,26.287500000000037,1.0397207705399178,0.30156516974178316,0.003371356665903158,tail
894,0.25,0.25,0.5,26.306250000000038,1.0397207705399178,0.30153382407053436,3.1345671248794726e-05,tail
895,0.5,0.0,0.5,26.306250000000038,0.6931471803599453,0.30153382407053436,0.0,tail
896,0.25,0.0,0.75,26.36250000000004,0.5623351444188083,0.30134403466793,0.00018978940260433452,tail
897,0.25,0.25,0.5,26.41875000000004,1.0397207705399178,0.3008546698391179,0.0004893648288121222,tail
898,0.5,0.5,0.0,26.41875000000004,0.6931471803599453,0.3008546698391179,0.0,tail
899,0.25,0.25,0.5,26.43750000000004,1.0397207705399178,0.3004155866002014,0.00043908323891650447,tail
900,0.25,0.25,0.5,26.45625000000004,1.0397207705399178,0.3029127517641695,0.0024971651639680847,tail
901,0.0,0.5,0.5,26.47500000000004,0.6931471803599453,0.3030402018592283,0.0001274500950588231,tail
902,0.75,0.0,0.25,26.49375000000004,0.5623351444188083,0.3031681595784758,0.00012795771924750676,tail
903,0.0,0.75,0.25,26.51250000000004,0.5623351444188083,0.30329662427942755,0.0001284647009517359,tail
904,0.0,0.5,0.5,26.43750000000004,0.6931471803599453,0.3045814718888828,0.001284847609455242,tail
905,0.0,0.75,0.25,26.51250000000004,0.5623351444188083,0.3042066231135981,0.0003748487752847085,tail
906,0.0,0.75,0.25,26.56875000000004,0.5623351444188083,0.302726657198433,0.0014799659151650824,tail
907,0.5,0.25,0.25,26.62500000000004,1.0397207705399178,0.30316637810268116,0.00043972090424815313,tail
908,0.25,0.5,0.25,26.68125000000004,1.0397207705399178,0.30298490348783197,0.00018147461484918637,tail
909,0.0,0.5,0.5,26.700000000000045,0.6931471803599453,0.3029609352294933,2.3968258338669113e-05,tail
910,0.25,0.25,0.5,26.77500000000004,1.0397207705399178,0.30026100763001673,0.0026999275994765704,tail
911,0.75,0.25,0.0,26.850000000000044,0.5623351444188083,0.300034148164016,0.00022685946600070617,tail
912,0.25,0.25,0.5,26.86875000000004,1.0397207705399178,0.29960194120798167,0.00043220695603435333,tail
913,0.5,0.0,0.5,26.925000000000047,0.6931471803599453,0.2994101551318729,0.00019178607610875753,tail
914,0.0,0.5,0.5,26.925000000000047,0.6931471803599453,0.2994101551318729,0.0,tail
915,0.25,0.25,0.5,26.943750000000044,1.0397207705399178,0.29943947739588683,2.932226401392013e-05,tail
916,0.25,0.25,0.5,26.887500000000045,1.0397207705399178,0.299994759274077,0.0005552818781901503,tail
917,0.75,0.0,0.25,26.943750000000048,0.5623351444188083,0.29956523790127115,0.00042952137280583,tail
918,0.5,0.25,0.25,26.962500000000045,1.0397207705399178,0.2995558244684938,9.413432777327646e-06,tail
919,0.0,0.75,0.25,26.906250000000046,0.5623351444188083,0.2996180239028334,6.219943433954933e-05,tail
920,0.5,0.0,0.5,26.831250000000047,0.6931471803599453,0.30087285369797984,0.0012548297951464615,tail
921,0.25,0.5,0.25,26.850000000000044,1.0397207705399178,0.3008557054255004,1.7148272479450277e-05,tail
922,0.25,0.0,0.75,26.86875000000005,0.5623351444188083,0.3009738820829993,0.00011817665749891404,tail
923,0.75,0.25,0.0,26.88750000000005,0.5623351444188083,0.30109257742914325,0.00011869534614394883,tail
924,0.25,0.5,0.25,26.943750000000044,1.0397207705399178,0.299271837388569,0.0018207400405742535,tail
925,0.5,0.25,0.25,26.96250000000005,1.0397207705399178,0.2992619883308782,9.849057690802798e-06,tail
926,0.25,0.5,0.25,27.01875000000005,1.0397207705399178,0.3007821453462433,0.00152015701536512,tail
927,0.5,0.25,0.25,27.093750000000046,1.0397207705399178,0.2981337676060067,0.0026483777402366293,tail
928,0.25,0.5,0.25,27.168750000000053,1.0397207705399178,0.301406749595214,0.0032729819892073353,tail
929,0.5,0.0,0.5,27.225000000000044,0.6931471803599453,0.299963189191644,0.0014435604035700211,tail
930,0.5,0.0,0.5,27.300000000000047,0.6931471803599453,0.29731793961103736,0.0026452495806066345,tail
931,0.75,0.25,0.0,27.356250000000045,0.5623351444188083,0.3025793561370928,0.00526141652605544,tail
932,0.0,0.25,0.75,27.375000000000043,0.5623351444188083,0.30432110341145463,0.0017417472743618267,tail
933,0.25,0.75,0.0,27.43125000000005,0.5623351444188083,0.30423554230705024,8.55611044043858e-05,tail
934,0.5,0.25,0.25,27.487500000000043,1.0397207705399178,0.30279215600703807,0.0014433863000121727,tail
935,0.5,0.25,0.25,27.543750000000045,1.0397207705399178,0.3059213868753957,0.0031292308683576464,tail
936,0.25,0.0,0.75,27.600000000000044,0.5623351444188083,0.30611258482204934,0.00019119794665362067,tail
937,0.5,0.0,0.5,27.600000000000044,0.6931471803599453,0.30611258482204934,0.0,tail
938,0.25,0.25,0.5,27.656250000000043,1.0397207705399178,0.3060345968110191,7.79880110302611e-05,tail
939,0.25,0.25,0.5,27.71250000000004,1.0397207705399178,0.3059766968114233,5.7899999595767415e-05,tail
940,0.25,0.25,0.5,27.76875000000004,1.0397207705399178,0.3059202391958253,5.6457615598026756e-05,tail
941,0.0,0.5,0.5,27.787500000000044,0.6931471803599453,0.30591979375170897,4.454441163148637e-07,tail
942,0.5,0.0,0.5,27.843750000000043,0.6931471803599453,0.3055404885216065,0.00037930523010248907,tail
943,0.25,0.5,0.25,27.86250000000004,1.0397207705399178,0.30554281386421894,2.3253426124636434e-06,tail
944,0.75,0.0,0.25,27.881250000000044,0.5623351444188083,0.30553674634973654,6.067514482399616e-06,tail
945,0.25,0.0,0.75,27.900000000000045,0.5623351444188083,0.30592734034407243,0.00039059399433588604,tail
946,0.25,0.25,0.5,27.843750000000043,1.0397207705399178,0.30595160396611365,2.4263622041220678e-05,tail
947,0.0,0.25,0.75,27.918750000000045,0.5623351444188083,0.30738377536546047,0.0014321713993468155,tail
948,0.5,0.0,0.5,27.975000000000044,0.6931471803599453,0.30594327411757677,0.0014405012478836965,tail
949,0.5,0.25,0.25,28.031250000000043,1.0397207705399178,0.30637122580073184,0.00042795168315507004,tail
950,0.5,0.25,0.25,28.106250000000045,1.0397207705399178,0.30536184616777967,0.0010093796329521676,tail
951,0.75,0.25,0.0,28.125000000000043,0.5623351444188083,0.3061142758122598,0.0007524296444801348,tail
952,0.0,0.5,0.5,28.200000000000045,0.6931471803599453,0.3060759650548286,3.8310757431214704e-05,tail
953,0.25,0.75,0.0,28.27500000000005,0.5623351444188083,0.30829614694809915,0.0022201818932705564,tail
954,0.75,0.0,0.25,28.331250000000047,0.5623351444188083,0.3089599041063045,0.0006637571582053248,tail
955,0.25,0.25,0.5,28.406250000000046,1.0397207705399178,0.3089477910967438,1.2113009560665855e-05,tail
956,0.0,0.75,0.25,28.481250000000045,0.5623351444188083,0.30634158852003196,0.002606202576711847,tail
957,0.0,0.0,1.0,28.425000000000047,-1.000000082690371e-10,0.30730865789604406,0.0009670693760120974,tail
958,0.0,0.0,1.0,28.481250000000045,-1.000000082690371e-10,0.30728830067354374,2.0357222500322347e-05,tail
959,0.25,0.75,0.0,28.537500000000048,0.5623351444188083,0.30755672784485566,0.0002684271713119246,tail
960,0.5,0.25,0.25,28.556250000000045,1.0397207705399178,0.30755850742515933,1.7795803036735336e-06,tail
961,0.0,0.25,0.75,28.57500000000005,0.5623351444188083,0.30755672784485566,1.7795803036735336e-06,tail
962,0.25,0.0,0.75,28.63125000000005,0.5623351444188083,0.307556845479793,1.1763493734662234e-07,tail
963,0.5,0.25,0.25,28.65000000000005,1.0397207705399178,0.30755551334017484,1.3321396181709133e-06,tail
964,0.5,0.0,0.5,28.575000000000045,0.6931471803599453,0.3075722064896084,1.6693149433588683e-05,tail
965,0.0,0.0,1.0,28.59375000000005,-1.000000082690371e-10,0.3091170662368144,0.0015448597472059733,tail
966,0.5,0.0,0.5,28.65000000000005,0.6931471803599453,0.3055097831568351,0.0036072830799793176,tail
967,0.5,0.0,0.5,28.725000000000048,0.6931471803599453,0.30454251852537273,0.0009672646314623501,tail
968,0.0,1.0,0.0,28.74375000000005,-1.000000082690371e-10,0.3070447163277438,0.002502197802371098,tail
969,0.75,0.0,0.25,28.818750000000048,0.5623351444188083,0.30442726307387197,0.00261745325387186,tail
970,0.25,0.25,0.5,28.893750000000047,1.0397207705399178,0.3076620915342807,0.003234828460408734,tail
971,0.0,0.5,0.5,28.95000000000005,0.6931471803599453,0.30728322081864784,0.0003788707156328619,tail
972,0.25,0.5,0.25,29.006250000000048,1.0397207705399178,0.30691212997552847,0.00037109084311937046,tail
973,1.0,0.0,0.0,29.06250000000005,-1.000000082690371e-10,0.30654884725855586,0.0003632827169726127,tail
974,0.0,0.5,0.5,29.08125000000005,0.6931471803599453,0.3066422803585213,9.343309996545646e-05,tail
975,0.0,0.5,0.5,29.025000000000052,0.6931471803599453,0.3083694494207452,0.0017271690622238656,tail
976,0.25,0.0,0.75,29.081250000000047,0.5623351444188083,0.3068036753751911,0.0015657740455540803,tail
977,0.25,0.5,0.25,29.02500000000005,1.0397207705399178,0.308546551522303,0.0017428761471118825,tail
978,0.75,0.0,0.25,29.04375000000005,0.5623351444188083,0.3085415577036282,4.9938186748033075e-06,tail
979,0.0,0.0,1.0,28.96875000000005,-1.000000082690371e-10,0.30888906273025274,0.0003475050266245616,tail
980,0.5,0.25,0.25,28.987500000000047,1.0397207705399178,0.3101207586137881,0.001231695883535333,tail
981,0.5,0.25,0.25,29.04375000000005,1.0397207705399178,0.30867008679259844,0.0014506718211896308,tail
982,0.75,0.0,0.25,28.96875000000005,0.5623351444188083,0.3093357555715925,0.0006656687789940441,tail
983,0.0,1.0,0.0,28.91250000000005,-1.000000082690371e-10,0.30962999290185994,0.000294237330267455,tail
984,0.5,0.25,0.25,28.96875000000005,1.0397207705399178,0.30991410829290106,0.0002841153910411176,tail
985,0.25,0.5,0.25,28.96875000000005,1.0397207705399178,0.30991410829290106,0.0,tail
986,0.5,0.0,0.5,29.02500000000005,0.6931471803599453,0.30976123613824696,0.00015287215465409343,tail
987,0.5,0.25,0.25,29.081250000000054,1.0397207705399178,0.30924149024790426,0.0005197458903427044,tail
988,0.5,0.25,0.25,29.137500000000053,1.0397207705399178,0.30777790858794624,0.0014635816599580243,tail
989,0.25,0.25,0.5,29.081250000000054,1.0397207705399178,0.30836093707105244,0.0005830284831062071,tail
990,0.0,0.0,1.0,29.137500000000053,-1.000000082690371e-10,0.308245946133415,0.00011499093763744916,tail
991,0.25,0.25,0.5,29.19375000000005,1.0397207705399178,0.3081508782910262,9.506784238877408e-05,tail
992,0.25,0.75,0.0,29.250000000000053,0.5623351444188083,0.30669858607932377,0.001452292211702455,tail
993,0.5,0.0,0.5,29.30625000000005,0.6931471803599453,0.30822946022116,0.0015308741418362248,tail
994,0.25,0.0,0.75,29.36250000000005,0.5623351444188083,0.30866180592992265,0.0004323457087626603,tail
995,0.0,0.5,0.5,29.418750000000053,0.6931471803599453,0.3085843355936394,7.74703362832474e-05,tail
996,0.25,0.25,0.5,29.43750000000005,1.0397207705399178,0.3081539727872647,0.0004303628063747067,tail
997,0.25,0.5,0.25,29.512500000000053,1.0397207705399178,0.3080664511206763,8.75216665883749e-05,tail
998,0.75,0.0,0.25,29.587500000000052,0.5623351444188083,0.3104129733766655,0.002346522255989192,tail
999,0.25,0.0,0.75,29.60625000000005,0.5623351444188083,0.3104200413798655,7.068003199994788e-06,tail
1000,0.75,0.0,0.25,29.625000000000053,0.5623351444188083,0.31044919753806627,2.915615820076045e-05,tail
