round,p_aggressive,p_defensive,p_balanced,avg_reward,strategy_entropy,personality_norm,personality_velocity,phase
1,0.25,0.5,0.25,0.07500000000000001,1.0397207705399178,0.0047516444521870675,0.0047516444521870675,burn-in
2,0.25,0.25,0.5,0.09375000000000003,1.0397207705399178,0.0043865917863416485,0.000365052665845419,burn-in
3,0.25,0.75,0.0,0.15000000000000002,0.5623351444188083,0.006310952780682164,0.0019243609943405153,burn-in
4,0.25,0.25,0.5,0.22500000000000003,1.0397207705399178,0.012210395161500685,0.005899442380818521,burn-in
5,0.25,0.25,0.5,0.28125,1.0397207705399178,0.014500538783093502,0.002290143621592817,burn-in
6,0.25,0.5,0.25,0.3375,1.0397207705399178,0.016817494611267105,0.0023169558281736034,burn-in
7,0.25,0.25,0.5,0.35625,1.0397207705399178,0.014891895604237189,0.0019255990070299166,burn-in
8,0.75,0.25,0.0,0.41250000000000003,0.5623351444188083,0.014302056779533449,0.0005898388247037398,burn-in
9,0.5,0.25,0.25,0.43124999999999997,1.0397207705399178,0.014843618420469424,0.0005415616409359756,burn-in
10,0.0,0.25,0.75,0.48749999999999993,0.5623351444188083,0.012930704737174963,0.0019129136832944614,burn-in
11,0.25,0.25,0.5,0.54375,1.0397207705399178,0.022682850763296864,0.009752146026121901,burn-in
12,0.25,0.5,0.25,0.5999999999999999,1.0397207705399178,0.02658802082823193,0.003905170064935067,burn-in
13,0.0,0.0,1.0,0.54375,-1.000000082690371e-10,0.023317023689785,0.003270997138446932,burn-in
14,0.25,0.5,0.25,0.5999999999999999,1.0397207705399178,0.018736896462928327,0.004580127226856672,burn-in
15,0.0,0.25,0.75,0.5249999999999998,0.5623351444188083,0.013014752746882938,0.005722143716045389,burn-in
16,0.75,0.0,0.25,0.5437499999999997,0.5623351444188083,0.009333083376489176,0.003681669370393763,burn-in
17,0.75,0.25,0.0,0.4687499999999998,0.5623351444188083,0.006316907495958769,0.0030161758805304067,burn-in
18,0.5,0.25,0.25,0.4874999999999998,1.0397207705399178,0.007670013139656364,0.0013531056436975955,burn-in
19,0.25,0.5,0.25,0.5437499999999997,1.0397207705399178,0.006881814804250428,0.000788198335405936,burn-in
20,0.0,0.25,0.75,0.5624999999999998,0.5623351444188083,0.006252889956851962,0.0006289248473984668,burn-in
21,0.25,0.25,0.5,0.6187499999999998,1.0397207705399178,0.006669880410284701,0.00041699045343273917,burn-in
22,0.25,0.0,0.75,0.6374999999999997,0.5623351444188083,0.006602334459303048,6.754595098165238e-05,burn-in
23,0.5,0.5,0.0,0.7124999999999997,0.6931471803599453,0.0028512949360772703,0.003751039523225778,burn-in
24,0.0,0.5,0.5,0.6374999999999996,0.6931471803599453,0.006467240161962521,0.0036159452258852504,burn-in
25,0.25,0.5,0.25,0.6937499999999996,1.0397207705399178,0.007143616031114859,0.0006763758691523385,burn-in
26,0.5,0.0,0.5,0.6187499999999997,0.6931471803599453,0.012489057710652278,0.005345441679537419,burn-in
27,0.25,0.25,0.5,0.6749999999999996,1.0397207705399178,0.0089033986663803,0.003585659044271978,burn-in
28,0.5,0.25,0.25,0.7499999999999996,1.0397207705399178,0.004913807872973904,0.003989590793406396,burn-in
29,0.0,1.0,0.0,0.8249999999999996,-1.000000082690371e-10,0.010264328780417227,0.005350520907443323,burn-in
30,0.25,0.25,0.5,0.8437499999999997,1.0397207705399178,0.010617874448895216,0.0003535456684779885,burn-in
31,0.25,0.5,0.25,0.8999999999999997,1.0397207705399178,0.009814589745628715,0.0008032847032665002,burn-in
32,0.5,0.25,0.25,0.9749999999999996,1.0397207705399178,0.012023333434409821,0.002208743688781106,burn-in
33,0.25,0.25,0.5,0.8999999999999997,1.0397207705399178,0.011653443026633804,0.00036989040777601727,burn-in
34,0.25,0.0,0.75,0.9562499999999997,0.5623351444188083,0.019824597056119525,0.008171154029485721,burn-in
35,0.25,0.25,0.5,0.8812499999999998,1.0397207705399178,0.023551286290508778,0.003726689234389253,burn-in
36,0.25,0.75,0.0,0.9562499999999998,0.5623351444188083,0.02014398851860036,0.0034072977719084192,burn-in
37,0.5,0.25,0.25,1.0125,1.0397207705399178,0.020863067323023326,0.0007190788044229672,burn-in
38,0.25,0.5,0.25,0.9375,1.0397207705399178,0.023232898616509474,0.002369831293486148,burn-in
39,1.0,0.0,0.0,0.9562499999999998,-1.000000082690371e-10,0.026495872320042795,0.0032629737035333208,burn-in
40,0.25,0.5,0.25,0.8812499999999999,1.0397207705399178,0.031925572626031545,0.005429700305988751,burn-in
41,0.5,0.25,0.25,0.9374999999999999,1.0397207705399178,0.029522320078417163,0.0024032525476143825,burn-in
42,0.5,0.25,0.25,0.9562499999999999,1.0397207705399178,0.02912050662763291,0.00040181345078425454,burn-in
43,0.75,0.25,0.0,0.9,0.5623351444188083,0.03155230342720662,0.0024317967995737128,burn-in
44,0.75,0.25,0.0,0.91875,0.5623351444188083,0.035608699669989585,0.004056396242782964,burn-in
45,0.25,0.25,0.5,0.9937499999999999,1.0397207705399178,0.030228604908058725,0.005380094761930861,burn-in
46,0.25,0.5,0.25,0.9374999999999999,1.0397207705399178,0.03278361824143294,0.002555013333374212,burn-in
47,0.0,0.5,0.5,0.8812499999999999,0.6931471803599453,0.03560443485368103,0.0028208166122480963,burn-in
48,0.5,0.5,0.0,0.9562499999999997,0.6931471803599453,0.04087715017280459,0.005272715319123558,burn-in
49,0.5,0.5,0.0,1.0124999999999997,0.6931471803599453,0.03845472175169152,0.0024224284211130723,burn-in
50,0.5,0.0,0.5,1.0687499999999996,0.6931471803599453,0.04098748141582402,0.0025327596641325015,burn-in
51,0.75,0.0,0.25,1.0874999999999997,0.5623351444188083,0.04152334857116561,0.0005358671553415892,burn-in
52,0.25,0.5,0.25,1.0124999999999997,1.0397207705399178,0.047471218665234696,0.005947870094069087,burn-in
53,0.25,0.5,0.25,1.0875,1.0397207705399178,0.043222997802819324,0.004248220862415372,burn-in
54,0.5,0.5,0.0,1.1062499999999997,0.6931471803599453,0.043792713524198605,0.0005697157213792811,burn-in
55,0.25,0.0,0.75,1.18125,0.5623351444188083,0.038322707143579,0.005470006380619605,burn-in
56,0.25,0.0,0.75,1.2374999999999996,0.5623351444188083,0.04081048999644606,0.0024877828528670626,burn-in
57,0.25,0.5,0.25,1.2937499999999997,1.0397207705399178,0.034936619510372226,0.005873870486073837,burn-in
58,0.75,0.25,0.0,1.2374999999999996,0.5623351444188083,0.037788486693204906,0.0028518671828326805,burn-in
59,0.75,0.0,0.25,1.1624999999999996,0.5623351444188083,0.04302344246527155,0.005234955772066646,burn-in
60,0.5,0.25,0.25,1.1812499999999997,1.0397207705399178,0.04361269749525399,0.000589255029982437,burn-in
61,0.25,0.5,0.25,1.2562499999999996,1.0397207705399178,0.037829141482625915,0.005783556012628074,burn-in
62,0.25,0.25,0.5,1.3124999999999996,1.0397207705399178,0.035596479811914356,0.0022326616707115596,burn-in
63,0.25,0.5,0.25,1.3687499999999997,1.0397207705399178,0.03795110186559185,0.0023546220536774937,burn-in
64,0.5,0.25,0.25,1.4249999999999996,1.0397207705399178,0.03243220091591111,0.005518900949680737,burn-in
65,0.0,0.25,0.75,1.4437499999999996,0.5623351444188083,0.03194812384456283,0.0004840770713482809,burn-in
66,1.0,0.0,0.0,1.4624999999999995,-1.000000082690371e-10,0.031467244874631504,0.0004808789699313268,burn-in
67,0.0,0.25,0.75,1.3874999999999995,0.5623351444188083,0.03791932225132762,0.006452077376696112,burn-in
68,0.5,0.0,0.5,1.4437499999999994,0.6931471803599453,0.032959210705241805,0.004960111546085812,burn-in
69,0.25,0.25,0.5,1.4437499999999994,1.0397207705399178,0.032959210705241805,0.0,burn-in
70,0.0,1.0,0.0,1.5187499999999994,-1.000000082690371e-10,0.03741872703356608,0.004459516328324274,burn-in
71,0.25,0.25,0.5,1.5374999999999994,1.0397207705399178,0.03920212546055417,0.0017833984269880893,burn-in
72,0.25,0.5,0.25,1.4812499999999993,1.0397207705399178,0.04222359566936516,0.0030214702088109946,burn-in
73,0.5,0.0,0.5,1.4812499999999993,0.6931471803599453,0.04222359566936516,0.0,burn-in
74,0.5,0.0,0.5,1.4249999999999994,0.6931471803599453,0.045254812416747864,0.0030312167473827006,burn-in
75,0.25,0.25,0.5,1.4812499999999993,1.0397207705399178,0.04584568843890925,0.0005908760221613879,burn-in
76,0.5,0.25,0.25,1.5374999999999994,1.0397207705399178,0.04261514732169809,0.003230541117211161,burn-in
77,0.25,0.25,0.5,1.4812499999999993,1.0397207705399178,0.04555550143437712,0.002940354112679032,burn-in
78,0.5,0.25,0.25,1.5562499999999992,1.0397207705399178,0.03969294992108208,0.005862551513295046,burn-in
79,0.0,0.5,0.5,1.5749999999999993,0.6931471803599453,0.039193729568644364,0.0004992203524377126,burn-in
80,0.5,0.25,0.25,1.5749999999999993,1.0397207705399178,0.039193729568644364,0.0,burn-in
81,0.0,0.25,0.75,1.6312499999999994,0.5623351444188083,0.036041303887866256,0.003152425680778108,burn-in
82,0.75,0.0,0.25,1.7062499999999994,0.5623351444188083,0.040948889159994624,0.0049075852721283675,burn-in
83,0.5,0.0,0.5,1.7624999999999995,0.6931471803599453,0.041610005745313546,0.0006611165853189216,burn-in
84,0.25,0.5,0.25,1.7812499999999996,1.0397207705399178,0.04114718484067317,0.00046282090464037223,burn-in
85,0.25,0.0,0.75,1.7062499999999994,0.5623351444188083,0.04631183577458931,0.005164650933916139,burn-in
86,0.0,0.75,0.25,1.7062499999999994,0.5623351444188083,0.04631183577458931,0.0,burn-in
87,0.0,0.5,0.5,1.6312499999999996,0.6931471803599453,0.051724754183200695,0.0054129184086113835,burn-in
88,0.25,0.25,0.5,1.6874999999999996,1.0397207705399178,0.048210658345691965,0.003514095837508731,burn-in
89,0.5,0.5,0.0,1.7437499999999997,0.6931471803599453,0.04506294425925288,0.003147714086439088,burn-in
90,1.0,0.0,0.0,1.7624999999999997,-1.000000082690371e-10,0.04895649375976629,0.0038935495005134116,burn-in
91,0.75,0.0,0.25,1.8187499999999996,0.5623351444188083,0.04145346364825897,0.007503030111507318,burn-in
92,0.0,0.25,0.75,1.8374999999999997,0.5623351444188083,0.04298387233893694,0.0015304086906779701,burn-in
93,0.0,0.5,0.5,1.8937499999999996,0.6931471803599453,0.040670899551307274,0.0023129727876296663,burn-in
94,0.25,0.75,0.0,1.9687499999999996,0.5623351444188083,0.045963863608410115,0.0052929640571028405,burn-in
95,0.5,0.25,0.25,1.9874999999999998,1.0397207705399178,0.04651030001851773,0.0005464364101076188,burn-in
96,0.75,0.25,0.0,2.0437499999999997,0.5623351444188083,0.04721187284465669,0.0007015728261389534,burn-in
97,0.25,0.5,0.25,2.1187499999999995,1.0397207705399178,0.04233275918245853,0.004879113662198155,burn-in
98,0.5,0.0,0.5,2.1374999999999997,0.6931471803599453,0.041613983621044084,0.0007187755614144475,burn-in
99,0.75,0.0,0.25,2.1937499999999996,0.5623351444188083,0.03904579642868133,0.0025681871923627572,burn-in
100,0.0,0.5,0.5,2.1937499999999996,0.6931471803599453,0.03904579642868133,0.0,burn-in
101,0.25,0.25,0.5,2.2125,1.0397207705399178,0.0386996270371243,0.0003461693915570302,tail
102,0.5,0.25,0.25,2.15625,1.0397207705399178,0.04080225752026505,0.002102630483140751,tail
103,0.5,0.0,0.5,2.2125,0.6931471803599453,0.038310881389137,0.0024913761311280494,tail
104,0.25,0.25,0.5,2.1375,1.0397207705399178,0.04227833970028306,0.00396745831114606,tail
105,0.5,0.5,0.0,2.15625,0.6931471803599453,0.043702340111829614,0.0014240004115465554,tail
106,0.5,0.0,0.5,2.2125,0.6931471803599453,0.035638840513196046,0.008063499598633568,tail
107,0.5,0.25,0.25,2.26875,1.0397207705399178,0.03637734904356727,0.0007385085303712249,tail
108,0.5,0.5,0.0,2.2874999999999996,0.6931471803599453,0.03765587396077836,0.001278524917211088,tail
109,0.0,0.25,0.75,2.3437499999999996,0.5623351444188083,0.03540820824240505,0.002247665718373308,tail
110,0.25,0.5,0.25,2.4187499999999997,1.0397207705399178,0.030852202489247308,0.004556005753157743,tail
111,0.25,0.25,0.5,2.4187499999999997,1.0397207705399178,0.030852202489247308,0.0,tail
112,0.75,0.25,0.0,2.3624999999999994,0.5623351444188083,0.03979843010801465,0.00894622761876734,tail
113,0.5,0.25,0.25,2.4187499999999997,1.0397207705399178,0.04229666431883287,0.002498234210818219,tail
114,0.25,0.5,0.25,2.4749999999999996,1.0397207705399178,0.03625911792656464,0.00603754639226823,tail
115,0.0,0.25,0.75,2.3999999999999995,0.5623351444188083,0.040018806614047456,0.003759688687482818,tail
116,0.5,0.0,0.5,2.3437499999999996,0.6931471803599453,0.04612627030771119,0.006107463693663731,tail
117,0.75,0.0,0.25,2.3999999999999995,0.5623351444188083,0.04860251126806661,0.0024762409603554247,tail
118,0.5,0.5,0.0,2.4749999999999996,0.6931471803599453,0.0437040942196785,0.004898417048388108,tail
119,0.5,0.0,0.5,2.3999999999999995,0.6931471803599453,0.04943960370050052,0.005735509480822014,tail
120,0.0,0.75,0.25,2.3249999999999997,0.5623351444188083,0.05411266639209857,0.004673062691598055,tail
121,0.5,0.0,0.5,2.4,0.6931471803599453,0.048968670229673855,0.005143996162424717,tail
122,0.25,0.75,0.0,2.41875,0.5623351444188083,0.048266593649231616,0.0007020765804422388,tail
123,1.0,0.0,0.0,2.4937500000000004,-1.000000082690371e-10,0.04360386307427403,0.004662730574957585,tail
124,0.25,0.5,0.25,2.5125,1.0397207705399178,0.042890861224304376,0.000713001849969655,tail
125,0.0,0.5,0.5,2.4562500000000003,0.6931471803599453,0.04510006236137642,0.002209201137072042,tail
126,0.0,0.75,0.25,2.5312500000000004,0.5623351444188083,0.040748562091195734,0.004351500270180685,tail
127,0.25,0.5,0.25,2.60625,1.0397207705399178,0.03626842204314967,0.004480140048046061,tail
128,0.25,0.25,0.5,2.6250000000000004,1.0397207705399178,0.040571515273188016,0.004303093230038343,tail
129,0.25,0.5,0.25,2.6437500000000003,1.0397207705399178,0.04100958586492347,0.00043807059173545104,tail
130,0.0,0.25,0.75,2.5875,0.5623351444188083,0.04326617517255871,0.00225658930763524,tail
131,0.0,0.25,0.75,2.60625,0.5623351444188083,0.04372978327538953,0.0004636081028308245,tail
132,0.0,1.0,0.0,2.625,-1.000000082690371e-10,0.04490456459954867,0.0011747813241591368,tail
133,0.5,0.25,0.25,2.68125,1.0397207705399178,0.045632009307475616,0.0007274447079269469,tail
134,0.25,0.25,0.5,2.625,1.0397207705399178,0.047688441995939086,0.0020564326884634707,tail
135,0.75,0.25,0.0,2.68125,0.5623351444188083,0.04841355254794413,0.0007251105520050469,tail
136,0.25,0.0,0.75,2.6999999999999997,0.5623351444188083,0.048052359951151674,0.00036119259679245896,tail
137,0.0,0.75,0.25,2.7562499999999996,0.5623351444188083,0.04589002648996885,0.0021623334611828235,tail
138,0.5,0.25,0.25,2.83125,1.0397207705399178,0.05150929072749931,0.005619264237530459,tail
139,0.5,0.0,0.5,2.8874999999999997,0.6931471803599453,0.0494179895919749,0.002091301135524408,tail
140,0.25,0.25,0.5,2.83125,1.0397207705399178,0.05171085664841132,0.002292867056436415,tail
141,0.5,0.25,0.25,2.9062499999999996,1.0397207705399178,0.048102967765123766,0.003607888883287551,tail
142,0.5,0.0,0.5,2.9625,0.6931471803599453,0.048840181011642836,0.0007372132465190695,tail
143,0.0,0.5,0.5,3.01875,0.6931471803599453,0.04703144725872291,0.0018087337529199277,tail
144,0.75,0.25,0.0,3.0749999999999993,0.5623351444188083,0.0445558484692249,0.002475598789498011,tail
145,0.5,0.0,0.5,3.093749999999999,0.6931471803599453,0.04495602234754018,0.0004001738783152853,tail
146,0.75,0.0,0.25,3.1499999999999995,0.5623351444188083,0.04167046597261686,0.0032855563749233235,tail
147,0.25,0.25,0.5,3.2249999999999996,1.0397207705399178,0.03911059539146662,0.002559870581150238,tail
148,0.25,0.25,0.5,3.2812499999999996,1.0397207705399178,0.03830888033472144,0.0008017150567451795,tail
149,0.5,0.0,0.5,3.3374999999999995,0.6931471803599453,0.03764163357407598,0.0006672467606454596,tail
150,0.25,0.25,0.5,3.3562499999999993,1.0397207705399178,0.03780128966053944,0.00015965608646345553,tail
151,0.5,0.5,0.0,3.412499999999999,0.6931471803599453,0.03797872811275411,0.00017743845221467047,tail
152,0.25,0.5,0.25,3.468749999999999,1.0397207705399178,0.03857996970579423,0.0006012415930401194,tail
153,0.75,0.0,0.25,3.5437499999999993,0.5623351444188083,0.03496840091425393,0.003611568791540294,tail
154,0.5,0.25,0.25,3.487499999999999,1.0397207705399178,0.03771184951378031,0.0027434485995263755,tail
155,0.75,0.0,0.25,3.543749999999999,0.5623351444188083,0.03229002179950497,0.005421827714275337,tail
156,0.5,0.25,0.25,3.618749999999999,1.0397207705399178,0.03278166706121723,0.0004916452617122619,tail
157,0.25,0.75,0.0,3.618749999999999,0.5623351444188083,0.03278166706121723,0.0,tail
158,0.0,0.0,1.0,3.562499999999999,-1.000000082690371e-10,0.03235692666377634,0.00042474039744089254,tail
159,0.25,0.5,0.25,3.618749999999999,1.0397207705399178,0.03290464739687227,0.0005477207330959327,tail
160,0.25,0.75,0.0,3.674999999999999,0.5623351444188083,0.033829853448913844,0.0009252060520415703,tail
161,0.0,0.5,0.5,3.6937499999999988,0.6931471803599453,0.03326769089991807,0.0005621625489957705,tail
162,0.25,0.5,0.25,3.637499999999999,1.0397207705399178,0.0355642162371464,0.0022965253372283292,tail
163,0.0,0.75,0.25,3.6562499999999987,0.5623351444188083,0.03578992798697016,0.00022571174982375514,tail
164,0.0,0.0,1.0,3.674999999999999,-1.000000082690371e-10,0.03770103664440166,0.0019111086574314998,tail
165,0.75,0.0,0.25,3.6937499999999988,0.5623351444188083,0.03759981507600823,0.00010122156839342811,tail
166,0.25,0.75,0.0,3.749999999999999,0.5623351444188083,0.03988206491096617,0.002282249834957943,tail
167,0.5,0.25,0.25,3.7687499999999994,1.0397207705399178,0.039232629516131316,0.0006494353948348561,tail
168,0.5,0.25,0.25,3.8437499999999996,1.0397207705399178,0.04428878067581025,0.005056151159678932,tail
169,0.25,0.5,0.25,3.8624999999999994,1.0397207705399178,0.048327667816298846,0.004038887140488598,tail
170,0.25,0.25,0.5,3.8812499999999996,1.0397207705399178,0.048652055053589764,0.00032438723729091845,tail
171,1.0,0.0,0.0,3.9562499999999994,-1.000000082690371e-10,0.0472509817192989,0.0014010733342908616,tail
172,0.75,0.0,0.25,3.974999999999999,0.5623351444188083,0.046596820405205956,0.0006541613140929464,tail
173,0.0,0.75,0.25,3.993749999999999,0.5623351444188083,0.04689946236698797,0.00030264196178201447,tail
174,0.5,0.5,0.0,3.9187499999999993,0.6931471803599453,0.048353404821300135,0.001453942454312164,tail
175,0.5,0.0,0.5,3.937499999999999,0.6931471803599453,0.04765849379963691,0.0006949110216632262,tail
176,0.25,0.0,0.75,3.993749999999999,0.5623351444188083,0.04671931437786222,0.0009391794217746899,tail
177,0.25,0.25,0.5,4.049999999999999,1.0397207705399178,0.04606237279493988,0.0006569415829223366,tail
178,0.5,0.25,0.25,4.106249999999999,1.0397207705399178,0.04568214529154154,0.0003802275033983407,tail
179,0.5,0.25,0.25,4.1625,1.0397207705399178,0.04360325837165164,0.0020788869198899024,tail
180,1.0,0.0,0.0,4.218749999999999,-1.000000082690371e-10,0.04367928436699144,7.602599533980403e-05,tail
181,0.0,0.75,0.25,4.293749999999999,0.5623351444188083,0.040243557811313085,0.0034357265556783576,tail
182,0.25,0.0,0.75,4.3687499999999995,0.5623351444188083,0.04452287201891296,0.004279314207599874,tail
183,0.25,0.25,0.5,4.424999999999999,1.0397207705399178,0.04510976197011023,0.0005868899511972739,tail
184,0.25,0.5,0.25,4.44375,1.0397207705399178,0.04645436268532817,0.0013446007152179348,tail
185,0.75,0.0,0.25,4.499999999999999,0.5623351444188083,0.04641984228551951,3.452039980866156e-05,tail
186,0.75,0.0,0.25,4.51875,0.5623351444188083,0.04779532984181103,0.0013754875562915214,tail
187,0.5,0.25,0.25,4.575,1.0397207705399178,0.04701833294378384,0.0007769968980271894,tail
188,0.0,0.75,0.25,4.65,0.5623351444188083,0.04747669041553443,0.0004583574717505895,tail
189,0.0,0.5,0.5,4.70625,0.6931471803599453,0.048017656257880806,0.0005409658423463776,tail
190,0.25,0.25,0.5,4.7250000000000005,1.0397207705399178,0.048127577041390736,0.00010992078350993001,tail
191,0.25,0.75,0.0,4.78125,0.5623351444188083,0.04731666923505906,0.0008109078063316746,tail
192,0.25,0.5,0.25,4.8375,1.0397207705399178,0.04898832968485952,0.0016716604498004592,tail
193,0.25,0.5,0.25,4.893750000000001,1.0397207705399178,0.049476754327158416,0.0004884246422988958,tail
194,0.0,0.5,0.5,4.9125000000000005,0.6931471803599453,0.04979483297115271,0.0003180786439942948,tail
195,0.25,0.5,0.25,4.8375,1.0397207705399178,0.049074182526304064,0.0007206504448486473,tail
196,0.5,0.0,0.5,4.85625,0.6931471803599453,0.049107393871111765,3.321134480770149e-05,tail
197,0.25,0.25,0.5,4.93125,1.0397207705399178,0.045591393873323297,0.0035159999977884687,tail
198,0.5,0.0,0.5,4.987500000000001,0.6931471803599453,0.0475816732051323,0.0019902793318090015,tail
199,0.5,0.25,0.25,5.0062500000000005,1.0397207705399178,0.04744679380303276,0.00013487940209953864,tail
200,0.25,0.0,0.75,5.025,0.5623351444188083,0.04740174871510556,4.5045087927200744e-05,tail
201,0.25,0.5,0.25,5.08125,1.0397207705399178,0.04676896339988741,0.000632785315218147,tail
202,0.5,0.25,0.25,5.15625,1.0397207705399178,0.04322099822424284,0.0035479651756445685,tail
203,0.0,1.0,0.0,5.2125,-1.000000082690371e-10,0.03878789729493592,0.004433100929306925,tail
204,0.25,0.5,0.25,5.156250000000001,1.0397207705399178,0.03924170145154899,0.00045380415661307183,tail
205,0.0,0.25,0.75,5.156250000000001,0.5623351444188083,0.03924170145154899,0.0,tail
206,0.25,0.0,0.75,5.175000000000001,0.5623351444188083,0.03932027446973128,7.857301818228746e-05,tail
207,0.25,0.5,0.25,5.193750000000001,1.0397207705399178,0.03880866275314702,0.0005116117165842593,tail
208,0.25,0.5,0.25,5.212500000000001,1.0397207705399178,0.038902522411792276,9.385965864525808e-05,tail
209,0.75,0.25,0.0,5.287500000000001,0.5623351444188083,0.0384837628097876,0.000418759602004673,tail
210,0.5,0.25,0.25,5.343750000000001,1.0397207705399178,0.04255422781213962,0.004070465002352017,tail
211,0.0,0.25,0.75,5.400000000000001,0.5623351444188083,0.04314190112654371,0.0005876733144040899,tail
212,0.0,0.75,0.25,5.343750000000002,0.5623351444188083,0.03895921344816891,0.004182687678374798,tail
213,0.25,0.25,0.5,5.362500000000002,1.0397207705399178,0.038906538653547505,5.267479462140595e-05,tail
214,0.25,0.0,0.75,5.418750000000002,0.5623351444188083,0.03916322014977806,0.00025668149623055136,tail
215,0.0,0.25,0.75,5.437500000000002,0.5623351444188083,0.038800370487921766,0.0003628496618562904,tail
216,0.5,0.5,0.0,5.362500000000002,0.6931471803599453,0.03719080867633829,0.0016095618115834764,tail
217,0.5,0.5,0.0,5.306250000000001,0.6931471803599453,0.036741854433159804,0.0004489542431784857,tail
218,0.25,0.5,0.25,5.381250000000001,1.0397207705399178,0.04112636538386914,0.004384510950709339,tail
219,0.0,0.25,0.75,5.381250000000001,0.5623351444188083,0.04112636538386914,0.0,tail
220,0.25,0.25,0.5,5.4562500000000025,1.0397207705399178,0.041746011691986794,0.0006196463081176509,tail
221,0.25,0.25,0.5,5.475000000000002,1.0397207705399178,0.04496906488770923,0.003223053195722435,tail
222,0.25,0.5,0.25,5.5500000000000025,1.0397207705399178,0.04944202333921022,0.0044729584515009885,tail
223,0.5,0.25,0.25,5.606250000000003,1.0397207705399178,0.05004914576880918,0.0006071224295989622,tail
224,0.5,0.5,0.0,5.662500000000003,0.6931471803599453,0.049438734576873075,0.0006104111919361041,tail
225,0.75,0.25,0.0,5.718750000000003,0.5623351444188083,0.05003108408779492,0.0005923495109218455,tail
226,0.25,0.0,0.75,5.775000000000003,0.5623351444188083,0.05049045585863232,0.00045937177083740094,tail
227,0.5,0.5,0.0,5.793750000000003,0.6931471803599453,0.050582235023770926,9.177916513860435e-05,tail
228,0.5,0.5,0.0,5.8125000000000036,0.6931471803599453,0.05028427974091408,0.00029795528285684464,tail
229,0.5,0.25,0.25,5.868750000000003,1.0397207705399178,0.04839151042538349,0.0018927693155305902,tail
230,0.75,0.0,0.25,5.887500000000004,0.5623351444188083,0.048485147935347146,9.363750996365522e-05,tail
231,0.25,0.0,0.75,5.962500000000004,0.5623351444188083,0.05282670851768547,0.004341560582338325,tail
232,0.0,0.25,0.75,5.981250000000004,0.5623351444188083,0.05293955685201288,0.0001128483343274117,tail
233,0.0,0.5,0.5,6.000000000000004,0.6931471803599453,0.05280125619954517,0.00013830065246771273,tail
234,0.25,0.25,0.5,5.925000000000004,1.0397207705399178,0.05287710545453502,7.584925498985151e-05,tail
235,0.0,0.25,0.75,5.868750000000004,0.5623351444188083,0.05322691511056717,0.00034980965603215175,tail
236,0.0,0.75,0.25,5.925000000000004,0.5623351444188083,0.05018498008929073,0.0030419350212764415,tail
237,0.75,0.0,0.25,5.943750000000004,0.5623351444188083,0.04956608593584938,0.0006188941534413517,tail
238,0.75,0.25,0.0,6.0000000000000036,0.5623351444188083,0.04841775807361373,0.0011483278622356485,tail
239,0.0,0.75,0.25,6.018750000000004,0.5623351444188083,0.04788804285453192,0.0005297152190818083,tail
240,0.75,0.25,0.0,6.037500000000005,0.5623351444188083,0.04803591592496166,0.00014787307042973818,tail
241,0.5,0.25,0.25,5.981250000000005,1.0397207705399178,0.04812264604632616,8.673012136450192e-05,tail
242,0.75,0.25,0.0,5.925000000000005,0.5623351444188083,0.04840732931333846,0.00028468326701229507,tail
243,0.25,0.5,0.25,5.9812500000000055,1.0397207705399178,0.0489882499464157,0.0005809206330772421,tail
244,0.25,0.25,0.5,6.037500000000006,1.0397207705399178,0.04867302617017437,0.0003152237762413315,tail
245,0.25,0.5,0.25,6.056250000000006,1.0397207705399178,0.048860931479045494,0.00018790530887112522,tail
246,0.0,0.25,0.75,6.075000000000006,0.5623351444188083,0.04905494567637883,0.00019401419733333647,tail
247,0.75,0.25,0.0,6.093750000000007,0.5623351444188083,0.048390259221252195,0.0006646864551266354,tail
248,0.5,0.0,0.5,6.037500000000007,0.6931471803599453,0.046506898429829704,0.0018833607914224906,tail
249,0.0,0.5,0.5,6.112500000000007,0.6931471803599453,0.0478937728370034,0.0013868744071736938,tail
250,0.0,0.5,0.5,6.168750000000007,0.6931471803599453,0.04618817658503072,0.0017055962519726756,tail
251,0.25,0.25,0.5,6.225000000000007,1.0397207705399178,0.04637845337546279,0.00019027679043207013,tail
252,0.0,0.0,1.0,6.281250000000007,-1.000000082690371e-10,0.04669009363612341,0.00031164026066062,tail
253,0.25,0.25,0.5,6.300000000000008,1.0397207705399178,0.04692456754262603,0.00023447390650261496,tail
254,0.25,0.5,0.25,6.356250000000007,1.0397207705399178,0.048511677073669345,0.0015871095310433167,tail
255,0.5,0.5,0.0,6.375000000000007,0.6931471803599453,0.05136961080310499,0.002857933729435644,tail
256,0.5,0.25,0.25,6.4312500000000075,1.0397207705399178,0.05799602626473637,0.0066264154616313825,tail
257,0.25,0.0,0.75,6.506250000000007,0.5623351444188083,0.062484310530724396,0.004488284265988025,tail
258,0.25,0.5,0.25,6.581250000000007,1.0397207705399178,0.06718590114376677,0.004701590613042372,tail
259,0.25,0.25,0.5,6.637500000000007,1.0397207705399178,0.06781507051579688,0.0006291693720301139,tail
260,0.5,0.25,0.25,6.693750000000007,1.0397207705399178,0.06748103755639431,0.0003340329594025693,tail
261,0.75,0.25,0.0,6.7125000000000075,0.5623351444188083,0.06754072845328216,5.9690896887842904e-05,tail
262,0.5,0.5,0.0,6.768750000000008,0.6931471803599453,0.06973227961505707,0.002191551161774913,tail
263,0.75,0.25,0.0,6.787500000000008,0.5623351444188083,0.06981888539508851,8.66057800314457e-05,tail
264,0.5,0.25,0.25,6.8062500000000075,1.0397207705399178,0.06991085981671592,9.197442162740821e-05,tail
265,0.5,0.5,0.0,6.8062500000000075,0.6931471803599453,0.06991085981671592,0.0,tail
266,0.5,0.25,0.25,6.862500000000008,1.0397207705399178,0.07025979969459777,0.0003489398778818431,tail
267,0.5,0.25,0.25,6.8062500000000075,1.0397207705399178,0.07064452163827005,0.00038472194367228374,tail
268,0.75,0.25,0.0,6.825000000000008,0.5623351444188083,0.07069225917886983,4.7737540599779305e-05,tail
269,0.0,0.5,0.5,6.8812500000000085,0.6931471803599453,0.07217578368123194,0.0014835245023621102,tail
270,0.75,0.25,0.0,6.937500000000008,0.5623351444188083,0.07273376241686175,0.0005579787356298077,tail
271,0.0,0.25,0.75,6.956250000000008,0.5623351444188083,0.07285851550265068,0.00012475308578893674,tail
272,0.0,0.75,0.25,7.031250000000009,0.5623351444188083,0.07468985351940366,0.0018313380167529758,tail
273,0.5,0.0,0.5,7.087500000000008,0.6931471803599453,0.07491403928003063,0.00022418576062696594,tail
274,0.25,0.0,0.75,7.143750000000008,0.5623351444188083,0.07329646697019214,0.0016175723098384859,tail
275,0.25,0.5,0.25,7.0687500000000085,1.0397207705399178,0.07126856254908245,0.002027904421109686,tail
276,0.5,0.25,0.25,7.125000000000009,1.0397207705399178,0.07458765554282396,0.0033190929937415015,tail
277,0.0,0.5,0.5,7.181250000000008,0.6931471803599453,0.07504123866248447,0.0004535831196605111,tail
278,0.5,0.5,0.0,7.237500000000008,0.6931471803599453,0.07670612166941077,0.0016648830069262988,tail
279,0.0,0.25,0.75,7.1812500000000075,0.5623351444188083,0.0751832656746164,0.0015228559947943615,tail
280,0.25,0.25,0.5,7.200000000000008,1.0397207705399178,0.0750563199995507,0.0001269456750657011,tail
281,0.5,0.0,0.5,7.256250000000008,0.6931471803599453,0.07557270919452305,0.0005163891949723498,tail
282,0.25,0.25,0.5,7.312500000000007,1.0397207705399178,0.0759879783358029,0.0004152691412798448,tail
283,0.25,0.5,0.25,7.331250000000008,1.0397207705399178,0.07624631138619067,0.00025833305038777676,tail
284,0.5,0.25,0.25,7.387500000000008,1.0397207705399178,0.07666269591732638,0.0004163845311357106,tail
285,0.25,0.25,0.5,7.4625000000000075,1.0397207705399178,0.07821992358288546,0.0015572276655590744,tail
286,0.0,0.25,0.75,7.387500000000007,0.5623351444188083,0.0765084566914825,0.0017114668914029602,tail
287,0.25,0.5,0.25,7.4625000000000075,1.0397207705399178,0.07801430282526686,0.0015058461337843637,tail
288,0.5,0.25,0.25,7.518750000000007,1.0397207705399178,0.0793927391595097,0.0013784363342428385,tail
289,0.0,0.5,0.5,7.537500000000007,0.6931471803599453,0.07843880103502635,0.0009539381244833556,tail
290,0.25,0.25,0.5,7.593750000000007,1.0397207705399178,0.07885518768603593,0.0004163866510095843,tail
291,0.25,0.5,0.25,7.6500000000000075,1.0397207705399178,0.08436933430051742,0.005514146614481491,tail
292,0.25,0.25,0.5,7.6500000000000075,1.0397207705399178,0.08436933430051742,0.0,tail
293,0.25,0.75,0.0,7.706250000000007,0.5623351444188083,0.08481060586499463,0.00044127156447720806,tail
294,0.0,0.5,0.5,7.725000000000007,0.6931471803599453,0.08760095738275335,0.0027903515177587213,tail
295,0.0,0.0,1.0,7.781250000000007,-1.000000082690371e-10,0.08909127276457811,0.0014903153818247583,tail
296,0.25,0.25,0.5,7.8375000000000075,1.0397207705399178,0.08955218450713506,0.0004609117425569548,tail
297,0.5,0.0,0.5,7.893750000000008,0.6931471803599453,0.0910353800985499,0.0014831955914148404,tail
298,0.0,0.25,0.75,7.950000000000007,0.5623351444188083,0.09156071350646221,0.000525333407912304,tail
299,0.25,0.5,0.25,8.006250000000007,1.0397207705399178,0.09015910415759434,0.0014016093488678633,tail
300,0.5,0.25,0.25,7.9312500000000075,1.0397207705399178,0.08868923976447175,0.0014698643931225913,tail
301,0.5,0.0,0.5,7.856250000000007,0.6931471803599453,0.08639421819485359,0.0022950215696181664,tail
302,0.25,0.0,0.75,7.9312500000000075,0.5623351444188083,0.08895320047643003,0.002558982281576444,tail
303,0.25,0.25,0.5,7.987500000000007,1.0397207705399178,0.09051373018256649,0.0015605297061364598,tail
304,0.0,0.0,1.0,8.006250000000007,-1.000000082690371e-10,0.09037692879165815,0.00013680139090833932,tail
305,0.0,0.25,0.75,8.062500000000007,0.5623351444188083,0.08896154365791965,0.0014153851337384976,tail
306,0.5,0.5,0.0,8.118750000000006,0.6931471803599453,0.09070476554287232,0.0017432218849526698,tail
307,0.25,0.5,0.25,8.175000000000008,1.0397207705399178,0.09273553205891433,0.002030766516042004,tail
308,0.0,0.5,0.5,8.193750000000007,0.6931471803599453,0.09144621455396575,0.001289317504948581,tail
309,0.25,0.25,0.5,8.250000000000007,1.0397207705399178,0.09184117680981903,0.0003949622558532817,tail
310,0.25,0.25,0.5,8.306250000000007,1.0397207705399178,0.09382338794245246,0.0019822111326334296,tail
311,0.25,0.25,0.5,8.325000000000008,1.0397207705399178,0.0941173895080629,0.00029400156561044943,tail
312,0.5,0.0,0.5,8.381250000000009,0.6931471803599453,0.09448834253493885,0.00037095302687593923,tail
313,0.5,0.25,0.25,8.381250000000009,1.0397207705399178,0.09448834253493885,0.0,tail
314,0.25,0.5,0.25,8.456250000000008,1.0397207705399178,0.09817303760452722,0.0036846950695883784,tail
315,0.0,0.25,0.75,8.40000000000001,0.5623351444188083,0.09714687655812679,0.0010261610464004367,tail
316,0.25,0.25,0.5,8.325000000000008,1.0397207705399178,0.09522711339214235,0.0019197631659844394,tail
317,0.25,0.5,0.25,8.400000000000007,1.0397207705399178,0.09289308370379319,0.002334029688349157,tail
318,0.75,0.25,0.0,8.475000000000009,0.5623351444188083,0.09580228663763687,0.0029092029338436826,tail
319,0.25,0.25,0.5,8.531250000000007,1.0397207705399178,0.09759894318555622,0.0017966565479193425,tail
320,0.0,0.5,0.5,8.587500000000007,0.6931471803599453,0.09635879605995981,0.0012401471255964053,tail
321,0.25,0.25,0.5,8.531250000000007,1.0397207705399178,0.09464892469179156,0.0017098713681682476,tail
322,0.25,0.5,0.25,8.606250000000006,1.0397207705399178,0.09643381899164015,0.0017848942998485856,tail
323,0.0,0.25,0.75,8.625000000000007,0.5623351444188083,0.09674772889776234,0.00031390990612219227,tail
324,0.5,0.0,0.5,8.643750000000008,0.6931471803599453,0.09640976492781951,0.00033796396994283107,tail
325,0.25,0.25,0.5,8.662500000000009,1.0397207705399178,0.09607676170971267,0.00033300321810683653,tail
326,0.0,0.25,0.75,8.681250000000007,0.5623351444188083,0.09639998966707627,0.00032322795736360044,tail
327,0.5,0.25,0.25,8.700000000000008,1.0397207705399178,0.09672560052475722,0.0003256108576809441,tail
328,0.25,0.5,0.25,8.625000000000007,1.0397207705399178,0.09457548035497852,0.0021501201697786965,tail
329,0.25,0.5,0.25,8.700000000000006,1.0397207705399178,0.09647950519086898,0.0019040248358904582,tail
330,0.75,0.25,0.0,8.700000000000006,0.5623351444188083,0.09647950519086898,0.0,tail
331,0.5,0.25,0.25,8.756250000000007,1.0397207705399178,0.09767355846613464,0.001194053275265658,tail
332,0.25,0.75,0.0,8.831250000000006,0.5623351444188083,0.09563230670614097,0.002041251759993673,tail
333,0.75,0.0,0.25,8.887500000000006,0.5623351444188083,0.09652012116166456,0.0008878144555235917,tail
334,0.25,0.25,0.5,8.906250000000007,1.0397207705399178,0.09838012216652262,0.0018600010048580584,tail
335,0.5,0.25,0.25,8.831250000000006,1.0397207705399178,0.09626079484920082,0.002119327317321798,tail
336,0.25,0.25,0.5,8.775000000000006,1.0397207705399178,0.09459360546734875,0.0016671893818520633,tail
337,0.0,0.75,0.25,8.831250000000006,0.5623351444188083,0.09600931758168027,0.001415712114331516,tail
338,0.0,0.75,0.25,8.756250000000007,0.5623351444188083,0.09466408538881023,0.0013452321928700411,tail
339,0.75,0.25,0.0,8.775000000000006,0.5623351444188083,0.0973787557443227,0.002714670355512469,tail
340,0.25,0.5,0.25,8.793750000000006,1.0397207705399178,0.0966493339345904,0.000729421809732303,tail
341,0.75,0.0,0.25,8.850000000000007,0.5623351444188083,0.10038440277409855,0.0037350688395081516,tail
342,0.5,0.5,0.0,8.925000000000008,0.6931471803599453,0.10354134232427367,0.003156939550175125,tail
343,0.0,0.75,0.25,8.981250000000006,0.5623351444188083,0.10393158055903862,0.0003902382347649447,tail
344,0.25,0.25,0.5,8.925000000000008,1.0397207705399178,0.10320156248817135,0.0007300180708672693,tail
345,0.25,0.5,0.25,8.868750000000007,1.0397207705399178,0.1025597006016493,0.0006418618865220438,tail
346,0.5,0.25,0.25,8.887500000000008,1.0397207705399178,0.10178562030070827,0.0007740803009410324,tail
347,0.75,0.25,0.0,8.943750000000009,0.5623351444188083,0.10328375564282823,0.001498135342119955,tail
348,0.5,0.5,0.0,8.962500000000007,0.6931471803599453,0.10256031476191196,0.0007234408809162624,tail
349,0.0,0.5,0.5,9.018750000000008,0.6931471803599453,0.10301769038009911,0.0004573756181871502,tail
350,0.5,0.25,0.25,9.075000000000008,1.0397207705399178,0.10466867834535064,0.0016509879652515241,tail
351,0.25,0.5,0.25,9.075000000000008,1.0397207705399178,0.10466867834535064,0.0,tail
352,0.25,0.25,0.5,9.131250000000009,1.0397207705399178,0.10310124726452133,0.0015674310808293096,tail
353,0.5,0.5,0.0,9.206250000000008,0.6931471803599453,0.10671687864391448,0.00361563137939315,tail
354,0.25,0.5,0.25,9.262500000000008,1.0397207705399178,0.11031209720181395,0.003595218557899474,tail
355,0.25,0.25,0.5,9.206250000000008,1.0397207705399178,0.10896802856801602,0.0013440686337979346,tail
356,0.5,0.0,0.5,9.26250000000001,0.6931471803599453,0.1094238506979281,0.0004558221299120757,tail
357,0.75,0.25,0.0,9.318750000000009,0.5623351444188083,0.11088458244949996,0.001460731751571867,tail
358,0.5,0.5,0.0,9.375000000000009,0.6931471803599453,0.11132483876728705,0.0004402563177870883,tail
359,0.25,0.5,0.25,9.318750000000009,1.0397207705399178,0.11085655938108699,0.00046827938620006004,tail
360,0.0,0.5,0.5,9.375000000000009,0.6931471803599453,0.11121039059621389,0.0003538312151269013,tail
361,0.25,0.25,0.5,9.45000000000001,1.0397207705399178,0.10852495122810446,0.0026854393681094296,tail
362,0.25,0.0,0.75,9.468750000000009,0.5623351444188083,0.10765615475322327,0.0008687964748811949,tail
363,0.25,0.5,0.25,9.52500000000001,1.0397207705399178,0.10924317502280155,0.0015870202695782848,tail
364,0.5,0.0,0.5,9.600000000000009,0.6931471803599453,0.11062164984333961,0.0013784748205380587,tail
365,0.5,0.25,0.25,9.656250000000007,1.0397207705399178,0.11264551353138715,0.0020238636880475364,tail
366,0.25,0.0,0.75,9.600000000000009,0.5623351444188083,0.1118058358131405,0.0008396777182466397,tail
367,0.0,0.5,0.5,9.656250000000009,0.6931471803599453,0.11218580691619344,0.000379971103052934,tail
368,0.25,0.25,0.5,9.600000000000009,1.0397207705399178,0.11144207874076309,0.0007437281754303499,tail
369,0.5,0.0,0.5,9.67500000000001,0.6931471803599453,0.11459146609395679,0.0031493873531937,tail
370,1.0,0.0,0.0,9.67500000000001,-1.000000082690371e-10,0.11459146609395679,0.0,tail
371,0.5,0.5,0.0,9.73125000000001,0.6931471803599453,0.11513992421587503,0.0005484581219182411,tail
372,0.5,0.5,0.0,9.78750000000001,0.6931471803599453,0.11555458159729085,0.00041465738141581443,tail
373,0.25,0.5,0.25,9.80625000000001,1.0397207705399178,0.11542832935960716,0.00012625223768368554,tail
374,0.5,0.25,0.25,9.73125000000001,1.0397207705399178,0.11426444451906272,0.0011638848405444435,tail
375,0.25,0.25,0.5,9.75000000000001,1.0397207705399178,0.11699526315865302,0.0027308186395903072,tail
376,0.25,0.25,0.5,9.768750000000011,1.0397207705399178,0.11720253236918549,0.0002072692105324625,tail
377,0.5,0.25,0.25,9.712500000000011,1.0397207705399178,0.11602433153357308,0.001178200835612403,tail
378,0.0,0.5,0.5,9.712500000000011,0.6931471803599453,0.11602433153357308,0.0,tail
379,0.0,0.0,1.0,9.65625000000001,-1.000000082690371e-10,0.11493406737669205,0.0010902641568810295,tail
380,0.75,0.25,0.0,9.712500000000011,0.5623351444188083,0.11543669209923027,0.0005026247225382169,tail
381,0.5,0.0,0.5,9.768750000000011,0.6931471803599453,0.11662046146045721,0.0011837693612269384,tail
382,0.25,0.75,0.0,9.82500000000001,0.5623351444188083,0.1150013459500039,0.001619115510453309,tail
383,0.5,0.5,0.0,9.88125000000001,0.6931471803599453,0.11528507041650046,0.0002837244664965627,tail
384,0.25,0.5,0.25,9.80625000000001,1.0397207705399178,0.11312948454508878,0.0021555858714116805,tail
385,0.25,0.25,0.5,9.86250000000001,1.0397207705399178,0.11942715647257539,0.006297671927486606,tail
386,0.25,0.5,0.25,9.93750000000001,1.0397207705399178,0.12354737989178487,0.004120223419209479,tail
387,0.25,0.25,0.5,9.95625000000001,1.0397207705399178,0.12355230420757037,4.9243157854983455e-06,tail
388,0.5,0.25,0.25,10.01250000000001,1.0397207705399178,0.12410468819836146,0.0005523839907910916,tail
389,0.25,0.0,0.75,10.06875000000001,0.5623351444188083,0.12505859564120336,0.0009539074428419059,tail
390,0.5,0.0,0.5,10.06875000000001,0.6931471803599453,0.12505859564120336,0.0,tail
391,0.25,0.5,0.25,10.01250000000001,1.0397207705399178,0.12425190595243403,0.0008066896887693326,tail
392,0.0,0.75,0.25,10.06875000000001,0.5623351444188083,0.1245473013494772,0.0002953953970431661,tail
393,0.25,0.5,0.25,10.12500000000001,1.0397207705399178,0.12570715597172652,0.0011598546222493233,tail
394,0.5,0.0,0.5,10.14375000000001,0.6931471803599453,0.1258964999947873,0.00018934402306078346,tail
395,0.5,0.0,0.5,10.20000000000001,0.6931471803599453,0.12639029179242758,0.0004937917976402806,tail
396,0.5,0.25,0.25,10.21875000000001,1.0397207705399178,0.1265794780278876,0.00018918623546002045,tail
397,0.5,0.25,0.25,10.275000000000011,1.0397207705399178,0.12707349005595142,0.0004940120280638172,tail
398,0.25,0.0,0.75,10.331250000000011,0.5623351444188083,0.1288466756277107,0.0017731855717592893,tail
399,0.25,0.5,0.25,10.38750000000001,1.0397207705399178,0.13065264360605186,0.0018059679783411497,tail
400,0.25,0.25,0.5,10.38750000000001,1.0397207705399178,0.13065264360605186,0.0,tail
401,0.0,0.25,0.75,10.443750000000012,0.5623351444188083,0.13083495387796795,0.00018231027191609184,tail
402,0.5,0.0,0.5,10.462500000000011,0.6931471803599453,0.13020655540452836,0.0006283984734395953,tail
403,0.5,0.25,0.25,10.462500000000011,1.0397207705399178,0.13020655540452836,0.0,tail
404,1.0,0.0,0.0,10.537500000000012,-1.000000082690371e-10,0.1324341117133818,0.0022275563088534345,tail
405,0.25,0.25,0.5,10.556250000000011,1.0397207705399178,0.13263446891268493,0.00020035719930314166,tail
406,0.5,0.5,0.0,10.575000000000012,0.6931471803599453,0.13215441740275838,0.00048005150992655454,tail
407,0.0,0.25,0.75,10.631250000000012,0.5623351444188083,0.13253002681585965,0.0003756094131012744,tail
408,0.5,0.25,0.25,10.650000000000013,1.0397207705399178,0.132440349928043,8.967688781666427e-05,tail
409,0.75,0.0,0.25,10.668750000000012,0.5623351444188083,0.13235350465821627,8.684526982671859e-05,tail
410,0.25,0.5,0.25,10.725000000000012,1.0397207705399178,0.1337468384556247,0.0013933337974084414,tail
411,0.75,0.0,0.25,10.78125000000001,0.5623351444188083,0.13536405267947788,0.001617214223853164,tail
412,0.5,0.5,0.0,10.800000000000011,0.6931471803599453,0.13801177485997332,0.002647722180495443,tail
413,0.25,0.75,0.0,10.856250000000012,0.5623351444188083,0.1384238283316856,0.0004120534717122759,tail
414,0.25,0.5,0.25,10.912500000000012,1.0397207705399178,0.13887567506586584,0.0004518467341802501,tail
415,0.5,0.0,0.5,10.96875000000001,0.6931471803599453,0.137422638037961,0.0014530370279048355,tail
416,0.25,0.25,0.5,11.025000000000011,1.0397207705399178,0.13600323123459215,0.0014194068033688556,tail
417,0.25,0.0,0.75,11.04375000000001,0.5623351444188083,0.1362617648303714,0.00025853359577923674,tail
418,0.25,0.25,0.5,11.10000000000001,1.0397207705399178,0.13667773313299772,0.00041596830262632944,tail
419,0.75,0.0,0.25,11.02500000000001,0.5623351444188083,0.1353237942746026,0.0013539388583951317,tail
420,0.5,0.25,0.25,11.08125000000001,1.0397207705399178,0.1368626028917778,0.0015388086171752025,tail
421,0.0,0.5,0.5,11.025000000000011,0.6931471803599453,0.13545714699444605,0.0014054558973317366,tail
422,0.5,0.0,0.5,11.081250000000011,0.6931471803599453,0.1359066344269107,0.00044948743246464584,tail
423,0.25,0.75,0.0,11.13750000000001,0.5623351444188083,0.13765461832177095,0.00174798389486025,tail
424,0.25,0.75,0.0,11.19375000000001,0.5623351444188083,0.13934437724124332,0.0016897589194723728,tail
425,0.0,0.75,0.25,11.268750000000011,0.5623351444188083,0.1427047460011401,0.003360368759896787,tail
426,0.75,0.25,0.0,11.325000000000012,0.5623351444188083,0.14350671668732062,0.0008019706861805143,tail
427,0.5,0.5,0.0,11.268750000000011,0.6931471803599453,0.1392121140393767,0.004294602647943929,tail
428,0.0,0.0,1.0,11.28750000000001,-1.000000082690371e-10,0.13905725060316856,0.00015486343620813026,tail
429,0.5,0.0,0.5,11.34375000000001,0.6931471803599453,0.13945902736108529,0.00040177675791672196,tail
430,0.75,0.25,0.0,11.400000000000011,0.5623351444188083,0.14006047800860855,0.0006014506475232606,tail
431,0.5,0.25,0.25,11.456250000000011,1.0397207705399178,0.1449272682621783,0.004866790253569758,tail
432,0.5,0.0,0.5,11.456250000000011,0.6931471803599453,0.1449272682621783,0.0,tail
433,0.5,0.25,0.25,11.53125000000001,1.0397207705399178,0.1477230272281116,0.002795758965933287,tail
434,0.5,0.25,0.25,11.550000000000008,1.0397207705399178,0.14754934622123,0.0001736810068815875,tail
435,0.25,0.25,0.5,11.568750000000009,1.0397207705399178,0.14984915592438255,0.00229980970315255,tail
436,0.5,0.25,0.25,11.643750000000008,1.0397207705399178,0.15296983209525308,0.003120676170870529,tail
437,0.25,0.25,0.5,11.718750000000009,1.0397207705399178,0.15624876249509925,0.0032789303998461694,tail
438,0.5,0.25,0.25,11.77500000000001,1.0397207705399178,0.1568125311379002,0.0005637686428009436,tail
439,0.5,0.0,0.5,11.70000000000001,0.6931471803599453,0.15551267909522665,0.0012998520426735494,tail
440,0.0,0.25,0.75,11.77500000000001,0.5623351444188083,0.159048851329945,0.00353617223471836,tail
441,0.25,0.25,0.5,11.700000000000008,1.0397207705399178,0.15821088946995707,0.0008379618599879401,tail
442,0.5,0.5,0.0,11.64375000000001,0.6931471803599453,0.15745365141447185,0.0007572380554852209,tail
443,0.5,0.5,0.0,11.662500000000009,0.6931471803599453,0.1606260852346608,0.003172433820188947,tail
444,0.25,0.25,0.5,11.68125000000001,1.0397207705399178,0.16076852780084172,0.0001424425661809281,tail
445,0.25,0.5,0.25,11.70000000000001,1.0397207705399178,0.1607573020308876,1.1225769954131826e-05,tail
446,1.0,0.0,0.0,11.62500000000001,-1.000000082690371e-10,0.16078869334082554,3.1391309937955914e-05,tail
447,0.5,0.5,0.0,11.68125000000001,0.6931471803599453,0.16159281328291655,0.0008041199420910083,tail
448,0.5,0.0,0.5,11.737500000000011,0.6931471803599453,0.1618522094236359,0.0002593961407193479,tail
449,0.25,0.5,0.25,11.737500000000011,1.0397207705399178,0.1618522094236359,0.0,tail
450,0.0,0.5,0.5,11.79375000000001,0.6931471803599453,0.1637100499931205,0.0018578405694845979,tail
451,0.25,0.25,0.5,11.86875000000001,1.0397207705399178,0.16573242978140998,0.00202237978828948,tail
452,0.25,0.5,0.25,11.92500000000001,1.0397207705399178,0.1669246678192366,0.001192238037826615,tail
453,0.75,0.0,0.25,12.000000000000009,0.5623351444188083,0.16392154957192928,0.0030031182473073126,tail
454,0.25,0.0,0.75,12.075000000000008,0.5623351444188083,0.16477895053392727,0.0008574009619979894,tail
455,0.75,0.0,0.25,12.075000000000008,0.5623351444188083,0.16477895053392727,0.0,tail
456,0.5,0.0,0.5,12.093750000000009,0.6931471803599453,0.16411568483180536,0.0006632657021219124,tail
457,0.5,0.5,0.0,12.112500000000008,0.6931471803599453,0.16432454667707125,0.0002088618452658897,tail
458,0.5,0.25,0.25,12.112500000000008,1.0397207705399178,0.16432454667707125,0.0,tail
459,0.25,0.0,0.75,12.187500000000009,0.5623351444188083,0.16696704507364601,0.002642498396574766,tail
460,0.25,0.75,0.0,12.24375000000001,0.5623351444188083,0.16848341500816166,0.001516369934515649,tail
461,0.25,0.75,0.0,12.300000000000008,0.5623351444188083,0.16903270590055175,0.0005492908923900863,tail
462,0.25,0.5,0.25,12.318750000000009,1.0397207705399178,0.16890494333444603,0.00012776256610572134,tail
463,0.0,0.5,0.5,12.24375000000001,0.6931471803599453,0.1676585682505146,0.0012463750839314391,tail
464,0.75,0.0,0.25,12.187500000000009,0.5623351444188083,0.16635495394825173,0.0013036143022628621,tail
465,0.75,0.25,0.0,12.24375000000001,0.5623351444188083,0.16681881954589975,0.00046386559764802215,tail
466,0.25,0.5,0.25,12.300000000000008,1.0397207705399178,0.16728493072262957,0.0004661111767298165,tail
467,0.25,0.5,0.25,12.356250000000008,1.0397207705399178,0.17318115909990756,0.00589622837727799,tail
468,0.25,0.5,0.25,12.281250000000007,1.0397207705399178,0.17121706743104645,0.0019640916688611065,tail
469,0.5,0.25,0.25,12.225000000000009,1.0397207705399178,0.17103031358230772,0.0001867538487387299,tail
470,0.25,0.25,0.5,12.281250000000007,1.0397207705399178,0.17155374522288933,0.0005234316405816064,tail
471,0.25,0.0,0.75,12.300000000000008,0.5623351444188083,0.1746837795891838,0.0031300343662944707,tail
472,0.25,0.25,0.5,12.318750000000009,1.0397207705399178,0.17466565997195196,1.8119617231832086e-05,tail
473,0.25,0.75,0.0,12.393750000000008,0.5623351444188083,0.17493424825041415,0.000268588278462184,tail
474,0.0,0.5,0.5,12.412500000000009,0.6931471803599453,0.17471346240433946,0.00022078584607468366,tail
475,0.0,0.0,1.0,12.487500000000008,-1.000000082690371e-10,0.176666078578522,0.0019526161741825476,tail
476,0.0,0.75,0.25,12.506250000000007,0.5623351444188083,0.17971874728308126,0.0030526687045592527,tail
477,0.5,0.25,0.25,12.562500000000007,1.0397207705399178,0.18158025139125822,0.0018615041081769534,tail
478,0.25,0.25,0.5,12.618750000000006,1.0397207705399178,0.17981367309314947,0.0017665782981087508,tail
479,0.5,0.0,0.5,12.637500000000006,0.6931471803599453,0.17997705203112013,0.00016337893797066516,tail
480,0.25,0.25,0.5,12.656250000000007,1.0397207705399178,0.17940144622117749,0.0005756058099426475,tail
481,0.25,0.25,0.5,12.675000000000006,1.0397207705399178,0.1793733612730024,2.8084948175077784e-05,tail
482,0.5,0.0,0.5,12.600000000000005,0.6931471803599453,0.1792057073501708,0.00016765392283160652,tail
483,0.25,0.25,0.5,12.618750000000006,1.0397207705399178,0.1793426936281837,0.0001369862780128961,tail
484,0.25,0.5,0.25,12.675000000000006,1.0397207705399178,0.17988899572027764,0.0005463020920939421,tail
485,0.25,0.25,0.5,12.693750000000005,1.0397207705399178,0.1800260696182294,0.00013707389795175606,tail
486,0.25,0.25,0.5,12.750000000000005,1.0397207705399178,0.18057232687866398,0.000546257260434585,tail
487,0.25,0.25,0.5,12.806250000000006,1.0397207705399178,0.18156902150508097,0.000996694626416994,tail
488,0.5,0.0,0.5,12.825000000000006,0.6931471803599453,0.18155298221610838,1.6039288972591326e-05,tail
489,0.25,0.5,0.25,12.843750000000007,1.0397207705399178,0.18475515892661853,0.0032021767105101517,tail
490,0.0,0.0,1.0,12.900000000000006,-1.000000082690371e-10,0.18567018862841866,0.0009150297018001297,tail
491,0.5,0.5,0.0,12.956250000000006,0.6931471803599453,0.18665490801878223,0.0009847193903635698,tail
492,0.5,0.25,0.25,13.012500000000006,1.0397207705399178,0.19322757439820173,0.006572666379419501,tail
493,0.5,0.0,0.5,13.031250000000005,0.6931471803599453,0.19322049873864988,7.075659551852853e-06,tail
494,0.25,0.25,0.5,13.106250000000006,1.0397207705399178,0.18986976673581443,0.0033507320028354493,tail
495,0.5,0.0,0.5,13.162500000000005,0.6931471803599453,0.18996030886822796,9.05421324135236e-05,tail
496,0.25,0.5,0.25,13.181250000000006,1.0397207705399178,0.1901157233930168,0.00015541452478884388,tail
497,0.25,0.25,0.5,13.200000000000006,1.0397207705399178,0.1900900845240884,2.5638868928395953e-05,tail
498,0.25,0.0,0.75,13.218750000000005,0.5623351444188083,0.19006645630541982,2.3628218668581003e-05,tail
499,0.25,0.25,0.5,13.275000000000006,1.0397207705399178,0.191961343052612,0.0018948867471921815,tail
500,0.25,0.0,0.75,13.218750000000005,0.5623351444188083,0.19112803504784454,0.000833308004767469,tail
501,0.5,0.25,0.25,13.275000000000006,1.0397207705399178,0.19167532617439995,0.0005472911265554103,tail
502,0.5,0.25,0.25,13.293750000000006,1.0397207705399178,0.19169143550329165,1.61093288917058e-05,tail
503,0.75,0.25,0.0,13.312500000000005,0.5623351444188083,0.19181351060747162,0.00012207510417996947,tail
504,0.25,0.75,0.0,13.331250000000006,0.5623351444188083,0.19192468819174913,0.00011117758427750535,tail
505,0.0,0.25,0.75,13.387500000000006,0.5623351444188083,0.19185364803835533,7.10401533937921e-05,tail
506,0.75,0.25,0.0,13.406250000000007,0.5623351444188083,0.1919732774575999,0.00011962941924456572,tail
507,0.5,0.0,0.5,13.462500000000007,0.6931471803599453,0.1900923295401477,0.0018809479174521915,tail
508,0.75,0.0,0.25,13.481250000000008,0.5623351444188083,0.1902188167405833,0.00012648720043559325,tail
509,0.5,0.5,0.0,13.500000000000009,0.6931471803599453,0.19352494489567781,0.003306128155094512,tail
510,0.5,0.25,0.25,13.55625000000001,1.0397207705399178,0.1916367897343504,0.0018881551613274261,tail
511,0.5,0.5,0.0,13.612500000000008,0.6931471803599453,0.1921964378003014,0.0005596480659510183,tail
512,0.25,0.25,0.5,13.631250000000009,1.0397207705399178,0.1922087793097655,1.234150946408108e-05,tail
513,0.25,0.75,0.0,13.55625000000001,0.5623351444188083,0.191003732375182,0.0012050469345834813,tail
514,0.5,0.5,0.0,13.63125000000001,0.6931471803599453,0.19234712882897453,0.001343396453792528,tail
515,0.75,0.25,0.0,13.70625000000001,0.5623351444188083,0.1923309017845289,1.6227044445621397e-05,tail
516,0.5,0.25,0.25,13.72500000000001,1.0397207705399178,0.19184519566974464,0.00048570611478426784,tail
517,0.25,0.25,0.5,13.78125000000001,1.0397207705399178,0.19281687596330901,0.0009716802935643698,tail
518,0.0,0.0,1.0,13.837500000000011,-1.000000082690371e-10,0.1933572758724445,0.0005403999091354861,tail
519,0.5,0.25,0.25,13.893750000000011,1.0397207705399178,0.19528556814316853,0.0019282922707240246,tail
520,0.75,0.0,0.25,13.893750000000011,0.5623351444188083,0.19528556814316853,0.0,tail
521,0.75,0.0,0.25,13.95000000000001,0.5623351444188083,0.1972326637066301,0.001947095563461565,tail
522,0.25,0.5,0.25,13.96875000000001,1.0397207705399178,0.2005181179469829,0.003285454240352814,tail
523,0.25,0.0,0.75,13.96875000000001,0.5623351444188083,0.2005181179469829,0.0,tail
524,0.25,0.25,0.5,13.987500000000011,1.0397207705399178,0.20385182702839005,0.003333709081407149,tail
525,0.0,0.75,0.25,14.00625000000001,0.5623351444188083,0.2040196045076004,0.00016777747921034591,tail
526,0.25,0.0,0.75,14.06250000000001,0.5623351444188083,0.2045986209707318,0.0005790164631314099,tail
527,0.0,0.75,0.25,14.118750000000011,0.5623351444188083,0.2053460232334989,0.000747402262767094,tail
528,0.5,0.25,0.25,14.13750000000001,1.0397207705399178,0.20536666190088562,2.0638667386718712e-05,tail
529,0.25,0.0,0.75,14.156250000000009,0.5623351444188083,0.20547809151768512,0.00011142961679949659,tail
530,0.25,0.25,0.5,14.231250000000008,1.0397207705399178,0.2098665777791933,0.004388486261508173,tail
531,0.75,0.0,0.25,14.175000000000008,0.5623351444188083,0.21004158349449567,0.00017500571530237874,tail
532,0.5,0.5,0.0,14.100000000000009,0.6931471803599453,0.20911729943234061,0.0009242840621550563,tail
533,1.0,0.0,0.0,14.175000000000008,-1.000000082690371e-10,0.20542714169961865,0.003690157732721966,tail
534,0.25,0.25,0.5,14.231250000000008,1.0397207705399178,0.20600509370598746,0.0005779520063688148,tail
535,0.0,0.0,1.0,14.250000000000009,-1.000000082690371e-10,0.20610088833354206,9.579462755460177e-05,tail
536,0.5,0.0,0.5,14.26875000000001,0.6931471803599453,0.20576603493485676,0.00033485339868530306,tail
537,0.25,0.25,0.5,14.287500000000009,1.0397207705399178,0.20580968387459977,4.364893974301287e-05,tail
538,0.0,0.5,0.5,14.30625000000001,0.6931471803599453,0.2058997594401222,9.007556552242946e-05,tail
539,0.75,0.25,0.0,14.32500000000001,0.5623351444188083,0.2062615479721686,0.0003617885320464087,tail
540,0.25,0.5,0.25,14.381250000000009,1.0397207705399178,0.20685989134783406,0.0005983433756654444,tail
541,0.0,0.5,0.5,14.456250000000008,0.6931471803599453,0.20790455432947516,0.0010446629816411035,tail
542,0.5,0.5,0.0,14.512500000000008,0.6931471803599453,0.208618324863254,0.0007137705337788292,tail
543,0.25,0.25,0.5,14.58750000000001,1.0397207705399178,0.21001818187659407,0.0013998570133400834,tail
544,0.5,0.0,0.5,14.53125000000001,0.6931471803599453,0.20930730015562685,0.0007108817209672269,tail
545,0.0,0.5,0.5,14.58750000000001,0.6931471803599453,0.2100903358528187,0.0007830356971918473,tail
546,0.5,0.0,0.5,14.60625000000001,0.6931471803599453,0.21339765596255425,0.0033073201097355565,tail
547,0.25,0.5,0.25,14.66250000000001,1.0397207705399178,0.21396183764575913,0.0005641816832048785,tail
548,0.5,0.25,0.25,14.681250000000011,1.0397207705399178,0.2135531234223412,0.0004087142234179275,tail
549,0.0,0.5,0.5,14.606250000000012,0.6931471803599453,0.21242934257286047,0.0011237808494807267,tail
550,0.5,0.25,0.25,14.662500000000012,1.0397207705399178,0.21968481061654047,0.007255468043679991,tail
551,0.5,0.25,0.25,14.681250000000013,1.0397207705399178,0.2197400986108367,5.528799429624365e-05,tail
552,0.5,0.0,0.5,14.700000000000012,0.6931471803599453,0.21947133968997581,0.00026875892086089537,tail
553,0.25,0.25,0.5,14.756250000000012,1.0397207705399178,0.2192463231055717,0.000225016584404103,tail
554,0.0,0.0,1.0,14.831250000000011,-1.000000082690371e-10,0.22384981406696045,0.004603490961388734,tail
555,0.25,0.75,0.0,14.887500000000012,0.5623351444188083,0.22445702713715662,0.0006072130701961775,tail
556,0.0,0.5,0.5,14.943750000000012,0.6931471803599453,0.2250652270905321,0.0006081999533754656,tail
557,0.75,0.25,0.0,15.00000000000001,0.5623351444188083,0.22722940638262534,0.0021641792920932545,tail
558,0.25,0.25,0.5,15.018750000000011,1.0397207705399178,0.22729282934892117,6.342296629582855e-05,tail
559,0.5,0.25,0.25,14.962500000000013,1.0397207705399178,0.22876093083514684,0.0014681014862256703,tail
560,0.5,0.25,0.25,14.981250000000014,1.0397207705399178,0.22879967015382766,3.873931868081382e-05,tail
561,0.75,0.25,0.0,15.037500000000012,0.5623351444188083,0.2283883326020625,0.0004113375517651452,tail
562,0.0,0.5,0.5,15.093750000000014,0.6931471803599453,0.22629330775083212,0.0020950248512303926,tail
563,0.5,0.0,0.5,15.168750000000012,0.6931471803599453,0.23106390527365547,0.0047705975228233555,tail
564,0.0,0.25,0.75,15.168750000000012,0.5623351444188083,0.23106390527365547,0.0,tail
565,0.0,0.0,1.0,15.112500000000013,-1.000000082690371e-10,0.23084659492967474,0.00021731034398073112,tail
566,0.5,0.5,0.0,15.168750000000014,0.6931471803599453,0.23046375630183227,0.0003828386278424689,tail
567,0.25,0.75,0.0,15.243750000000013,0.5623351444188083,0.23103007278544996,0.0005663164836176848,tail
568,0.5,0.25,0.25,15.187500000000012,1.0397207705399178,0.23072771467752376,0.00030235810792619833,tail
569,0.5,0.25,0.25,15.206250000000013,1.0397207705399178,0.23010451090211229,0.0006232037754114739,tail
570,0.25,0.25,0.5,15.225000000000012,1.0397207705399178,0.23015374659195276,4.923568984047111e-05,tail
571,0.5,0.25,0.25,15.168750000000012,1.0397207705399178,0.22988594318705158,0.00026780340490117904,tail
572,0.0,0.25,0.75,15.243750000000011,0.5623351444188083,0.23470689833279362,0.004820955145742045,tail
573,0.75,0.25,0.0,15.300000000000011,0.5623351444188083,0.22937231137729502,0.005334586955498599,tail
574,0.25,0.0,0.75,15.31875000000001,0.5623351444188083,0.23008817306157398,0.0007158616842789511,tail
575,0.75,0.0,0.25,15.37500000000001,0.5623351444188083,0.23234458851563625,0.0022564154540622716,tail
576,0.0,0.75,0.25,15.39375000000001,0.5623351444188083,0.2323731992096718,2.861069403556349e-05,tail
577,1.0,0.0,0.0,15.45000000000001,-1.000000082690371e-10,0.23023581236826585,0.002137386841405964,tail
578,0.75,0.0,0.25,15.46875000000001,0.5623351444188083,0.2339966926014935,0.0037608802332276536,tail
579,0.5,0.0,0.5,15.543750000000012,0.6931471803599453,0.2344194437028162,0.0004227511013226992,tail
580,0.25,0.75,0.0,15.600000000000012,0.5623351444188083,0.2340300148518621,0.00038942885095410995,tail
581,0.5,0.25,0.25,15.656250000000012,1.0397207705399178,0.23465190309264553,0.0006218882407834359,tail
582,0.25,0.25,0.5,15.581250000000011,1.0397207705399178,0.23420265329944562,0.0004492497931999073,tail
583,0.5,0.25,0.25,15.637500000000012,1.0397207705399178,0.23447311488007067,0.00027046158062504766,tail
584,0.5,0.25,0.25,15.693750000000012,1.0397207705399178,0.23413393644517408,0.0003391784348965865,tail
585,0.75,0.0,0.25,15.712500000000011,0.5623351444188083,0.23418384287910493,4.990643393085192e-05,tail
586,0.0,0.5,0.5,15.656250000000012,0.6931471803599453,0.23589535219563007,0.0017115093165251394,tail
587,0.5,0.25,0.25,15.675000000000013,1.0397207705399178,0.235814042616874,8.130957875607248e-05,tail
588,0.25,0.25,0.5,15.750000000000014,1.0397207705399178,0.23994025934979588,0.004126216732921878,tail
589,0.5,0.25,0.25,15.768750000000013,1.0397207705399178,0.23995366359785966,1.3404248063786373e-05,tail
590,0.25,0.0,0.75,15.693750000000014,0.5623351444188083,0.23988282240822253,7.084118963712749e-05,tail
591,0.25,0.5,0.25,15.637500000000014,1.0397207705399178,0.2399129479375745,3.012552935197088e-05,tail
592,0.5,0.0,0.5,15.693750000000016,0.6931471803599453,0.2376862766065184,0.0022266713310561126,tail
593,0.5,0.0,0.5,15.712500000000015,0.6931471803599453,0.2376808552210987,5.421385419701608e-06,tail
594,0.5,0.25,0.25,15.768750000000015,1.0397207705399178,0.23714587800393636,0.0005349772171623357,tail
595,0.25,0.25,0.5,15.787500000000016,1.0397207705399178,0.2371473048804695,1.426876533150434e-06,tail
596,0.25,0.5,0.25,15.806250000000016,1.0397207705399178,0.2372824012902566,0.00013509640978709436,tail
597,0.0,0.75,0.25,15.881250000000016,0.5623351444188083,0.23739265763618372,0.0001102563459271233,tail
598,0.5,0.5,0.0,15.937500000000016,0.6931471803599453,0.23753524712373283,0.00014258948754911072,tail
599,0.0,0.5,0.5,15.956250000000017,0.6931471803599453,0.23837601491238133,0.0008407677886484999,tail
600,0.25,0.25,0.5,16.012500000000017,1.0397207705399178,0.23785513225203453,0.0005208826603468053,tail
601,0.0,0.5,0.5,16.031250000000018,0.6931471803599453,0.23797009289090898,0.00011496063887445063,tail
602,0.5,0.25,0.25,15.975000000000017,1.0397207705399178,0.23856813564447968,0.0005980427535706989,tail
603,0.5,0.25,0.25,16.050000000000015,1.0397207705399178,0.24284294558605116,0.004274809941571478,tail
604,0.25,0.25,0.5,16.125000000000014,1.0397207705399178,0.24663083046004167,0.00378788487399051,tail
605,0.5,0.5,0.0,16.200000000000017,0.6931471803599453,0.2504714791067235,0.003840648646681849,tail
606,0.5,0.25,0.25,16.218750000000014,1.0397207705399178,0.2505055434029302,3.406429620667062e-05,tail
607,0.5,0.5,0.0,16.237500000000015,0.6931471803599453,0.25353053919961466,0.003024995796684471,tail
608,1.0,0.0,0.0,16.256250000000016,-1.000000082690371e-10,0.2535141586633473,1.638053626734637e-05,tail
609,0.25,0.75,0.0,16.312500000000014,0.5623351444188083,0.25402808986342407,0.000513931200076756,tail
610,0.25,0.75,0.0,16.368750000000013,0.5623351444188083,0.2595487763621642,0.005520686498740157,tail
611,0.0,0.5,0.5,16.42500000000001,0.6931471803599453,0.25941832670838666,0.00013044965377756457,tail
612,0.25,0.25,0.5,16.481250000000017,1.0397207705399178,0.2571373721328968,0.0022809545754898797,tail
613,0.0,0.5,0.5,16.537500000000016,0.6931471803599453,0.2571923514239768,5.497929108000399e-05,tail
614,0.5,0.5,0.0,16.593750000000014,0.6931471803599453,0.25895939791329975,0.0017670464893229654,tail
615,0.75,0.0,0.25,16.650000000000013,0.5623351444188083,0.2651582030947444,0.0061988051814446665,tail
616,0.75,0.0,0.25,16.725000000000016,0.5623351444188083,0.26857679725179956,0.0034185941570551437,tail
617,0.75,0.0,0.25,16.743750000000013,0.5623351444188083,0.2685713690782724,5.428173527166624e-06,tail
618,0.5,0.0,0.5,16.762500000000014,0.6931471803599453,0.26791361629330485,0.0006577527849675469,tail
619,0.0,0.75,0.25,16.818750000000012,0.5623351444188083,0.26791642666470616,2.8103714013183456e-06,tail
620,0.25,0.25,0.5,16.875000000000014,1.0397207705399178,0.2657283671749414,0.0021880594897647487,tail
621,0.5,0.25,0.25,16.931250000000013,1.0397207705399178,0.2635475055976836,0.002180861577257831,tail
622,0.75,0.25,0.0,16.950000000000014,0.5623351444188083,0.2629005558686394,0.0006469497290441661,tail
623,0.0,0.0,1.0,16.875000000000014,-1.000000082690371e-10,0.26435851644492453,0.0014579605762851111,tail
624,0.25,0.25,0.5,16.950000000000017,1.0397207705399178,0.2644218835672117,6.336712228716124e-05,tail
625,0.25,0.5,0.25,17.006250000000016,1.0397207705399178,0.2638751174183354,0.0005467661488762765,tail
626,0.5,0.0,0.5,17.006250000000016,0.6931471803599453,0.2638751174183354,0.0,tail
627,1.0,0.0,0.0,17.062500000000014,-1.000000082690371e-10,0.2661530676363833,0.002277950218047886,tail
628,0.25,0.25,0.5,17.118750000000013,1.0397207705399178,0.26679708285718506,0.0006440152208017635,tail
629,0.5,0.25,0.25,17.137500000000017,1.0397207705399178,0.270368143902647,0.003571061045461954,tail
630,0.0,0.0,1.0,17.156250000000014,-1.000000082690371e-10,0.27037812412232215,9.980219675131963e-06,tail
631,0.25,0.5,0.25,17.17500000000002,1.0397207705399178,0.27050667634699876,0.00012855222467661465,tail
632,0.5,0.25,0.25,17.231250000000017,1.0397207705399178,0.2708358240001946,0.00032914765319586037,tail
633,0.0,0.25,0.75,17.17500000000002,0.5623351444188083,0.2706811834425846,0.0001546405576099974,tail
634,0.25,0.75,0.0,17.193750000000016,0.5623351444188083,0.27156032504392796,0.0008791416013433362,tail
635,0.75,0.0,0.25,17.250000000000014,0.5623351444188083,0.2716740214847038,0.00011369644077585672,tail
636,1.0,0.0,0.0,17.306250000000013,-1.000000082690371e-10,0.2718556863596934,0.0001816648749896066,tail
637,0.75,0.0,0.25,17.325000000000017,0.5623351444188083,0.2718865565718879,3.087021219450037e-05,tail
638,0.25,0.25,0.5,17.400000000000016,1.0397207705399178,0.26799498438435787,0.003891572187530057,tail
639,0.0,0.25,0.75,17.343750000000018,0.5623351444188083,0.26852384505201354,0.0005288606676556729,tail
640,0.25,0.25,0.5,17.400000000000016,1.0397207705399178,0.27076775171488704,0.002243906662873496,tail
641,0.75,0.0,0.25,17.325000000000017,0.5623351444188083,0.2705406332644997,0.00022711845038736467,tail
642,0.25,0.25,0.5,17.381250000000016,1.0397207705399178,0.2687175307825843,0.0018231024819153618,tail
643,0.0,0.5,0.5,17.437500000000018,0.6931471803599453,0.2694600612411394,0.0007425304585551018,tail
644,0.25,0.5,0.25,17.493750000000016,1.0397207705399178,0.2700750718037488,0.0006150105626093749,tail
645,1.0,0.0,0.0,17.493750000000016,-1.000000082690371e-10,0.2700750718037488,0.0,tail
646,0.75,0.0,0.25,17.512500000000017,0.5623351444188083,0.27072337543909236,0.0006483036353435723,tail
647,0.5,0.0,0.5,17.531250000000018,0.6931471803599453,0.27144500038400304,0.0007216249449106815,tail
648,0.0,0.75,0.25,17.587500000000016,0.5623351444188083,0.2716988504326599,0.00025385004865685623,tail
649,0.5,0.0,0.5,17.64375000000002,0.6931471803599453,0.2713386922614261,0.0003601581712338042,tail
650,0.25,0.75,0.0,17.58750000000002,0.5623351444188083,0.27180949630345236,0.0004708040420262627,tail
651,0.25,0.25,0.5,17.64375000000002,1.0397207705399178,0.26971640173715256,0.0020930945662998024,tail
652,0.5,0.25,0.25,17.700000000000017,1.0397207705399178,0.26936181549219085,0.00035458624496170765,tail
653,0.0,0.75,0.25,17.718750000000018,0.5623351444188083,0.27289508568058846,0.003533270188397608,tail
654,0.0,0.25,0.75,17.775000000000016,0.5623351444188083,0.27380827937683916,0.0009131936962507026,tail
655,0.5,0.5,0.0,17.83125000000002,0.6931471803599453,0.2734947864868513,0.000313492889987832,tail
656,0.0,0.0,1.0,17.887500000000017,-1.000000082690371e-10,0.27401615880964414,0.0005213723227928124,tail
657,0.75,0.0,0.25,17.906250000000018,0.5623351444188083,0.2734216037069779,0.000594555102666261,tail
658,0.5,0.5,0.0,17.850000000000016,0.6931471803599453,0.27297552415548065,0.0004460795514972249,tail
659,0.25,0.5,0.25,17.906250000000014,1.0397207705399178,0.2747481488723032,0.0017726247168225462,tail
660,0.5,0.25,0.25,17.92500000000002,1.0397207705399178,0.2741459730974282,0.0006021757748749801,tail
661,0.25,0.5,0.25,18.000000000000014,1.0397207705399178,0.27783299997694433,0.0036870268795161087,tail
662,0.25,0.75,0.0,18.056250000000016,0.5623351444188083,0.2783037805305875,0.0004707805536431908,tail
663,0.5,0.25,0.25,18.000000000000018,1.0397207705399178,0.2779058825337837,0.0003978979968038421,tail
664,0.5,0.25,0.25,18.01875000000002,1.0397207705399178,0.27768329234832406,0.00022259018545961462,tail
665,0.0,0.25,0.75,18.03750000000002,0.5623351444188083,0.27776217524516167,7.888289683760652e-05,tail
666,0.5,0.25,0.25,18.09375000000002,1.0397207705399178,0.27746539147006405,0.0002967837750976199,tail
667,0.75,0.0,0.25,18.11250000000002,0.5623351444188083,0.27804291370190787,0.0005775222318438189,tail
668,0.25,0.0,0.75,18.16875000000002,0.5623351444188083,0.27973013330859786,0.0016872196066899936,tail
669,0.5,0.5,0.0,18.22500000000002,0.6931471803599453,0.28012035332451235,0.00039022001591448863,tail
670,0.25,0.25,0.5,18.30000000000002,1.0397207705399178,0.27941639478122143,0.0007039585432909168,tail
671,0.25,0.5,0.25,18.31875000000002,1.0397207705399178,0.2794886731856566,7.227840443518874e-05,tail
672,0.25,0.0,0.75,18.33750000000002,0.5623351444188083,0.27923595836626663,0.0002527148193899875,tail
673,0.5,0.0,0.5,18.39375000000002,0.6931471803599453,0.2797016788979106,0.0004657205316439539,tail
674,0.5,0.25,0.25,18.45000000000002,1.0397207705399178,0.2813323864653859,0.001630707567475298,tail
675,0.25,0.25,0.5,18.37500000000002,1.0397207705399178,0.28060960746690594,0.0007227789984799449,tail
676,0.25,0.0,0.75,18.39375000000002,0.5623351444188083,0.2834111986588214,0.0028015911919154757,tail
677,0.0,0.5,0.5,18.450000000000024,0.6931471803599453,0.27825408946013636,0.0051571091986850615,tail
678,0.25,0.5,0.25,18.46875000000002,1.0397207705399178,0.27803757346816127,0.00021651599197508586,tail
679,0.0,0.25,0.75,18.52500000000002,0.5623351444188083,0.27843822919638866,0.0004006557282273948,tail
680,0.75,0.25,0.0,18.58125000000002,0.5623351444188083,0.27904257574896546,0.0006043465525767955,tail
681,0.5,0.25,0.25,18.637500000000024,1.0397207705399178,0.2787706129998804,0.0002719627490850862,tail
682,0.5,0.25,0.25,18.65625000000002,1.0397207705399178,0.28233722056549504,0.0035666075656146656,tail
683,0.25,0.75,0.0,18.675000000000022,0.5623351444188083,0.28211509784979183,0.00022212271570321018,tail
684,0.0,0.25,0.75,18.731250000000024,0.5623351444188083,0.2827247691935022,0.0006096713437103718,tail
685,0.5,0.25,0.25,18.787500000000023,1.0397207705399178,0.2832730819514341,0.0005483127579318792,tail
686,0.5,0.25,0.25,18.84375000000002,1.0397207705399178,0.28374768226773556,0.0004746003163014767,tail
687,0.25,0.25,0.5,18.768750000000026,1.0397207705399178,0.284698129289136,0.0009504470214004579,tail
688,0.25,0.25,0.5,18.693750000000023,1.0397207705399178,0.2842850917418207,0.00041303754731530917,tail
689,0.5,0.25,0.25,18.712500000000023,1.0397207705399178,0.2841794639590518,0.00010562778276890228,tail
690,0.5,0.25,0.25,18.787500000000023,1.0397207705399178,0.2875739713374356,0.0033945073783838153,tail
691,0.25,0.25,0.5,18.806250000000027,1.0397207705399178,0.2869377287856858,0.0006362425517498216,tail
692,0.0,0.5,0.5,18.881250000000026,0.6931471803599453,0.29032794786430177,0.0033902190786159747,tail
693,0.5,0.25,0.25,18.900000000000027,1.0397207705399178,0.2900665584425784,0.0002613894217233792,tail
694,0.5,0.0,0.5,18.918750000000024,0.6931471803599453,0.28942581128805756,0.0006407471545208376,tail
695,0.5,0.5,0.0,18.93750000000003,0.6931471803599453,0.2887856883458802,0.0006401229421773569,tail
696,0.0,0.25,0.75,18.862500000000026,0.5623351444188083,0.2882298813104735,0.0005558070354066968,tail
697,0.0,1.0,0.0,18.806250000000027,-1.000000082690371e-10,0.28788280497821445,0.0003470763322590553,tail
698,0.5,0.25,0.25,18.825000000000024,1.0397207705399178,0.28852781736656197,0.0006450123883475212,tail
699,1.0,0.0,0.0,18.84375000000003,-1.000000082690371e-10,0.2883591284166103,0.0001686889499516453,tail
700,0.5,0.5,0.0,18.862500000000026,0.6931471803599453,0.2877015481490162,0.0006575802675941045,tail
701,0.25,0.25,0.5,18.88125000000003,1.0397207705399178,0.28769179987359583,9.748275420384811e-06,tail
702,0.5,0.25,0.25,18.93750000000003,1.0397207705399178,0.2883486200356793,0.0006568201620834602,tail
703,0.5,0.25,0.25,18.86250000000003,1.0397207705399178,0.28950570183385366,0.0011570817981743642,tail
704,0.5,0.5,0.0,18.918750000000028,0.6931471803599453,0.28727794508039206,0.002227756753461596,tail
705,0.5,0.25,0.25,18.97500000000003,1.0397207705399178,0.2879396265729315,0.0006616814925394232,tail
706,0.5,0.0,0.5,19.03125000000003,0.6931471803599453,0.2878345337296898,0.00010509284324167201,tail
707,0.0,0.5,0.5,19.050000000000033,0.6931471803599453,0.2878241724487475,1.0361280942339235e-05,tail
708,0.5,0.0,0.5,19.10625000000003,0.6931471803599453,0.2877853483577453,3.8824091002198635e-05,tail
709,0.5,0.25,0.25,19.12500000000003,1.0397207705399178,0.2879314853160087,0.00014613695826343198,tail
710,0.25,0.25,0.5,19.18125000000003,1.0397207705399178,0.28729385912592376,0.00063762619008495,tail
711,0.25,0.5,0.25,19.18125000000003,1.0397207705399178,0.28729385912592376,0.0,tail
712,0.5,0.25,0.25,19.20000000000003,1.0397207705399178,0.28729613705614726,2.2779302235043097e-06,tail
713,0.25,0.5,0.25,19.25625000000003,1.0397207705399178,0.28733861672853345,4.247967238618644e-05,tail
714,0.75,0.25,0.0,19.27500000000003,0.5623351444188083,0.2883376524043516,0.0009990356758181607,tail
715,0.5,0.5,0.0,19.331250000000033,0.6931471803599453,0.28837909460765604,4.144220330443149e-05,tail
716,0.25,0.25,0.5,19.38750000000003,1.0397207705399178,0.2878000045214378,0.0005790900862182591,tail
717,0.0,0.5,0.5,19.44375000000003,0.6931471803599453,0.2856540787173189,0.0021459258041188756,tail
718,0.0,0.5,0.5,19.462500000000034,0.6931471803599453,0.2857800889523434,0.0001260102350245096,tail
719,0.25,0.5,0.25,19.40625000000003,1.0397207705399178,0.285702077263621,7.801168872240138e-05,tail
720,0.25,0.25,0.5,19.46250000000003,1.0397207705399178,0.2851964610099239,0.0005056162536971054,tail
721,0.25,0.5,0.25,19.53750000000003,1.0397207705399178,0.2854541292657293,0.00025766825580536556,tail
722,0.25,0.25,0.5,19.55625000000003,1.0397207705399178,0.2854832177535119,2.9088487782602535e-05,tail
723,0.25,0.5,0.25,19.63125000000003,1.0397207705399178,0.28592344075585985,0.0004402230023479725,tail
724,1.0,0.0,0.0,19.55625000000003,-1.000000082690371e-10,0.28551789464863936,0.0004055461072204891,tail
725,0.25,0.0,0.75,19.63125000000003,0.5623351444188083,0.28597412823429,0.0004562335856506672,tail
726,1.0,0.0,0.0,19.70625000000003,-1.000000082690371e-10,0.2865979843336879,0.000623856099397857,tail
727,0.25,0.25,0.5,19.63125000000003,1.0397207705399178,0.2860263363137293,0.0005716480199585705,tail
728,0.75,0.25,0.0,19.65000000000003,0.5623351444188083,0.28541054439715985,0.0006157919165694636,tail
729,0.5,0.0,0.5,19.65000000000003,0.6931471803599453,0.28541054439715985,0.0,tail
730,0.25,0.5,0.25,19.66875000000003,1.0397207705399178,0.28550663893437267,9.60945372128208e-05,tail
731,0.25,0.75,0.0,19.743750000000034,0.5623351444188083,0.29023388345451456,0.004727244520141893,tail
732,0.5,0.25,0.25,19.76250000000003,1.0397207705399178,0.2910188898530462,0.0007850063985316291,tail
733,0.25,0.25,0.5,19.81875000000003,1.0397207705399178,0.29164685541896535,0.000627965565919153,tail
734,0.0,0.25,0.75,19.76250000000003,0.5623351444188083,0.29149061836752926,0.00015623705143608113,tail
735,0.25,0.25,0.5,19.781250000000036,1.0397207705399178,0.2908577727922844,0.0006328455752448447,tail
736,0.25,0.0,0.75,19.837500000000034,0.5623351444188083,0.2887339480401703,0.002123824752114145,tail
737,0.25,0.25,0.5,19.893750000000033,1.0397207705399178,0.2909727869717041,0.0022388389315338153,tail
738,0.25,0.5,0.25,19.912500000000033,1.0397207705399178,0.29034047763334553,0.000632309338358561,tail
739,0.5,0.25,0.25,19.931250000000034,1.0397207705399178,0.2904596772626165,0.00011919962927098293,tail
740,0.25,0.5,0.25,19.987500000000033,1.0397207705399178,0.2910927609607027,0.0006330836980861787,tail
741,0.25,0.25,0.5,20.04375000000003,1.0397207705399178,0.29299315035624535,0.0019003893955426565,tail
742,0.0,0.5,0.5,20.100000000000033,0.6931471803599453,0.2947822877435171,0.0017891373872717664,tail
743,0.25,0.25,0.5,20.118750000000034,1.0397207705399178,0.2947999748708353,1.768712731819999e-05,tail
744,0.25,0.25,0.5,20.193750000000037,1.0397207705399178,0.2986786694410474,0.00387869457021206,tail
745,0.25,0.0,0.75,20.250000000000036,0.5623351444188083,0.29878057581531625,0.00010190637426887861,tail
746,0.5,0.25,0.25,20.306250000000034,1.0397207705399178,0.29928657895665794,0.0005060031413416932,tail
747,0.25,0.5,0.25,20.325000000000035,1.0397207705399178,0.298651225523366,0.000635353433291963,tail
748,0.5,0.25,0.25,20.400000000000034,1.0397207705399178,0.302662735470129,0.0040115099467630255,tail
749,0.5,0.25,0.25,20.475000000000037,1.0397207705399178,0.3029044630482224,0.00024172757809337586,tail
750,0.5,0.0,0.5,20.531250000000036,0.6931471803599453,0.3034065626862409,0.000502099638018505,tail
751,0.25,0.0,0.75,20.550000000000036,0.5623351444188083,0.3035245948753148,0.00011803218907391333,tail
752,0.5,0.25,0.25,20.625000000000036,1.0397207705399178,0.3073884714851116,0.0038638766097968125,tail
753,0.5,0.25,0.25,20.625000000000036,1.0397207705399178,0.3073884714851116,0.0,tail
754,0.25,0.5,0.25,20.70000000000004,1.0397207705399178,0.30769420951526516,0.00030573803015354617,tail
755,0.5,0.25,0.25,20.756250000000037,1.0397207705399178,0.309469243351982,0.001775033836716844,tail
756,0.25,0.25,0.5,20.77500000000004,1.0397207705399178,0.3095840808552539,0.0001148375032719029,tail
757,0.5,0.0,0.5,20.83125000000004,0.6931471803599453,0.30908459374890496,0.0004994871063489503,tail
758,0.25,0.0,0.75,20.85000000000004,0.5623351444188083,0.30846050680103954,0.000624086947865421,tail
759,0.5,0.0,0.5,20.90625000000004,0.6931471803599453,0.30908459374890496,0.000624086947865421,tail
760,0.0,0.25,0.75,20.90625000000004,0.5623351444188083,0.30908459374890496,0.0,tail
761,0.5,0.0,0.5,20.92500000000004,0.6931471803599453,0.309918759826283,0.000834166077378018,tail
762,0.25,0.0,0.75,20.98125000000004,0.5623351444188083,0.31042404816043034,0.0005052883341473691,tail
763,0.25,0.0,0.75,21.037500000000044,0.5623351444188083,0.3083074981791471,0.0021165499812832445,tail
764,0.25,0.25,0.5,21.05625000000004,1.0397207705399178,0.30833491842277316,2.742024362606399e-05,tail
765,0.25,0.25,0.5,21.075000000000042,1.0397207705399178,0.30770784477821933,0.0006270736445538327,tail
766,0.25,0.25,0.5,21.131250000000044,1.0397207705399178,0.3079356964542036,0.0002278516759842697,tail
767,1.0,0.0,0.0,21.20625000000004,-1.000000082690371e-10,0.31229091321721203,0.004355216763008429,tail
768,0.5,0.0,0.5,21.15000000000004,0.6931471803599453,0.31389824817894146,0.0016073349617294341,tail
769,0.5,0.25,0.25,21.168750000000042,1.0397207705399178,0.31326123249659976,0.0006370156823417017,tail
770,0.25,0.75,0.0,21.187500000000043,0.5623351444188083,0.3131162642428514,0.00014496825374837874,tail
771,0.25,0.0,0.75,21.112500000000043,0.5623351444188083,0.3124984218894539,0.0006178423533974575,tail
772,0.75,0.0,0.25,21.168750000000045,0.5623351444188083,0.31306225490177403,0.000563833012320103,tail
773,0.0,0.5,0.5,21.225000000000044,0.6931471803599453,0.31308361265500956,2.135775323552913e-05,tail
774,0.5,0.25,0.25,21.281250000000043,1.0397207705399178,0.31337200946713867,0.0002883968121291103,tail
775,0.5,0.25,0.25,21.356250000000045,1.0397207705399178,0.31352176736192194,0.0001497578947832756,tail
776,0.5,0.25,0.25,21.281250000000043,1.0397207705399178,0.31337964394351603,0.00014212341840591503,tail
777,0.5,0.25,0.25,21.33750000000004,1.0397207705399178,0.31366807679759234,0.0002884328540763148,tail
778,0.25,0.0,0.75,21.356250000000042,0.5623351444188083,0.3136751756340764,7.098836484031867e-06,tail
779,0.75,0.0,0.25,21.375000000000043,0.5623351444188083,0.31358091941683625,9.425621724012956e-05,tail
780,0.75,0.0,0.25,21.431250000000045,0.5623351444188083,0.31360742975491995,2.6510338083707286e-05,tail
781,0.5,0.0,0.5,21.487500000000043,0.6931471803599453,0.3136862654700405,7.883571512057319e-05,tail
782,0.25,0.25,0.5,21.543750000000045,1.0397207705399178,0.3138047248140526,0.00011845934401205627,tail
783,0.0,0.5,0.5,21.562500000000043,0.6931471803599453,0.3137834032801605,2.1321533892060263e-05,tail
784,0.0,0.25,0.75,21.637500000000042,0.5623351444188083,0.3141095552770569,0.0003261519968963955,tail
785,0.25,0.25,0.5,21.71250000000004,1.0397207705399178,0.31027806108630923,0.0038314941907476863,tail
786,0.25,0.5,0.25,21.768750000000043,1.0397207705399178,0.31107088308783243,0.0007928220015231968,tail
787,0.5,0.25,0.25,21.693750000000044,1.0397207705399178,0.3119404283577083,0.000869545269875871,tail
788,0.5,0.25,0.25,21.71250000000004,1.0397207705399178,0.31198551879640013,4.509043869183049e-05,tail
789,0.0,0.0,1.0,21.63750000000004,-1.000000082690371e-10,0.31155315207373646,0.0004323667226636685,tail
790,0.25,0.0,0.75,21.65625000000004,0.5623351444188083,0.3109330286895574,0.0006201233841790499,tail
791,0.25,0.5,0.25,21.712500000000038,1.0397207705399178,0.3088520604205115,0.002080968269045913,tail
792,0.5,0.0,0.5,21.76875000000004,0.6931471803599453,0.3094699320671394,0.0006178716466279099,tail
793,0.25,0.5,0.25,21.82500000000004,1.0397207705399178,0.3097280881722666,0.0002581561051271941,tail
794,1.0,0.0,0.0,21.881250000000037,-1.000000082690371e-10,0.31034144660436824,0.0006133584321016405,tail
795,0.25,0.0,0.75,21.806250000000038,0.5623351444188083,0.30994007311319677,0.00040137349117147503,tail
796,0.5,0.0,0.5,21.82500000000004,0.6931471803599453,0.30931800077956856,0.0006220723336282097,tail
797,0.5,0.0,0.5,21.881250000000037,0.6931471803599453,0.3114845762228486,0.0021665754432800277,tail
798,0.5,0.0,0.5,21.881250000000037,0.6931471803599453,0.3114845762228486,0.0,tail
799,0.5,0.25,0.25,21.95625000000004,1.0397207705399178,0.3119112455162497,0.00042666929340112736,tail
800,0.5,0.25,0.25,22.031250000000036,1.0397207705399178,0.30812547929719664,0.003785766219053077,tail
801,0.25,0.25,0.5,22.050000000000036,1.0397207705399178,0.3079644544184861,0.00016102487871055837,tail
802,0.75,0.25,0.0,22.125000000000036,0.5623351444188083,0.30701455224164326,0.0009499021768428206,tail
803,0.5,0.0,0.5,22.14375000000004,0.6931471803599453,0.3077162479842282,0.0007016957425849402,tail
804,0.0,0.5,0.5,22.20000000000004,0.6931471803599453,0.3073367255940814,0.00037952239014682476,tail
805,0.0,0.5,0.5,22.256250000000037,0.6931471803599453,0.30832468425136855,0.0009879586572871801,tail
806,0.5,0.0,0.5,22.331250000000036,0.6931471803599453,0.30762877703340274,0.0006959072179658077,tail
807,0.0,0.75,0.25,22.38750000000004,0.5623351444188083,0.3082066822967515,0.0005779052633487769,tail
808,0.5,0.5,0.0,22.38750000000004,0.6931471803599453,0.3082066822967515,0.0,tail
809,0.25,0.25,0.5,22.443750000000037,1.0397207705399178,0.30878328478838235,0.0005766024916308288,tail
810,0.25,0.25,0.5,22.462500000000038,1.0397207705399178,0.30887690974216836,9.362495378600899e-05,tail
811,0.25,0.25,0.5,22.518750000000036,1.0397207705399178,0.31091389171773276,0.0020369819755644003,tail
812,0.25,0.25,0.5,22.537500000000037,1.0397207705399178,0.3143320330916923,0.0034181413739595157,tail
813,0.5,0.5,0.0,22.556250000000038,0.6931471803599453,0.3137515740148361,0.0005804590768561657,tail
814,0.25,0.75,0.0,22.57500000000004,0.5623351444188083,0.3138387070976197,8.713308278357479e-05,tail
815,0.25,0.5,0.25,22.631250000000037,1.0397207705399178,0.31447778779531355,0.0006390806976938612,tail
816,0.75,0.0,0.25,22.70625000000004,0.5623351444188083,0.314064383915934,0.00041340387937954803,tail
817,0.0,0.75,0.25,22.781250000000036,0.5623351444188083,0.31792118234681344,0.003856798430879438,tail
818,0.75,0.25,0.0,22.837500000000038,0.5623351444188083,0.3186372338578771,0.0007160515110636867,tail
819,0.25,0.5,0.25,22.89375000000004,1.0397207705399178,0.3184896072287906,0.00014762662908651691,tail
820,0.0,0.25,0.75,22.912500000000037,0.5623351444188083,0.3181012059563716,0.00038840127241901445,tail
821,0.5,0.25,0.25,22.85625000000004,1.0397207705399178,0.31828859095481093,0.00018738499843934386,tail
822,0.75,0.25,0.0,22.85625000000004,0.5623351444188083,0.31828859095481093,0.0,tail
823,0.0,0.5,0.5,22.78125000000004,0.6931471803599453,0.31861407337367426,0.00032548241886332097,tail
824,1.0,0.0,0.0,22.70625000000004,-1.000000082690371e-10,0.3176965347508325,0.0009175386228417737,tail
825,0.25,0.0,0.75,22.76250000000004,0.5623351444188083,0.320696440444565,0.002999905693732541,tail
826,0.75,0.0,0.25,22.81875000000004,0.5623351444188083,0.32158878135380636,0.0008923409092413404,tail
827,0.5,0.0,0.5,22.83750000000004,0.6931471803599453,0.3231011883989483,0.0015124070451419391,tail
828,0.5,0.25,0.25,22.89375000000004,1.0397207705399178,0.32280527340637316,0.0002959149925751414,tail
829,0.5,0.25,0.25,22.968750000000043,1.0397207705399178,0.3236765509636649,0.0008712775572917164,tail
830,0.5,0.0,0.5,22.968750000000043,0.6931471803599453,0.3236765509636649,0.0,tail
831,0.5,0.25,0.25,23.02500000000004,1.0397207705399178,0.32420354937013174,0.0005269984064668609,tail
832,0.5,0.0,0.5,23.043750000000042,0.6931471803599453,0.3242892864646238,8.573709449205547e-05,tail
833,0.0,0.5,0.5,23.100000000000044,0.6931471803599453,0.3249176793728506,0.0006283929082268047,tail
834,0.25,0.25,0.5,23.11875000000004,1.0397207705399178,0.326867314505785,0.0019496351329343908,tail
835,0.25,0.5,0.25,23.137500000000042,1.0397207705399178,0.32695647193952615,8.915743374116047e-05,tail
836,0.5,0.5,0.0,23.193750000000044,0.6931471803599453,0.32755346581012484,0.0005969938705986944,tail
837,0.25,0.25,0.5,23.250000000000043,1.0397207705399178,0.3256313464124865,0.0019221193976383666,tail
838,0.0,0.25,0.75,23.30625000000004,0.5623351444188083,0.3275962981270569,0.0019649517145703954,tail
839,0.5,0.0,0.5,23.36250000000004,0.6931471803599453,0.3282921220210824,0.0006958238940255046,tail
840,0.25,0.0,0.75,23.418750000000042,0.5623351444188083,0.33118770960417265,0.0028955875830902755,tail
841,0.25,0.25,0.5,23.47500000000004,1.0397207705399178,0.33102530050040496,0.00016240910376769113,tail
842,0.5,0.0,0.5,23.418750000000042,0.6931471803599453,0.33047077466475333,0.0005545258356516314,tail
843,0.25,0.0,0.75,23.49375000000004,0.5623351444188083,0.3328837601579196,0.002412985493166264,tail
844,0.5,0.25,0.25,23.55000000000004,1.0397207705399178,0.3326678410239336,0.00021591913398599782,tail
845,0.5,0.5,0.0,23.60625000000004,0.6931471803599453,0.3331299101063971,0.0004620690824634899,tail
846,0.25,0.25,0.5,23.68125000000004,1.0397207705399178,0.3342762315619626,0.0011463214555655354,tail
847,0.25,0.5,0.25,23.756250000000037,1.0397207705399178,0.33399134442770784,0.0002848871342547854,tail
848,0.5,0.0,0.5,23.68125000000004,0.6931471803599453,0.33284111332368416,0.0011502311040236801,tail
849,0.25,0.25,0.5,23.70000000000004,1.0397207705399178,0.33294226338919175,0.00010115006550759365,tail
850,0.0,0.5,0.5,23.718750000000043,0.6931471803599453,0.3329766003129021,3.433692371035413e-05,tail
851,0.5,0.0,0.5,23.64375000000004,0.6931471803599453,0.33194182272178346,0.0010347775911186408,tail
852,0.0,0.25,0.75,23.700000000000042,0.5623351444188083,0.3325405708083864,0.0005987480866029293,tail
853,0.0,0.5,0.5,23.756250000000044,0.6931471803599453,0.330616625609635,0.0019239451987513867,tail
854,0.25,0.5,0.25,23.812500000000043,1.0397207705399178,0.33118766848592984,0.0005710428762948361,tail
855,0.25,0.25,0.5,23.86875000000004,1.0397207705399178,0.33308115129927623,0.0018934828133463921,tail
856,0.75,0.0,0.25,23.92500000000004,0.5623351444188083,0.3337724223709998,0.0006912710717235648,tail
857,0.25,0.25,0.5,23.943750000000044,1.0397207705399178,0.33387507157722707,0.0001026492062272677,tail
858,0.5,0.25,0.25,24.01875000000004,1.0397207705399178,0.33703523467725544,0.003160163100028368,tail
859,0.0,0.25,0.75,24.037500000000044,0.5623351444188083,0.33646345270334793,0.0005717819739075036,tail
860,0.25,0.0,0.75,24.05625000000004,0.5623351444188083,0.3365016761208676,3.8223417519689384e-05,tail
861,0.5,0.25,0.25,24.05625000000004,1.0397207705399178,0.3365016761208676,0.0,tail
862,0.25,0.0,0.75,24.075000000000042,0.5623351444188083,0.33592984937540704,0.0005718267454605797,tail
863,0.75,0.0,0.25,24.131250000000044,0.5623351444188083,0.33579187806386757,0.0001379713115394754,tail
864,0.25,0.0,0.75,24.187500000000043,0.5623351444188083,0.3364650218137345,0.0006731437498669335,tail
865,0.0,0.25,0.75,24.24375000000004,0.5623351444188083,0.33828821558778216,0.00182319377404766,tail
866,0.0,0.25,0.75,24.31875000000004,0.5623351444188083,0.33961523822604955,0.0013270226382673944,tail
867,0.25,0.5,0.25,24.33750000000004,1.0397207705399178,0.33973199824273953,0.00011676001668997626,tail
868,0.0,0.75,0.25,24.26250000000004,0.5623351444188083,0.3385729328515765,0.0011590653911630056,tail
869,0.25,0.25,0.5,24.28125000000004,1.0397207705399178,0.3386803034408135,0.00010737058923698806,tail
870,0.0,0.0,1.0,24.30000000000004,-1.000000082690371e-10,0.33811797534088145,0.0005623280999320635,tail
871,0.25,0.25,0.5,24.35625000000004,1.0397207705399178,0.3362325019204361,0.0018854734204453716,tail
872,0.5,0.0,0.5,24.43125000000004,0.6931471803599453,0.337640014219948,0.001407512299511915,tail
873,0.5,0.25,0.25,24.43125000000004,1.0397207705399178,0.337640014219948,0.0,tail
874,0.25,0.25,0.5,24.48750000000004,1.0397207705399178,0.3395911700162655,0.0019511557963174941,tail
875,0.25,0.0,0.75,24.506250000000044,0.5623351444188083,0.3412131525508433,0.0016219825345777927,tail
876,0.5,0.0,0.5,24.581250000000043,0.6931471803599453,0.34108712268868485,0.0001260298621584277,tail
877,0.25,0.25,0.5,24.637500000000042,1.0397207705399178,0.3452058078461287,0.0041186851574438466,tail
878,0.25,0.5,0.25,24.69375000000004,1.0397207705399178,0.3460468374541374,0.0008410296080086921,tail
879,0.75,0.25,0.0,24.71250000000004,0.5623351444188083,0.3452487563886485,0.0007980810654888981,tail
880,0.5,0.25,0.25,24.78750000000004,1.0397207705399178,0.34713721115812074,0.0018884547694722476,tail
881,0.0,0.25,0.75,24.86250000000004,0.5623351444188083,0.34688796602577415,0.0002492451323465872,tail
882,0.5,0.25,0.25,24.93750000000004,1.0397207705399178,0.35004243282672576,0.0031544668009516053,tail
883,0.5,0.0,0.5,24.95625000000004,0.6931471803599453,0.34930838018078814,0.0007340526459376218,tail
884,0.5,0.25,0.25,25.03125000000004,1.0397207705399178,0.35128080556693575,0.0019724253861476138,tail
885,0.25,0.25,0.5,25.087500000000034,1.0397207705399178,0.3536574206026337,0.002376615035697971,tail
886,0.75,0.0,0.25,25.14375000000004,0.5623351444188083,0.3534768885568518,0.00018053204578194482,tail
887,0.25,0.25,0.5,25.20000000000004,1.0397207705399178,0.35413132140088466,0.0006544328440328817,tail
888,0.5,0.25,0.25,25.256250000000037,1.0397207705399178,0.3540171280735049,0.00011419332737977461,tail
889,0.0,0.0,1.0,25.27500000000004,-1.000000082690371e-10,0.35424629289929294,0.00022916482578805297,tail
890,0.0,0.25,0.75,25.33125000000004,0.5623351444188083,0.35531026252905656,0.001063969629763628,tail
891,0.5,0.0,0.5,25.387500000000042,0.6931471803599453,0.3561108511893567,0.0008005886603001389,tail
892,0.25,0.5,0.25,25.406250000000043,1.0397207705399178,0.35553352044538444,0.0005773307439722597,tail
893,0.5,0.25,0.25,25.481250000000042,1.0397207705399178,0.3574202747298104,0.0018867542844259733,tail
894,0.75,0.0,0.25,25.481250000000042,0.5623351444188083,0.3574202747298104,0.0,tail
895,0.5,0.0,0.5,25.556250000000038,0.6931471803599453,0.3538487842823006,0.0035714904475098175,tail
896,0.0,0.5,0.5,25.57500000000004,0.6931471803599453,0.3539398170040431,9.103272174249e-05,tail
897,0.5,0.5,0.0,25.631250000000044,0.6931471803599453,0.3520108867553526,0.001928930248690508,tail
898,0.25,0.5,0.25,25.687500000000043,1.0397207705399178,0.3518894115223777,0.00012147523297489915,tail
899,0.5,0.0,0.5,25.74375000000004,0.6931471803599453,0.349979430971485,0.0019099805508926981,tail
900,0.5,0.0,0.5,25.74375000000004,0.6931471803599453,0.349979430971485,0.0,tail
901,0.25,0.5,0.25,25.818750000000037,1.0397207705399178,0.3512527135416822,0.0012732825701972095,tail
902,0.75,0.0,0.25,25.87500000000004,0.5623351444188083,0.3519893078155607,0.0007365942738785103,tail
903,0.0,0.75,0.25,25.93125000000004,0.5623351444188083,0.3519601971555198,2.9110660040909675e-05,tail
904,0.5,0.0,0.5,25.875000000000043,0.6931471803599453,0.35126275506078225,0.0006974420947375437,tail
905,0.0,0.5,0.5,25.93125000000004,0.6931471803599453,0.3532270765116408,0.001964321450858564,tail
906,0.0,0.5,0.5,25.98750000000004,0.6931471803599453,0.35378293944148176,0.0005558629298409445,tail
907,0.5,0.0,0.5,26.04375000000004,0.6931471803599453,0.3537387068510185,4.4232590463266774e-05,tail
908,0.75,0.0,0.25,26.11875000000004,0.5623351444188083,0.35033538736082565,0.0034033194901928465,tail
909,0.75,0.0,0.25,26.17500000000004,0.5623351444188083,0.3457323430503635,0.0046030443104621566,tail
910,0.0,0.75,0.25,26.193750000000044,0.5623351444188083,0.3457297618743423,2.5811760211991164e-06,tail
911,0.25,0.5,0.25,26.250000000000043,1.0397207705399178,0.3439125023639713,0.0018172595103709832,tail
912,0.25,0.25,0.5,26.17500000000004,1.0397207705399178,0.34255038548828165,0.0013621168756896562,tail
913,0.25,0.75,0.0,26.19375000000004,0.5623351444188083,0.34267125235834817,0.00012086687006651609,tail
914,0.25,0.0,0.75,26.21250000000004,0.5623351444188083,0.3427930537647782,0.00012180140643003323,tail
915,0.5,0.25,0.25,26.23125000000004,1.0397207705399178,0.342797270562686,4.216797907796721e-06,tail
916,0.0,0.0,1.0,26.287500000000037,-1.000000082690371e-10,0.34096130871209046,0.0018359618505955355,tail
917,0.25,0.25,0.5,26.30625000000004,1.0397207705399178,0.3409637036724095,2.3949603190631663e-06,tail
918,0.5,0.25,0.25,26.250000000000043,1.0397207705399178,0.3409925182665049,2.8814594095372126e-05,tail
919,0.25,0.0,0.75,26.30625000000004,0.5623351444188083,0.3409678155152746,2.4702751230287756e-05,tail
920,0.25,0.25,0.5,26.36250000000004,1.0397207705399178,0.3415145053213742,0.0005466898060995651,tail
921,0.25,0.5,0.25,26.30625000000004,1.0397207705399178,0.3408207104867113,0.0006937948346628642,tail
922,0.25,0.25,0.5,26.38125000000004,1.0397207705399178,0.3407680102350096,5.270025170173165e-05,tail
923,0.5,0.25,0.25,26.43750000000004,1.0397207705399178,0.3407764862045623,8.475969552723672e-06,tail
924,0.25,0.5,0.25,26.49375000000004,1.0397207705399178,0.3417026592257982,0.0009261730212358765,tail
925,0.0,0.5,0.5,26.437500000000043,0.6931471803599453,0.3409245816095118,0.0007780776162863989,tail
926,0.0,0.0,1.0,26.456250000000043,-1.000000082690371e-10,0.34091965812283526,4.923486676522426e-06,tail
927,0.5,0.25,0.25,26.512500000000042,1.0397207705399178,0.3409499856795212,3.0327556685916246e-05,tail
928,0.0,0.25,0.75,26.512500000000042,0.5623351444188083,0.3409499856795212,0.0,tail
929,0.5,0.25,0.25,26.512500000000042,1.0397207705399178,0.3409499856795212,0.0,tail
930,0.25,0.25,0.5,26.58750000000004,1.0397207705399178,0.3410936056828486,0.00014362000332740488,tail
931,0.5,0.25,0.25,26.64375000000004,1.0397207705399178,0.34296904319693494,0.0018754375140863644,tail
932,0.25,0.25,0.5,26.718750000000043,1.0397207705399178,0.34471306910050814,0.0017440259035731986,tail
933,0.5,0.0,0.5,26.737500000000043,0.6931471803599453,0.34468503623984303,2.8032860665105908e-05,tail
934,0.25,0.25,0.5,26.756250000000044,1.0397207705399178,0.34483532794085975,0.00015029170101671374,tail
935,0.5,0.25,0.25,26.812500000000043,1.0397207705399178,0.3459126559227184,0.0010773279818586667,tail
936,0.5,0.0,0.5,26.868750000000045,0.6931471803599453,0.34418949166620866,0.0017231642565097571,tail
937,0.25,0.25,0.5,26.92500000000004,1.0397207705399178,0.3505279310597922,0.006338439393583528,tail
938,0.0,0.75,0.25,26.981250000000045,0.5623351444188083,0.3506402594946266,0.0001123284348344411,tail
939,0.25,0.5,0.25,27.000000000000043,1.0397207705399178,0.3507935925797426,0.00015333308511594756,tail
940,0.25,0.25,0.5,27.05625000000004,1.0397207705399178,0.35131184500582535,0.000518252426082777,tail
941,0.25,0.25,0.5,27.112500000000043,1.0397207705399178,0.3523130999462403,0.001001254940414975,tail
942,0.25,0.5,0.25,27.037500000000044,1.0397207705399178,0.3506433946471134,0.0016697052991269112,tail
943,0.25,0.25,0.5,27.05625000000004,1.0397207705399178,0.350474961848212,0.00016843279890144114,tail
944,0.0,0.75,0.25,27.000000000000043,0.5623351444188083,0.3496582363088912,0.0008167255393207729,tail
945,0.25,0.25,0.5,26.92500000000004,1.0397207705399178,0.34957532921894696,8.290708994423968e-05,tail
946,0.25,0.0,0.75,26.98125000000004,0.5623351444188083,0.3497398049202698,0.0001644757013228304,tail
947,0.0,0.5,0.5,26.906250000000043,0.6931471803599453,0.34825622216134233,0.0014835827589274597,tail
948,0.25,0.5,0.25,26.98125000000004,1.0397207705399178,0.34494128259273227,0.0033149395686100647,tail
949,0.0,0.0,1.0,26.98125000000004,-1.000000082690371e-10,0.34494128259273227,0.0,tail
950,0.0,0.5,0.5,26.92500000000004,0.6931471803599453,0.3441544721184194,0.0007868104743128934,tail
951,0.25,0.25,0.5,26.98125000000004,1.0397207705399178,0.3464827622816139,0.002328290163194524,tail
952,0.0,0.5,0.5,27.000000000000043,0.6931471803599453,0.346630124934837,0.00014736265322312647,tail
953,0.5,0.0,0.5,27.07500000000004,0.6931471803599453,0.34693029990215857,0.0003001749673215426,tail
954,0.25,0.25,0.5,27.07500000000004,1.0397207705399178,0.34693029990215857,0.0,tail
955,0.25,0.5,0.25,27.093750000000043,1.0397207705399178,0.3463750640503013,0.0005552358518572942,tail
956,0.0,0.25,0.75,27.168750000000045,0.5623351444188083,0.3503536322849383,0.003978568234637048,tail
957,0.25,0.25,0.5,27.24375000000004,1.0397207705399178,0.3543847578051987,0.004031125520260359,tail
958,0.75,0.0,0.25,27.262500000000045,0.5623351444188083,0.3545258665456481,0.0001411087404494249,tail
959,0.0,0.5,0.5,27.31875000000004,0.6931471803599453,0.3554541581542551,0.0009282916086069681,tail
960,0.25,0.25,0.5,27.33750000000004,1.0397207705399178,0.35542860725818815,2.5550896066928175e-05,tail
961,0.0,0.5,0.5,27.39375000000004,0.6931471803599453,0.3563873486292027,0.0009587413710145376,tail
962,0.0,0.25,0.75,27.412500000000044,0.5623351444188083,0.3563568963211924,3.045230801029808e-05,tail
963,0.75,0.25,0.0,27.43125000000004,0.5623351444188083,0.3565083651197282,0.0001514687985358365,tail
964,0.5,0.25,0.25,27.375000000000043,1.0397207705399178,0.3556336709209776,0.0008746941987506363,tail
965,0.5,0.25,0.25,27.393750000000043,1.0397207705399178,0.35560880573560094,2.4865185376643506e-05,tail
966,0.25,0.75,0.0,27.412500000000044,0.5623351444188083,0.355460100365786,0.00014870536981492766,tail
967,0.75,0.0,0.25,27.468750000000043,0.5623351444188083,0.3555317149389845,7.16145731984863e-05,tail
968,0.5,0.5,0.0,27.54375000000004,0.6931471803599453,0.35227676041371836,0.0032549545252661405,tail
969,0.25,0.25,0.5,27.562500000000043,1.0397207705399178,0.3522511925126081,2.5567901110246094e-05,tail
970,0.25,0.5,0.25,27.581250000000043,1.0397207705399178,0.3523986065646726,0.00014741405206447622,tail
971,0.0,0.25,0.75,27.656250000000043,0.5623351444188083,0.3527019681318546,0.00030336156718202556,tail
972,0.5,0.25,0.25,27.73125000000004,1.0397207705399178,0.3495356140462839,0.0031663540855706995,tail
973,0.5,0.5,0.0,27.656250000000043,0.6931471803599453,0.3491424570524237,0.00039315699386022196,tail
974,0.5,0.0,0.5,27.71250000000004,0.6931471803599453,0.3509891032296059,0.0018466461771822207,tail
975,0.75,0.25,0.0,27.768750000000043,0.5623351444188083,0.3515120181459911,0.0005229149163851754,tail
976,0.25,0.75,0.0,27.825000000000045,0.5623351444188083,0.3524830334706197,0.0009710153246286213,tail
977,0.25,0.25,0.5,27.881250000000044,1.0397207705399178,0.3543246306984521,0.0018415972278323922,tail
978,0.25,0.5,0.25,27.900000000000045,1.0397207705399178,0.35380405105361623,0.0005205796448358724,tail
979,0.25,0.0,0.75,27.918750000000045,0.5623351444188083,0.3539561874093576,0.0001521363557413502,tail
980,0.25,0.5,0.25,27.993750000000045,1.0397207705399178,0.3579476606499444,0.003991473240586796,tail
981,0.25,0.25,0.5,28.012500000000045,1.0397207705399178,0.3578003449247179,0.00014731572522647118,tail
982,0.0,0.25,0.75,27.937500000000043,0.5623351444188083,0.3563401163483686,0.0014602285763493095,tail
983,0.5,0.5,0.0,27.862500000000043,0.6931471803599453,0.35633625390782175,3.862440546842372e-06,tail
984,0.5,0.25,0.25,27.918750000000045,1.0397207705399178,0.35719449152718374,0.0008582376193619901,tail
985,0.75,0.25,0.0,27.975000000000044,0.5623351444188083,0.35773980588901194,0.0005453143618281975,tail
986,0.5,0.0,0.5,28.031250000000046,0.6931471803599453,0.35828593929748004,0.0005461334084680969,tail
987,0.75,0.0,0.25,28.106250000000045,0.5623351444188083,0.359839060852971,0.0015531215554909772,tail
988,0.25,0.25,0.5,28.162500000000044,1.0397207705399178,0.3608037026514236,0.0009646417984525701,tail
989,1.0,0.0,0.0,28.21875000000005,-1.000000082690371e-10,0.3590229908538742,0.0017807117975494058,tail
990,0.75,0.25,0.0,28.29375000000005,0.5623351444188083,0.360809917413493,0.0017869265596188177,tail
991,0.5,0.5,0.0,28.31250000000005,0.6931471803599453,0.3607794404997004,3.0476913792598648e-05,tail
992,0.5,0.25,0.25,28.36875000000005,1.0397207705399178,0.3612985919342497,0.0005191514345492809,tail
993,0.25,0.0,0.75,28.443750000000048,0.5623351444188083,0.363188624134818,0.0018900322005683257,tail
994,0.75,0.0,0.25,28.50000000000005,0.5623351444188083,0.36395443269635464,0.0007658085615366295,tail
995,0.5,0.5,0.0,28.44375000000005,0.6931471803599453,0.361395802976874,0.0025586297194806207,tail
996,0.5,0.25,0.25,28.46250000000005,1.0397207705399178,0.36156045663324815,0.00016465365637413631,tail
997,0.25,0.5,0.25,28.406250000000053,1.0397207705399178,0.36135369515035953,0.00020676148288861773,tail
998,0.75,0.25,0.0,28.462500000000052,0.5623351444188083,0.36153549296503207,0.0001817978146725352,tail
999,0.75,0.25,0.0,28.481250000000053,0.5623351444188083,0.361492634452023,4.285851300905863e-05,tail
1000,0.0,0.5,0.5,28.425000000000054,0.6931471803599453,0.36054874991872143,0.0009438845333015755,tail
