round,p_aggressive,p_defensive,p_balanced,avg_reward,strategy_entropy,personality_norm,personality_velocity,phase
1,0.5,0.0,0.5,-0.07500000000000001,0.6931471803599453,0.006717514421272228,0.006717514421272228,burn-in
2,0.25,0.75,0.0,-0.018750000000000044,0.5623351444188083,0.0034942754524364536,0.0032232389688357744,burn-in
3,0.25,0.25,0.5,-0.09375000000000011,1.0397207705399178,0.010041272251936028,0.006546996799499574,burn-in
4,0.25,0.5,0.25,-0.03750000000000009,1.0397207705399178,0.007559271004865502,0.0024820012470705257,burn-in
5,0.75,0.25,0.0,-0.018750000000000044,0.5623351444188083,0.00804722390020314,0.00048795289533763806,burn-in
6,0.0,0.75,0.25,0.03749999999999998,0.5623351444188083,0.005743287522186235,0.0023039363780169055,burn-in
7,0.5,0.0,0.5,0.09375,0.6931471803599453,0.004943923827538205,0.00079936369464803,burn-in
8,0.25,0.0,0.75,0.15000000000000002,0.5623351444188083,0.0062785286393389605,0.0013346048118007556,burn-in
9,0.0,0.25,0.75,0.22499999999999992,0.5623351444188083,0.003974282561041683,0.0023042460782972778,burn-in
10,0.25,0.5,0.25,0.2812499999999999,1.0397207705399178,0.005314981038301108,0.001340698477259425,burn-in
11,0.75,0.0,0.25,0.2999999999999998,0.5623351444188083,0.008293976070769727,0.002978995032468619,burn-in
12,0.5,0.25,0.25,0.3749999999999998,1.0397207705399178,0.007192185972463457,0.0011017900983062694,burn-in
13,0.5,0.0,0.5,0.4312499999999998,0.6931471803599453,0.007605443671312,0.0004132576988485426,burn-in
14,0.25,0.25,0.5,0.4499999999999998,1.0397207705399178,0.0074262651489493525,0.00017917852236264738,burn-in
15,0.25,0.75,0.0,0.4499999999999998,0.5623351444188083,0.0074262651489493525,0.0,burn-in
16,0.25,0.5,0.25,0.5062499999999998,1.0397207705399178,0.0073060869314565,0.00012017821749285215,burn-in
17,0.5,0.5,0.0,0.5812499999999998,0.6931471803599453,0.013362581851947549,0.006056494920491049,burn-in
18,0.25,0.0,0.75,0.6374999999999998,0.5623351444188083,0.017208424762670645,0.0038458429107230963,burn-in
19,0.5,0.5,0.0,0.6937499999999999,0.6931471803599453,0.018345639808957228,0.0011372150462865827,burn-in
20,0.5,0.25,0.25,0.7499999999999999,1.0397207705399178,0.020393013509532994,0.0020473737005757657,burn-in
21,0.25,0.25,0.5,0.8062499999999998,1.0397207705399178,0.021851348821354147,0.0014583353118211538,burn-in
22,1.0,0.0,0.0,0.8624999999999998,-1.000000082690371e-10,0.02550478662182838,0.003653437800474231,burn-in
23,0.5,0.5,0.0,0.91875,0.6931471803599453,0.027115043535600236,0.0016102569137718577,burn-in
24,0.25,0.25,0.5,0.9749999999999999,1.0397207705399178,0.026620268065423298,0.0004947754701769384,burn-in
25,0.5,0.25,0.25,0.9937499999999999,1.0397207705399178,0.027115043535600236,0.0004947754701769384,burn-in
26,0.75,0.25,0.0,1.0687499999999999,0.5623351444188083,0.030427151089733928,0.003312107554133692,burn-in
27,0.25,0.5,0.25,1.1437499999999998,1.0397207705399178,0.02639970333048266,0.0040274477592512695,burn-in
28,0.5,0.25,0.25,1.2,1.0397207705399178,0.028093836901979016,0.0016941335714963576,burn-in
29,0.0,0.0,1.0,1.1437499999999998,-1.000000082690371e-10,0.0248309322280195,0.003262904673959517,burn-in
30,0.5,0.25,0.25,1.1625,1.0397207705399178,0.02538565816804832,0.0005547259400288211,burn-in
31,0.0,0.25,0.75,1.21875,0.5623351444188083,0.027878503143102893,0.002492844975054573,burn-in
32,0.25,0.5,0.25,1.29375,1.0397207705399178,0.024151378066271875,0.0037271250768310185,burn-in
33,0.25,0.0,0.75,1.35,0.5623351444188083,0.020395814713134095,0.0037555633531377794,burn-in
34,0.25,0.0,0.75,1.40625,0.5623351444188083,0.029668480749778806,0.00927266603664471,burn-in
35,0.0,0.5,0.5,1.4249999999999998,0.6931471803599453,0.027664087872411352,0.0020043928773674537,burn-in
36,0.25,0.5,0.25,1.4437499999999999,1.0397207705399178,0.028224407655431813,0.0005603197830204611,burn-in
37,0.5,0.25,0.25,1.5,1.0397207705399178,0.03184221659703513,0.0036178089416033163,burn-in
38,0.5,0.0,0.5,1.5187499999999998,0.6931471803599453,0.02982920129671595,0.002013015300319179,burn-in
39,0.0,0.25,0.75,1.5187499999999998,0.5623351444188083,0.02982920129671595,0.0,burn-in
40,0.5,0.25,0.25,1.5749999999999997,1.0397207705399178,0.02960272435203389,0.0002264769446820615,burn-in
41,0.25,0.25,0.5,1.5937499999999998,1.0397207705399178,0.029089788935509644,0.0005129354165242447,burn-in
42,0.75,0.25,0.0,1.6124999999999998,0.5623351444188083,0.02964783534467568,0.0005580464091660374,burn-in
43,0.5,0.0,0.5,1.6312499999999996,0.6931471803599453,0.030206661232458343,0.0005588258877826623,burn-in
44,0.25,0.0,0.75,1.6312499999999996,0.5623351444188083,0.030206661232458343,0.0,burn-in
45,0.0,0.5,0.5,1.7062499999999996,0.6931471803599453,0.03696045447924715,0.006753793246788809,burn-in
46,0.25,0.0,0.75,1.6499999999999995,0.5623351444188083,0.0336542333425529,0.0033062211366942512,burn-in
47,0.25,0.25,0.5,1.6687499999999995,1.0397207705399178,0.032542865361512026,0.0011113679810408755,burn-in
48,0.25,0.0,0.75,1.6874999999999996,0.5623351444188083,0.03204260469476536,0.0005002606667466672,burn-in
49,0.0,0.5,0.5,1.6124999999999998,0.6931471803599453,0.02669521990216596,0.0053473847925993995,burn-in
50,0.5,0.25,0.25,1.6687499999999995,1.0397207705399178,0.03505660879652361,0.008361388894357648,burn-in
51,0.25,0.25,0.5,1.7249999999999996,1.0397207705399178,0.0349287220636541,0.0001278867328695088,burn-in
52,0.5,0.25,0.25,1.7437499999999995,1.0397207705399178,0.03316140393495875,0.0017673181286953499,burn-in
53,0.0,0.75,0.25,1.7624999999999993,0.5623351444188083,0.03275049200489202,0.00041091193006672494,burn-in
54,0.75,0.0,0.25,1.8187499999999992,0.5623351444188083,0.03278671606001425,3.6224055122227594e-05,burn-in
55,0.25,0.25,0.5,1.837499999999999,1.0397207705399178,0.033266810247790476,0.0004800941877762255,burn-in
56,0.5,0.25,0.25,1.8562499999999993,1.0397207705399178,0.033795917837809906,0.00052910759001943,burn-in
57,0.25,0.25,0.5,1.8749999999999991,1.0397207705399178,0.03345641988094358,0.0003394979568663234,burn-in
58,0.5,0.25,0.25,1.931249999999999,1.0397207705399178,0.036300759181971634,0.002844339301028051,burn-in
59,0.5,0.5,0.0,1.949999999999999,0.6931471803599453,0.03675728031628564,0.00045652113431400576,burn-in
60,0.5,0.5,0.0,2.006249999999999,0.6931471803599453,0.040041518979522954,0.003284238663237314,burn-in
61,0.5,0.5,0.0,2.024999999999999,0.6931471803599453,0.037278158924663914,0.0027633600548590403,burn-in
62,0.0,0.25,0.75,2.043749999999999,0.5623351444188083,0.03772919542608881,0.00045103650142489654,burn-in
63,0.25,0.25,0.5,2.0999999999999988,1.0397207705399178,0.038178254302187534,0.0004490588760987235,burn-in
64,0.5,0.0,0.5,2.156249999999999,0.6931471803599453,0.03881390899213839,0.0006356546899508597,burn-in
65,0.5,0.0,0.5,2.231249999999999,0.6931471803599453,0.0438902662187187,0.005076357226580307,burn-in
66,0.0,0.25,0.75,2.174999999999999,0.5623351444188083,0.03763819587948524,0.006252070339233459,burn-in
67,0.0,0.25,0.75,2.231249999999999,0.5623351444188083,0.03623544966603835,0.0014027462134468885,burn-in
68,0.25,0.25,0.5,2.1562499999999987,1.0397207705399178,0.031570357932719076,0.0046650917333192765,burn-in
69,0.75,0.25,0.0,2.2124999999999986,0.5623351444188083,0.0345193701284148,0.0029490121956957244,burn-in
70,0.25,0.5,0.25,2.1562499999999987,1.0397207705399178,0.028533149580794566,0.005986220547620234,burn-in
71,0.5,0.0,0.5,2.2124999999999986,0.6931471803599453,0.029622247366844035,0.0010890977860494692,burn-in
72,0.5,0.0,0.5,2.268749999999999,0.6931471803599453,0.02858369017027013,0.0010385571965739054,burn-in
73,0.75,0.0,0.25,2.343749999999999,0.5623351444188083,0.02721751217047576,0.0013661779997943685,burn-in
74,0.5,0.0,0.5,2.3999999999999986,0.6931471803599453,0.027387286768909697,0.00016977459843393536,burn-in
75,0.5,0.25,0.25,2.3437499999999987,1.0397207705399178,0.02212491172298769,0.0052623750459220055,burn-in
76,0.5,0.0,0.5,2.4187499999999984,0.6931471803599453,0.024233483421703877,0.0021085716987161857,burn-in
77,0.5,0.5,0.0,2.3624999999999985,0.6931471803599453,0.022976635551141888,0.001256847870561989,burn-in
78,0.5,0.25,0.25,2.4187499999999984,1.0397207705399178,0.02391676647772429,0.0009401309265824019,burn-in
79,0.25,0.0,0.75,2.4749999999999988,0.5623351444188083,0.025232435103453556,0.001315668625729266,burn-in
80,0.25,0.25,0.5,2.5312499999999987,1.0397207705399178,0.025987170061638035,0.0007547349581844796,burn-in
81,0.0,0.25,0.75,2.5874999999999986,0.5623351444188083,0.03039479807467059,0.0044076280130325544,burn-in
82,0.5,0.25,0.25,2.6624999999999988,1.0397207705399178,0.03418035802913715,0.003785559954466562,burn-in
83,0.5,0.0,0.5,2.606249999999999,0.6931471803599453,0.033443209208858855,0.0007371488202782966,burn-in
84,0.5,0.25,0.25,2.549999999999999,1.0397207705399178,0.03309957750863302,0.00034363170022583267,burn-in
85,0.5,0.0,0.5,2.606249999999999,0.6931471803599453,0.032417563719379094,0.0006820137892539282,burn-in
86,0.5,0.25,0.25,2.6624999999999988,1.0397207705399178,0.034809989249675245,0.002392425530296151,burn-in
87,0.25,0.25,0.5,2.737499999999999,1.0397207705399178,0.03384663538023393,0.0009633538694413177,burn-in
88,0.0,0.25,0.75,2.7562499999999988,0.5623351444188083,0.03757835563858542,0.003731720258351494,burn-in
89,0.75,0.25,0.0,2.831249999999999,0.5623351444188083,0.0371982652485301,0.00038009039005532097,burn-in
90,0.25,0.0,0.75,2.8499999999999988,0.5623351444188083,0.03685970286522265,0.00033856238330744887,burn-in
91,0.25,0.75,0.0,2.868749999999999,0.5623351444188083,0.03663481097262553,0.00022489189259711911,burn-in
92,0.25,0.75,0.0,2.924999999999999,0.5623351444188083,0.04466941286061982,0.008034601887994285,burn-in
93,0.75,0.0,0.25,2.999999999999999,0.5623351444188083,0.04054710079416906,0.004122312066450758,burn-in
94,0.25,0.25,0.5,2.9437499999999988,1.0397207705399178,0.04355219793893884,0.0030050971447697777,burn-in
95,0.25,0.25,0.5,2.962499999999999,1.0397207705399178,0.044052990995220837,0.0005007930562819993,burn-in
96,0.0,0.5,0.5,3.018749999999999,0.6931471803599453,0.04079522030826657,0.0032577706869542644,burn-in
97,0.25,0.25,0.5,2.9624999999999986,1.0397207705399178,0.0411397318788359,0.00034451157056932663,burn-in
98,0.5,0.5,0.0,3.018749999999999,0.6931471803599453,0.04185125259475525,0.0007115207159193518,burn-in
99,0.25,0.25,0.5,3.0374999999999988,1.0397207705399178,0.04220935776356362,0.0003581051688083675,burn-in
100,0.25,0.5,0.25,2.981249999999999,1.0397207705399178,0.043005768145098974,0.0007964103815353563,burn-in
101,0.5,0.0,0.5,2.906249999999999,0.6931471803599453,0.04512296567436601,0.002117197529267034,tail
102,0.0,0.5,0.5,2.9249999999999985,0.6931471803599453,0.0454526281555865,0.00032966248122048847,tail
103,0.5,0.5,0.0,2.9999999999999987,0.6931471803599453,0.042523936274173994,0.0029286918814125026,tail
104,0.75,0.25,0.0,3.018749999999998,0.5623351444188083,0.04235133695867829,0.00017259931549570146,tail
105,0.25,0.25,0.5,3.0374999999999983,1.0397207705399178,0.04300036337055781,0.0006490264118795205,tail
106,0.25,0.0,0.75,3.0937499999999982,0.5623351444188083,0.0418150106682697,0.0011853527022881102,tail
107,0.5,0.0,0.5,3.1499999999999986,0.6931471803599453,0.04443145616424261,0.0026164454959729036,tail
108,0.5,0.0,0.5,3.2062499999999985,0.6931471803599453,0.043534435454161004,0.000897020710081603,tail
109,0.5,0.0,0.5,3.2624999999999984,0.6931471803599453,0.0428285667844782,0.0007058686696828007,tail
110,0.5,0.25,0.25,3.2812499999999987,1.0397207705399178,0.043141799264170826,0.0003132324796926225,tail
111,0.0,0.5,0.5,3.299999999999998,0.6931471803599453,0.04333957036444883,0.00019777110027800748,tail
112,0.75,0.25,0.0,3.318749999999998,0.5623351444188083,0.04323479004589372,0.0001047803185551116,tail
113,0.0,0.5,0.5,3.3749999999999982,0.6931471803599453,0.042714234856485594,0.000520555189408127,tail
114,0.25,0.75,0.0,3.449999999999998,0.5623351444188083,0.04271039375111174,3.84110537385296e-06,tail
115,0.5,0.25,0.25,3.468749999999998,1.0397207705399178,0.04276102060068848,5.062684957674035e-05,tail
116,0.25,0.0,0.75,3.5249999999999977,0.5623351444188083,0.0433831494505644,0.0006221288498759192,tail
117,0.25,0.5,0.25,3.581249999999998,1.0397207705399178,0.045233368404171505,0.0018502189536071037,tail
118,0.5,0.25,0.25,3.599999999999998,1.0397207705399178,0.04466878978940444,0.0005645786147670667,tail
119,0.25,0.5,0.25,3.618749999999998,1.0397207705399178,0.04481798040058813,0.00014919061118369437,tail
120,0.25,0.25,0.5,3.618749999999998,1.0397207705399178,0.04481798040058813,0.0,tail
121,0.0,0.25,0.75,3.6374999999999984,0.5623351444188083,0.044974124505097406,0.00015614410450927318,tail
122,0.5,0.0,0.5,3.6937499999999983,0.6931471803599453,0.051892137605927424,0.006918013100830019,tail
123,0.25,0.0,0.75,3.7124999999999986,0.5623351444188083,0.05190794322945677,1.580562352934689e-05,tail
124,0.5,0.0,0.5,3.7312499999999984,0.6931471803599453,0.051989594812327664,8.165158287089247e-05,tail
125,0.5,0.5,0.0,3.6562499999999982,0.6931471803599453,0.05144570104731794,0.0005438937650097259,tail
126,0.25,0.0,0.75,3.7312499999999984,0.5623351444188083,0.050980196829259174,0.000465504218058764,tail
127,0.25,0.25,0.5,3.7874999999999983,1.0397207705399178,0.053130854456826776,0.0021506576275676023,tail
128,0.0,0.75,0.25,3.8062499999999986,0.5623351444188083,0.05354823139878209,0.0004173769419553164,tail
129,0.75,0.0,0.25,3.8812499999999983,0.5623351444188083,0.05307614481513809,0.0004720865836440047,tail
130,0.5,0.0,0.5,3.956249999999998,0.6931471803599453,0.05778089507733081,0.0047047502621927195,tail
131,0.25,0.5,0.25,3.974999999999998,1.0397207705399178,0.05715253370914548,0.0006283613681853303,tail
132,0.25,0.25,0.5,4.049999999999998,1.0397207705399178,0.05810058290908109,0.0009480491999356161,tail
133,0.0,0.0,1.0,4.124999999999998,-1.000000082690371e-10,0.05862511660436168,0.0005245336952805837,tail
134,0.25,0.25,0.5,4.068749999999998,1.0397207705399178,0.05812923371677979,0.000495882887581886,tail
135,0.5,0.25,0.25,4.124999999999998,1.0397207705399178,0.05874129756025577,0.0006120638434759795,tail
136,0.25,0.25,0.5,4.068749999999998,1.0397207705399178,0.058435895699903616,0.0003054018603521544,tail
137,0.25,0.5,0.25,4.124999999999998,1.0397207705399178,0.06084310798325901,0.0024072122833553936,tail
138,0.25,0.25,0.5,4.143749999999998,1.0397207705399178,0.06081102259253676,3.2085390722247364e-05,tail
139,0.5,0.25,0.25,4.199999999999998,1.0397207705399178,0.06323262020359839,0.0024215976110616294,tail
140,0.5,0.5,0.0,4.256249999999998,0.6931471803599453,0.06267044726932718,0.0005621729342712156,tail
141,0.5,0.0,0.5,4.181249999999999,0.6931471803599453,0.0642481684442251,0.0015777211748979197,tail
142,0.5,0.5,0.0,4.1999999999999975,0.6931471803599453,0.06844213739996015,0.004193968955735053,tail
143,0.25,0.5,0.25,4.256249999999998,1.0397207705399178,0.06245653957703326,0.005985597822926889,tail
144,0.5,0.25,0.25,4.1999999999999975,1.0397207705399178,0.06293709657268934,0.00048055699565607846,tail
145,0.25,0.5,0.25,4.143749999999997,1.0397207705399178,0.06496302283559108,0.0020259262629017394,tail
146,0.0,0.5,0.5,4.162499999999997,0.6931471803599453,0.06560568168040044,0.0006426588448093656,tail
147,0.5,0.25,0.25,4.181249999999997,1.0397207705399178,0.07005681985226372,0.004451138171863281,tail
148,0.25,0.25,0.5,4.237499999999997,1.0397207705399178,0.06896053700532306,0.0010962828469406605,tail
149,0.0,0.25,0.75,4.312499999999997,0.5623351444188083,0.06713053544447957,0.0018300015608434944,tail
150,0.25,0.75,0.0,4.256249999999997,0.5623351444188083,0.06951899470648316,0.002388459262003595,tail
151,0.75,0.0,0.25,4.312499999999997,0.5623351444188083,0.06837072227249419,0.0011482724339889755,tail
152,0.5,0.0,0.5,4.368749999999998,0.6931471803599453,0.07101380807631737,0.002643085803823178,tail
153,0.25,0.5,0.25,4.424999999999997,1.0397207705399178,0.0698767050328651,0.00113710304345227,tail
154,0.5,0.0,0.5,4.4812499999999975,0.6931471803599453,0.07899370153887297,0.009116996506007877,tail
155,0.75,0.0,0.25,4.556249999999999,0.5623351444188083,0.07661238808321105,0.002381313455661921,tail
156,0.0,0.25,0.75,4.556249999999999,0.5623351444188083,0.07661238808321105,0.0,tail
157,0.75,0.0,0.25,4.612499999999998,0.5623351444188083,0.07566048366923474,0.000951904413976315,tail
158,0.0,0.5,0.5,4.668749999999998,0.6931471803599453,0.07497145290042094,0.0006890307688137975,tail
159,0.25,0.75,0.0,4.724999999999998,0.5623351444188083,0.07432896421903801,0.0006424886813829328,tail
160,0.5,0.5,0.0,4.799999999999999,0.6931471803599453,0.07385288110070608,0.00047608311833192973,tail
161,0.25,0.5,0.25,4.856249999999998,1.0397207705399178,0.0821667927811323,0.008313911680426223,tail
162,0.75,0.25,0.0,4.912499999999998,0.5623351444188083,0.0828547887307972,0.0006879959496648991,tail
163,0.25,0.5,0.25,4.968749999999999,1.0397207705399178,0.08530514505841687,0.0024503563276196683,tail
164,0.25,0.0,0.75,5.024999999999999,0.5623351444188083,0.0850298660765736,0.00027527898184326327,tail
165,0.25,0.5,0.25,5.043749999999999,1.0397207705399178,0.08435197023669654,0.0006778958398770685,tail
166,0.75,0.0,0.25,5.118749999999999,0.5623351444188083,0.08956577650147707,0.005213806264780532,tail
167,0.5,0.25,0.25,5.174999999999999,1.0397207705399178,0.09201333123520768,0.0024475547337306086,tail
168,0.5,0.25,0.25,5.231249999999999,1.0397207705399178,0.09147070910952886,0.0005426221256788211,tail
169,0.25,0.25,0.5,5.306249999999999,1.0397207705399178,0.08726951787422706,0.004201191235301799,tail
170,0.5,0.0,0.5,5.362499999999999,0.6931471803599453,0.0879453232571951,0.0006758053829680477,tail
171,0.75,0.0,0.25,5.418749999999998,0.5623351444188083,0.08862264189387521,0.0006773186366801076,tail
172,0.0,0.5,0.5,5.437499999999998,0.6931471803599453,0.08859483024032803,2.7811653547177295e-05,tail
173,0.25,0.5,0.25,5.456249999999999,1.0397207705399178,0.0887162733011117,0.00012144306078366862,tail
174,0.25,0.5,0.25,5.381249999999999,1.0397207705399178,0.08925922899587219,0.000542955694760483,tail
175,0.0,0.75,0.25,5.456249999999999,0.5623351444188083,0.08494482929194422,0.004314399703927968,tail
176,0.0,0.5,0.5,5.474999999999998,0.6931471803599453,0.08906794939468994,0.004123120102745723,tail
177,0.0,0.5,0.5,5.493749999999999,0.6931471803599453,0.08900011521235549,6.783418233445582e-05,tail
178,0.0,0.75,0.25,5.437499999999998,0.5623351444188083,0.08944997947526344,0.00044986426290795356,tail
179,0.25,0.25,0.5,5.456249999999999,1.0397207705399178,0.08963236545746214,0.0001823859821987045,tail
180,0.5,0.0,0.5,5.512499999999999,0.6931471803599453,0.0891222442158104,0.0005101212416517426,tail
181,0.25,0.25,0.5,5.531249999999998,1.0397207705399178,0.09040173467811641,0.0012794904623060072,tail
182,0.25,0.25,0.5,5.456249999999999,1.0397207705399178,0.0926832064497801,0.0022814717716636984,tail
183,0.0,0.25,0.75,5.512499999999998,0.5623351444188083,0.09182290721308359,0.0008602992366965184,tail
184,0.75,0.0,0.25,5.531249999999998,0.5623351444188083,0.09109687494640008,0.0007260322666835101,tail
185,0.25,0.25,0.5,5.587499999999999,1.0397207705399178,0.09037146107351895,0.0007254138728811227,tail
186,0.0,0.5,0.5,5.606249999999998,0.6931471803599453,0.09028219647305913,8.926460045982632e-05,tail
187,0.0,0.75,0.25,5.549999999999999,0.5623351444188083,0.09085624054137698,0.0005740440683178472,tail
188,0.25,0.25,0.5,5.606249999999999,1.0397207705399178,0.09023281519214642,0.000623425349230558,tail
189,0.5,0.0,0.5,5.662499999999999,0.6931471803599453,0.09276011252991531,0.002527297337768894,tail
190,0.25,0.0,0.75,5.737499999999999,0.5623351444188083,0.09191615256070365,0.0008439599692116606,tail
191,0.5,0.25,0.25,5.756249999999999,1.0397207705399178,0.0918691749854109,4.69775752927476e-05,tail
192,0.25,0.0,0.75,5.774999999999999,0.5623351444188083,0.09596400794210584,0.004094832956694938,tail
193,0.5,0.0,0.5,5.831249999999999,0.6931471803599453,0.09538277634582437,0.0005812315962814701,tail
194,0.75,0.0,0.25,5.906249999999998,0.5623351444188083,0.09510803376128404,0.0002747425845403273,tail
195,0.5,0.25,0.25,5.924999999999999,1.0397207705399178,0.09510799782352715,3.59377568953656e-08,tail
196,1.0,0.0,0.0,5.981249999999999,-1.000000082690371e-10,0.09576842287681546,0.0006604250532883105,tail
197,0.5,0.25,0.25,5.924999999999999,1.0397207705399178,0.0963193185856947,0.0005508957088792427,tail
198,0.25,0.25,0.5,5.981249999999999,1.0397207705399178,0.09627528077081911,4.403781487559433e-05,tail
199,0.5,0.25,0.25,6.037499999999999,1.0397207705399178,0.0986193211688894,0.0023440403980702906,tail
200,0.75,0.0,0.25,6.056249999999999,0.5623351444188083,0.10256792718730384,0.003948606018414444,tail
201,0.5,0.5,0.0,6.112499999999999,0.6931471803599453,0.10324098118146964,0.0006730539941657981,tail
202,0.0,0.5,0.5,6.168749999999999,0.6931471803599453,0.10391536144261865,0.0006743802611490074,tail
203,0.25,0.0,0.75,6.225,0.5623351444188083,0.10346552679214013,0.00044983465047851445,tail
204,0.0,0.75,0.25,6.149999999999999,0.5623351444188083,0.10374776917782415,0.0002822423856840145,tail
205,0.0,0.0,1.0,6.224999999999999,-1.000000082690371e-10,0.0995136905625305,0.004234078615293652,tail
206,0.5,0.5,0.0,6.243749999999999,0.6931471803599453,0.09964748413156285,0.00013379356903235606,tail
207,0.75,0.25,0.0,6.262499999999999,0.5623351444188083,0.09978493475031724,0.00013745061875439224,tail
208,0.5,0.0,0.5,6.318749999999999,0.6931471803599453,0.09961933896243522,0.000165595787882028,tail
209,0.0,0.75,0.25,6.374999999999999,0.5623351444188083,0.10026879889202855,0.0006494599295933379,tail
210,0.25,0.0,0.75,6.4499999999999975,0.5623351444188083,0.10069820706571721,0.0004294081736886529,tail
211,0.5,0.25,0.25,6.468749999999998,1.0397207705399178,0.10075551997130261,5.731290558540214e-05,tail
212,0.25,0.25,0.5,6.524999999999999,1.0397207705399178,0.1013746050393049,0.0006190850680022897,tail
213,0.75,0.25,0.0,6.543749999999998,0.5623351444188083,0.10180064387689337,0.0004260388375884744,tail
214,0.25,0.25,0.5,6.618749999999999,1.0397207705399178,0.10242163544022358,0.0006209915633302032,tail
215,0.75,0.0,0.25,6.637499999999998,0.5623351444188083,0.10275613006349094,0.000334494623267359,tail
216,0.25,0.25,0.5,6.656249999999998,1.0397207705399178,0.10260812227992756,0.00014800778356337252,tail
217,0.0,0.75,0.25,6.7312499999999975,0.5623351444188083,0.10752149585228328,0.004913373572355717,tail
218,0.75,0.25,0.0,6.7312499999999975,0.5623351444188083,0.10752149585228328,0.0,tail
219,0.5,0.5,0.0,6.787499999999998,0.6931471803599453,0.1098346235540054,0.002313127701722123,tail
220,0.0,1.0,0.0,6.862499999999998,-1.000000082690371e-10,0.10905311564210382,0.0007815079119015828,tail
221,0.0,0.5,0.5,6.881249999999998,0.6931471803599453,0.10909488684598179,4.177120387796607e-05,tail
222,0.25,0.5,0.25,6.899999999999999,1.0397207705399178,0.10915721621387461,6.232936789282717e-05,tail
223,0.0,0.5,0.5,6.974999999999998,0.6931471803599453,0.10527817040613198,0.0038790458077426343,tail
224,0.5,0.25,0.25,7.031249999999998,1.0397207705399178,0.10663205208214861,0.0013538816760166328,tail
225,0.5,0.25,0.25,7.087499999999998,1.0397207705399178,0.10745302843713875,0.0008209763549901355,tail
226,0.5,0.25,0.25,7.143749999999997,1.0397207705399178,0.10558651295856891,0.0018665154785698357,tail
227,0.25,0.5,0.25,7.087499999999997,1.0397207705399178,0.1054507901375094,0.00013572282105951683,tail
228,0.25,0.75,0.0,7.143749999999997,0.5623351444188083,0.10637494950792006,0.0009241593704106682,tail
229,0.0,0.25,0.75,7.087499999999998,0.5623351444188083,0.1055916089972354,0.0007833405106846686,tail
230,0.25,0.0,0.75,7.162499999999997,0.5623351444188083,0.10730546533436698,0.0017138563371315862,tail
231,0.5,0.5,0.0,7.237499999999997,0.6931471803599453,0.10409893318677682,0.0032065321475901604,tail
232,0.5,0.25,0.25,7.256249999999997,1.0397207705399178,0.1040222707524693,7.666243430752562e-05,tail
233,0.0,0.5,0.5,7.274999999999998,0.6931471803599453,0.10419938913118697,0.00017711837871767222,tail
234,0.5,0.25,0.25,7.331249999999997,1.0397207705399178,0.10540680125115279,0.00120741211996582,tail
235,0.25,0.5,0.25,7.349999999999998,1.0397207705399178,0.10560516178346836,0.00019836053231557516,tail
236,0.0,0.75,0.25,7.2937499999999975,0.5623351444188083,0.10448358872330156,0.0011215730601668028,tail
237,0.0,0.5,0.5,7.3124999999999964,0.6931471803599453,0.10398060309650317,0.0005029856267983884,tail
238,0.25,0.25,0.5,7.387499999999997,1.0397207705399178,0.10641816196172772,0.002437558865224551,tail
239,0.5,0.5,0.0,7.443749999999997,0.6931471803599453,0.10808662613848219,0.0016684641767544667,tail
240,0.0,0.5,0.5,7.499999999999997,0.6931471803599453,0.10979738530726733,0.0017107591687851448,tail
241,0.25,0.25,0.5,7.556249999999997,1.0397207705399178,0.1134772829688833,0.0036798976616159718,tail
242,0.0,0.25,0.75,7.5749999999999975,0.5623351444188083,0.11333406096580151,0.0001432220030817971,tail
243,0.5,0.0,0.5,7.649999999999997,0.6931471803599453,0.11636956217155757,0.003035501205756061,tail
244,0.0,0.5,0.5,7.649999999999997,0.6931471803599453,0.11636956217155757,0.0,tail
245,0.75,0.0,0.25,7.724999999999998,0.5623351444188083,0.11958606994545816,0.00321650777390059,tail
246,0.75,0.25,0.0,7.781249999999997,0.5623351444188083,0.12027367880172288,0.0006876088562647181,tail
247,0.25,0.25,0.5,7.8562499999999975,1.0397207705399178,0.1235850858214696,0.0033114070197467205,tail
248,0.25,0.5,0.25,7.8749999999999964,1.0397207705399178,0.1234476103454417,0.00013747547602789567,tail
249,0.75,0.0,0.25,7.931249999999997,0.5623351444188083,0.124078698564661,0.0006310882192192974,tail
250,0.0,0.5,0.5,7.987499999999997,0.6931471803599453,0.1258388765507802,0.001760177986119188,tail
251,0.25,0.25,0.5,8.043749999999996,1.0397207705399178,0.12754735640145584,0.0017084798506756538,tail
252,0.25,0.25,0.5,8.099999999999996,1.0397207705399178,0.12794942619669109,0.00040206979523524367,tail
253,0.75,0.25,0.0,8.024999999999997,0.5623351444188083,0.12618900522257281,0.0017604209741182708,tail
254,0.25,0.0,0.75,8.081249999999997,0.5623351444188083,0.12775194164375747,0.0015629364211846575,tail
255,0.0,0.25,0.75,8.024999999999995,0.5623351444188083,0.12641054535347324,0.0013413962902842358,tail
256,0.25,0.5,0.25,8.081249999999997,1.0397207705399178,0.12690496490361405,0.0004944195501408177,tail
257,0.25,0.25,0.5,8.024999999999995,1.0397207705399178,0.12500625374981256,0.0018987111538014967,tail
258,0.75,0.25,0.0,8.043749999999996,0.5623351444188083,0.12519567497022424,0.00018942122041168408,tail
259,0.0,0.25,0.75,8.062499999999996,0.5623351444188083,0.12538748146371126,0.00019180649348701784,tail
260,0.5,0.25,0.25,8.118749999999995,1.0397207705399178,0.12574550734395057,0.0003580258802393099,tail
261,0.25,0.0,0.75,8.174999999999995,0.5623351444188083,0.1261476727948737,0.00040216545092314204,tail
262,0.75,0.25,0.0,8.231249999999996,0.5623351444188083,0.12755952960774833,0.0014118568128746178,tail
263,0.25,0.0,0.75,8.249999999999996,0.5623351444188083,0.13030887659830595,0.0027493469905576218,tail
264,0.5,0.25,0.25,8.174999999999995,1.0397207705399178,0.12814248737367528,0.002166389224630666,tail
265,0.0,0.25,0.75,8.193749999999994,0.5623351444188083,0.127617489525584,0.0005249978480912909,tail
266,0.0,0.75,0.25,8.268749999999995,0.5623351444188083,0.13166024056378048,0.004042751038196485,tail
267,0.25,0.25,0.5,8.212499999999995,1.0397207705399178,0.12967526297688797,0.0019849775868925057,tail
268,0.25,0.5,0.25,8.268749999999995,1.0397207705399178,0.12971206092727094,3.6797950382971845e-05,tail
269,0.5,0.5,0.0,8.287499999999994,0.6931471803599453,0.12969830527275616,1.3755654514779891e-05,tail
270,0.5,0.25,0.25,8.306249999999995,1.0397207705399178,0.12928078166461,0.0004175236081461753,tail
271,0.25,0.0,0.75,8.362499999999994,0.5623351444188083,0.12931463341038613,3.38517457761367e-05,tail
272,0.25,0.25,0.5,8.362499999999994,1.0397207705399178,0.12931463341038613,0.0,tail
273,0.25,0.75,0.0,8.287499999999994,0.5623351444188083,0.1281326560212601,0.0011819773891260377,tail
274,0.5,0.25,0.25,8.306249999999995,1.0397207705399178,0.12831210804250923,0.00017945202124913795,tail
275,0.75,0.25,0.0,8.324999999999996,0.5623351444188083,0.13191997159736682,0.0036078635548575932,tail
276,0.25,0.5,0.25,8.399999999999995,1.0397207705399178,0.13666497871162922,0.004745007114262401,tail
277,0.25,0.5,0.25,8.474999999999994,1.0397207705399178,0.14149438206603848,0.004829403354409262,tail
278,0.25,0.5,0.25,8.418749999999994,1.0397207705399178,0.14132888767759968,0.00016549438843879716,tail
279,0.5,0.25,0.25,8.474999999999994,1.0397207705399178,0.1391573342367375,0.002171553440862173,tail
280,0.0,0.75,0.25,8.531249999999995,0.5623351444188083,0.13938121132459916,0.00022387708786164584,tail
281,0.25,0.25,0.5,8.549999999999994,1.0397207705399178,0.14313942339987987,0.003758212075280709,tail
282,0.5,0.5,0.0,8.493749999999993,0.6931471803599453,0.14495228201894614,0.001812858619066271,tail
283,0.5,0.25,0.25,8.418749999999994,1.0397207705399178,0.1464650928975915,0.0015128108786453542,tail
284,0.0,0.0,1.0,8.418749999999994,-1.000000082690371e-10,0.1464650928975915,0.0,tail
285,0.0,0.75,0.25,8.437499999999993,0.5623351444188083,0.1466191255217071,0.0001540326241156187,tail
286,0.25,0.25,0.5,8.456249999999994,1.0397207705399178,0.14677560466576217,0.00015647914405506058,tail
287,0.25,0.25,0.5,8.531249999999995,1.0397207705399178,0.1425487307028726,0.004226873962889566,tail
288,0.0,0.5,0.5,8.549999999999994,0.6931471803599453,0.14269932605394497,0.000150595351072369,tail
289,0.0,0.5,0.5,8.606249999999994,0.6931471803599453,0.14249540494236151,0.0002039211115834605,tail
290,0.25,0.0,0.75,8.662499999999993,0.5623351444188083,0.13698238510160743,0.005513019840754085,tail
291,0.25,0.5,0.25,8.718749999999993,1.0397207705399178,0.13576225773387854,0.0012201273677288904,tail
292,0.25,0.0,0.75,8.737499999999994,0.5623351444188083,0.13582445371347004,6.219597959150613e-05,tail
293,0.25,0.25,0.5,8.812499999999993,1.0397207705399178,0.13675977241704723,0.000935318703577187,tail
294,0.0,0.75,0.25,8.887499999999992,0.5623351444188083,0.13313653485825197,0.0036232375587952614,tail
295,0.25,0.25,0.5,8.812499999999993,1.0397207705399178,0.13340718698429466,0.0002706521260426864,tail
296,0.5,0.25,0.25,8.831249999999994,1.0397207705399178,0.1334490956612766,4.190867698194989e-05,tail
297,0.75,0.0,0.25,8.849999999999994,0.5623351444188083,0.13349385885336656,4.476319208995827e-05,tail
298,0.0,0.5,0.5,8.906249999999993,0.6931471803599453,0.13406384031964044,0.0005699814662738778,tail
299,0.5,0.25,0.25,8.831249999999994,1.0397207705399178,0.13323139820909355,0.0008324421105468938,tail
300,0.75,0.0,0.25,8.849999999999994,0.5623351444188083,0.13689556423716792,0.0036641660280743726,tail
301,0.25,0.25,0.5,8.868749999999993,1.0397207705399178,0.13627175858372145,0.0006238056534464687,tail
302,0.25,0.0,0.75,8.887499999999992,0.5623351444188083,0.13609544344526223,0.00017631513845922653,tail
303,0.75,0.25,0.0,8.831249999999992,0.5623351444188083,0.13569666885189216,0.00039877459337006593,tail
304,0.5,0.0,0.5,8.887499999999992,0.6931471803599453,0.13635383443109544,0.0006571655792032838,tail
305,0.5,0.0,0.5,8.943749999999993,0.6931471803599453,0.1364458168559963,9.198242490085495e-05,tail
306,0.75,0.25,0.0,8.962499999999991,0.5623351444188083,0.14028857326618796,0.003842756410191661,tail
307,0.0,0.75,0.25,9.018749999999992,0.5623351444188083,0.14094300155559372,0.0006544282894057618,tail
308,0.5,0.25,0.25,9.037499999999993,1.0397207705399178,0.1409546171700757,1.161561448198567e-05,tail
309,0.0,0.75,0.25,9.056249999999991,0.5623351444188083,0.14106267653400598,0.00010805936393026849,tail
310,0.5,0.5,0.0,9.074999999999992,0.6931471803599453,0.14107428229482544,1.1605760819460853e-05,tail
311,0.25,0.0,0.75,9.149999999999991,0.5623351444188083,0.13705838172107568,0.004015900573749759,tail
312,0.25,0.75,0.0,9.168749999999992,0.5623351444188083,0.13783382771475258,0.0007754459936769043,tail
313,0.75,0.25,0.0,9.224999999999993,0.5623351444188083,0.1379318679468693,9.804023211670843e-05,tail
314,0.5,0.25,0.25,9.281249999999993,1.0397207705399178,0.13756952432656583,0.00036234362030346245,tail
315,0.75,0.0,0.25,9.337499999999991,0.5623351444188083,0.13724772667174703,0.0003217976548187951,tail
316,0.5,0.0,0.5,9.393749999999992,0.6931471803599453,0.13692862462680172,0.000319102044945313,tail
317,0.75,0.25,0.0,9.449999999999992,0.5623351444188083,0.1366948479106384,0.0002337767161633142,tail
318,0.5,0.0,0.5,9.393749999999992,0.6931471803599453,0.13637388290101618,0.00032096500962222607,tail
319,0.0,0.75,0.25,9.412499999999993,0.5623351444188083,0.14010901517323068,0.003735132272214503,tail
320,0.5,0.0,0.5,9.468749999999993,0.6931471803599453,0.14042542783004108,0.00031641265681039976,tail
321,0.25,0.25,0.5,9.524999999999991,1.0397207705399178,0.1401997389329776,0.00022568889706348072,tail
322,0.5,0.25,0.25,9.59999999999999,1.0397207705399178,0.1449476131120312,0.0047478741790535905,tail
323,0.0,0.5,0.5,9.656249999999991,0.6931471803599453,0.1453456984926371,0.0003980853806059004,tail
324,0.5,0.0,0.5,9.656249999999991,0.6931471803599453,0.1453456984926371,0.0,tail
325,0.5,0.25,0.25,9.712499999999991,1.0397207705399178,0.14516817093138068,0.0001775275612564131,tail
326,0.75,0.0,0.25,9.731249999999992,0.5623351444188083,0.14553617529780205,0.0003680043664213706,tail
327,0.5,0.0,0.5,9.78749999999999,0.6931471803599453,0.14774602099126077,0.002209845693458723,tail
328,0.5,0.25,0.25,9.843749999999993,1.0397207705399178,0.14747735525327293,0.00026866573798783877,tail
329,0.0,0.5,0.5,9.899999999999991,0.6931471803599453,0.14809588651128222,0.0006185312580092861,tail
330,0.25,0.75,0.0,9.843749999999993,0.5623351444188083,0.1484117378960053,0.0003158513847230926,tail
331,0.25,0.5,0.25,9.78749999999999,1.0397207705399178,0.14817157100174477,0.0002401668942605406,tail
332,0.5,0.25,0.25,9.843749999999991,1.0397207705399178,0.14846757918923775,0.00029600818749297986,tail
333,0.5,0.0,0.5,9.76874999999999,0.6931471803599453,0.14934381539023503,0.0008762362009972768,tail
334,0.75,0.25,0.0,9.712499999999991,0.5623351444188083,0.15138406055150794,0.0020402451612729078,tail
335,0.25,0.25,0.5,9.656249999999991,1.0397207705399178,0.15150237209364126,0.00011831154213332029,tail
336,0.5,0.25,0.25,9.67499999999999,1.0397207705399178,0.15147680889434076,2.5563199300498995e-05,tail
337,0.25,0.5,0.25,9.73124999999999,1.0397207705399178,0.1538836182598724,0.0024068093655316425,tail
338,0.0,0.5,0.5,9.78749999999999,0.6931471803599453,0.15630088234016035,0.0024172640802879453,tail
339,0.0,0.5,0.5,9.73124999999999,0.6931471803599453,0.1571157421944493,0.0008148598542889463,tail
340,0.0,0.25,0.75,9.78749999999999,0.5623351444188083,0.1578053587493155,0.0006896165548662125,tail
341,0.25,0.0,0.75,9.78749999999999,0.5623351444188083,0.1578053587493155,0.0,tail
342,0.25,0.0,0.75,9.806249999999991,0.5623351444188083,0.15797628876670122,0.00017093001738571756,tail
343,0.5,0.0,0.5,9.82499999999999,0.6931471803599453,0.15814945463073898,0.0001731658640377609,tail
344,0.25,0.25,0.5,9.88124999999999,1.0397207705399178,0.15582491238666768,0.0023245422440713037,tail
345,0.0,0.5,0.5,9.89999999999999,0.6931471803599453,0.15599643488013648,0.00017152249346880089,tail
346,0.25,0.25,0.5,9.97499999999999,1.0397207705399178,0.15557729251183364,0.0004191423683028439,tail
347,0.5,0.25,0.25,9.918749999999989,1.0397207705399178,0.1563425881927655,0.0007652956809318656,tail
348,0.25,0.25,0.5,9.937499999999988,1.0397207705399178,0.15566119057106093,0.000681397621704577,tail
349,0.0,0.25,0.75,9.881249999999989,0.5623351444188083,0.1558816000757872,0.00022040950472626553,tail
350,0.0,0.5,0.5,9.899999999999988,0.6931471803599453,0.1558387713511954,4.2828724591797984e-05,tail
351,0.0,0.5,0.5,9.956249999999988,0.6931471803599453,0.155440512511017,0.00039825884017838376,tail
352,0.5,0.25,0.25,10.012499999999989,1.0397207705399178,0.15487800453603032,0.0005625079749866924,tail
353,0.25,0.25,0.5,9.956249999999988,1.0397207705399178,0.15489338571256078,1.5381176530465668e-05,tail
354,0.0,0.25,0.75,10.031249999999988,0.5623351444188083,0.16001364687894637,0.005120261166385587,tail
355,0.25,0.25,0.5,10.106249999999989,1.0397207705399178,0.16518377549717206,0.005170128618225689,tail
356,0.25,0.25,0.5,10.124999999999988,1.0397207705399178,0.16533872665304444,0.00015495115587238484,tail
357,0.25,0.5,0.25,10.068749999999987,1.0397207705399178,0.16603403206778927,0.000695305414744829,tail
358,0.25,0.25,0.5,10.087499999999986,1.0397207705399178,0.16626597667592782,0.00023194460813855122,tail
359,0.0,0.5,0.5,10.106249999999987,0.6931471803599453,0.17042812875318641,0.004162152077258591,tail
360,0.25,0.5,0.25,10.162499999999987,1.0397207705399178,0.17113440441652927,0.0007062756633428591,tail
361,0.5,0.0,0.5,10.181249999999988,0.6931471803599453,0.17105971122589822,7.469319063105329e-05,tail
362,0.5,0.25,0.25,10.237499999999986,1.0397207705399178,0.17062564102443742,0.0004340702014608011,tail
363,0.0,0.5,0.5,10.181249999999986,0.6931471803599453,0.1741899780053382,0.0035643369809007786,tail
364,0.5,0.0,0.5,10.237499999999986,0.6931471803599453,0.173355442299918,0.0008345357054201918,tail
365,0.5,0.0,0.5,10.312499999999986,0.6931471803599453,0.1724502192663152,0.0009052230336027978,tail
366,0.5,0.25,0.25,10.331249999999986,1.0397207705399178,0.17238719987193854,6.30193943766677e-05,tail
367,0.25,0.25,0.5,10.349999999999985,1.0397207705399178,0.17232610120422906,6.109866770948047e-05,tail
368,0.5,0.25,0.25,10.349999999999985,1.0397207705399178,0.17232610120422906,0.0,tail
369,0.25,0.25,0.5,10.368749999999986,1.0397207705399178,0.1722669253068844,5.917589734466544e-05,tail
370,0.75,0.0,0.25,10.387499999999985,0.5623351444188083,0.17220967416205218,5.7251144832209944e-05,tail
371,0.5,0.0,0.5,10.406249999999986,0.6931471803599453,0.17242297589702973,0.00021330173497755012,tail
372,0.5,0.25,0.25,10.462499999999986,1.0397207705399178,0.17205672211512163,0.00036625378190810465,tail
373,0.25,0.5,0.25,10.518749999999986,1.0397207705399178,0.1697319031452622,0.0023248189698594213,tail
374,0.25,0.5,0.25,10.574999999999985,1.0397207705399178,0.1704222811320462,0.0006903779867839799,tail
375,0.5,0.5,0.0,10.631249999999985,0.6931471803599453,0.16976252945291012,0.0006597516791360669,tail
376,0.5,0.5,0.0,10.649999999999986,0.6931471803599453,0.17383149224266786,0.004068962789757741,tail
377,0.5,0.0,0.5,10.668749999999985,0.6931471803599453,0.17400585085798895,0.0001743586153210852,tail
378,0.75,0.25,0.0,10.724999999999984,0.5623351444188083,0.1737076330990529,0.0002982177589360424,tail
379,0.5,0.5,0.0,10.799999999999985,0.6931471803599453,0.17894879133952035,0.005241158240467447,tail
380,0.75,0.0,0.25,10.856249999999987,0.5623351444188083,0.17663531407871894,0.0023134772608014165,tail
381,0.0,0.25,0.75,10.874999999999986,0.5623351444188083,0.17790326385163002,0.0012679497729110867,tail
382,0.5,0.25,0.25,10.893749999999985,1.0397207705399178,0.1820151843768816,0.004111920525251583,tail
383,0.25,0.25,0.5,10.837499999999986,1.0397207705399178,0.18558924845104907,0.0035740640741674656,tail
384,0.25,0.75,0.0,10.893749999999985,0.5623351444188083,0.18811864347649793,0.002529395025448855,tail
385,0.25,0.5,0.25,10.949999999999985,1.0397207705399178,0.18755118051481368,0.0005674629616842508,tail
386,0.25,0.5,0.25,11.024999999999986,1.0397207705399178,0.18668579468588445,0.0008653858289292271,tail
387,0.75,0.0,0.25,11.081249999999986,0.5623351444188083,0.18738347681375941,0.0006976821278749656,tail
388,0.75,0.25,0.0,11.156249999999986,0.5623351444188083,0.19272903633161434,0.005345559517854925,tail
389,0.0,0.5,0.5,11.212499999999984,0.6931471803599453,0.19343130038530534,0.0007022640536910041,tail
390,0.25,0.25,0.5,11.268749999999985,1.0397207705399178,0.192490703407821,0.0009405969774843315,tail
391,0.25,0.25,0.5,11.343749999999986,1.0397207705399178,0.1921131843105457,0.0003775190972753195,tail
392,0.25,0.0,0.75,11.362499999999986,0.5623351444188083,0.19226467200596864,0.00015148769542294716,tail
393,0.5,0.25,0.25,11.437499999999986,1.0397207705399178,0.1921169916393724,0.00014768036659623673,tail
394,0.5,0.0,0.5,11.493749999999986,0.6931471803599453,0.19277847147049432,0.0006614798311219139,tail
395,0.25,0.75,0.0,11.512499999999985,0.5623351444188083,0.19379550372912474,0.0010170322586304237,tail
396,0.25,0.0,0.75,11.568749999999985,0.5623351444188083,0.19373097940910922,6.452432001552433e-05,tail
397,0.25,0.0,0.75,11.568749999999985,0.5623351444188083,0.19373097940910922,0.0,tail
398,0.0,0.25,0.75,11.624999999999986,0.5623351444188083,0.1932229247082568,0.0005080547008524117,tail
399,0.5,0.0,0.5,11.681249999999986,0.6931471803599453,0.195561561199409,0.0023386364911522073,tail
400,0.75,0.0,0.25,11.737499999999985,0.5623351444188083,0.19506638493407877,0.0004951762653302438,tail
401,0.0,0.25,0.75,11.737499999999985,0.5623351444188083,0.19506638493407877,0.0,tail
402,0.5,0.25,0.25,11.793749999999985,1.0397207705399178,0.19514131247877187,7.492754469309859e-05,tail
403,0.5,0.25,0.25,11.812499999999986,1.0397207705399178,0.1944933371689765,0.0006479753097953789,tail
404,1.0,0.0,0.0,11.831249999999985,-1.000000082690371e-10,0.1938462437369826,0.0006470934319939003,tail
405,0.5,0.0,0.5,11.887499999999985,0.6931471803599453,0.19343488740158188,0.0004113563354007088,tail
406,0.25,0.5,0.25,11.943749999999985,1.0397207705399178,0.19571690133647163,0.0022820139348897484,tail
407,0.75,0.0,0.25,11.999999999999986,0.5623351444188083,0.1959091013112016,0.00019219997472996742,tail
408,0.75,0.0,0.25,12.074999999999985,0.5623351444188083,0.20079698868275553,0.004887887371553934,tail
409,0.5,0.0,0.5,12.149999999999986,0.6931471803599453,0.19683599067894733,0.003960998003808197,tail
410,0.0,0.5,0.5,12.224999999999984,0.6931471803599453,0.20173395082152792,0.004897960142580593,tail
411,0.0,0.0,1.0,12.149999999999984,-1.000000082690371e-10,0.2029919395913608,0.0012579887698328795,tail
412,0.5,0.25,0.25,12.224999999999987,1.0397207705399178,0.20316159526116803,0.00016965566980722824,tail
413,0.0,0.5,0.5,12.281249999999986,0.6931471803599453,0.2054467977816889,0.0022852025205208626,tail
414,0.75,0.0,0.25,12.356249999999985,0.5623351444188083,0.2104043632954178,0.004957565513728918,tail
415,0.75,0.25,0.0,12.374999999999986,0.5623351444188083,0.2104163678318839,1.200453646607591e-05,tail
416,0.25,0.25,0.5,12.393749999999986,1.0397207705399178,0.21427777496453096,0.003861407132647071,tail
417,0.25,0.25,0.5,12.449999999999985,1.0397207705399178,0.2138169440125716,0.00046083095195936785,tail
418,0.0,0.5,0.5,12.506249999999987,0.6931471803599453,0.21338181008464654,0.00043513392792504657,tail
419,0.5,0.5,0.0,12.562499999999986,0.6931471803599453,0.21354959766776116,0.00016778758311461472,tail
420,0.25,0.25,0.5,12.487499999999986,1.0397207705399178,0.21472040550227794,0.001170807834516785,tail
421,0.0,0.25,0.75,12.506249999999984,0.5623351444188083,0.2146862354402354,3.417006204253781e-05,tail
422,0.25,0.5,0.25,12.562499999999986,1.0397207705399178,0.2147719198104414,8.568437020597952e-05,tail
423,0.25,0.25,0.5,12.581249999999986,1.0397207705399178,0.21861272478403487,0.003840804973593487,tail
424,0.25,0.5,0.25,12.656249999999986,1.0397207705399178,0.21885836601555847,0.00024564123152359674,tail
425,0.5,0.25,0.25,12.712499999999986,1.0397207705399178,0.22112964814574884,0.002271282130190372,tail
426,0.0,0.5,0.5,12.731249999999987,0.6931471803599453,0.22493752604890138,0.00380787790315254,tail
427,0.25,0.25,0.5,12.749999999999986,1.0397207705399178,0.22504781609971286,0.00011029005081147902,tail
428,0.5,0.25,0.25,12.768749999999986,1.0397207705399178,0.22506642031784238,1.8604218129519845e-05,tail
429,0.5,0.0,0.5,12.693749999999987,0.6931471803599453,0.22635310797996064,0.0012866876621182577,tail
430,0.25,0.25,0.5,12.768749999999986,1.0397207705399178,0.22230262268962933,0.004050485290331307,tail
431,0.25,0.25,0.5,12.824999999999987,1.0397207705399178,0.22462233495219305,0.0023197122625637223,tail
432,0.25,0.5,0.25,12.843749999999988,1.0397207705399178,0.22850841708717806,0.0038860821349850083,tail
433,0.5,0.0,0.5,12.862499999999986,0.6931471803599453,0.22850906026895348,6.431817754226632e-07,tail
434,0.0,0.75,0.25,12.918749999999987,0.5623351444188083,0.2291681053458634,0.0006590450769099199,tail
435,1.0,0.0,0.0,12.974999999999987,-1.000000082690371e-10,0.2286788247363816,0.000489280609481807,tail
436,0.5,0.5,0.0,13.031249999999988,0.6931471803599453,0.22821345245802827,0.00046537227835333206,tail
437,0.25,0.25,0.5,13.087499999999988,1.0397207705399178,0.2277721350556576,0.0004413174023706612,tail
438,0.0,0.0,1.0,13.143749999999986,-1.000000082690371e-10,0.22791438051108184,0.00014224545542423916,tail
439,0.5,0.0,0.5,13.218749999999988,0.6931471803599453,0.22396479738733538,0.003949583123746464,tail
440,0.5,0.25,0.25,13.237499999999986,1.0397207705399178,0.2240608917306302,9.609434329482802e-05,tail
441,0.25,0.25,0.5,13.162499999999987,1.0397207705399178,0.22521099915551465,0.0011501074248844445,tail
442,0.25,0.5,0.25,13.162499999999987,1.0397207705399178,0.22521099915551465,0.0,tail
443,0.5,0.0,0.5,13.237499999999986,0.6931471803599453,0.23018622301437855,0.0049752238588638975,tail
444,0.0,0.5,0.5,13.293749999999985,0.6931471803599453,0.22798951241984292,0.0021967105945356336,tail
445,0.25,0.0,0.75,13.349999999999985,0.5623351444188083,0.22810460525272214,0.00011509283287922112,tail
446,0.5,0.25,0.25,13.406249999999986,1.0397207705399178,0.22594075248350548,0.0021638527692166565,tail
447,0.75,0.0,0.25,13.424999999999985,0.5623351444188083,0.2259666345323468,2.5882048841324723e-05,tail
448,0.5,0.0,0.5,13.481249999999985,0.6931471803599453,0.22618919460887754,0.00022256007653073673,tail
449,0.25,0.5,0.25,13.537499999999984,1.0397207705399178,0.22843977427048512,0.002250579661607577,tail
450,0.25,0.25,0.5,13.593749999999986,1.0397207705399178,0.2290764171249688,0.0006366428544836711,tail
451,0.25,0.25,0.5,13.649999999999984,1.0397207705399178,0.22971386753415696,0.0006374504091881672,tail
452,0.25,0.5,0.25,13.668749999999985,1.0397207705399178,0.22974554326131705,3.167572716009093e-05,tail
453,0.25,0.5,0.25,13.668749999999985,1.0397207705399178,0.22974554326131705,0.0,tail
454,0.5,0.25,0.25,13.687499999999986,1.0397207705399178,0.2297786723811638,3.3129119846764254e-05,tail
455,0.5,0.25,0.25,13.743749999999984,1.0397207705399178,0.2276450194553193,0.002133652925844526,tail
456,0.25,0.25,0.5,13.818749999999984,1.0397207705399178,0.22820035784440104,0.0005553383890817554,tail
457,0.25,0.25,0.5,13.837499999999984,1.0397207705399178,0.22827607369216923,7.571584776819296e-05,tail
458,0.5,0.0,0.5,13.837499999999984,0.6931471803599453,0.22827607369216923,0.0,tail
459,0.25,0.0,0.75,13.837499999999984,0.5623351444188083,0.22827607369216923,0.0,tail
460,0.25,0.75,0.0,13.856249999999985,0.5623351444188083,0.22887745126008524,0.000601377567916006,tail
461,0.25,0.0,0.75,13.912499999999987,0.5623351444188083,0.22921224215369734,0.00033479089361210246,tail
462,0.25,0.25,0.5,13.968749999999986,1.0397207705399178,0.22958225692616724,0.00037001477246989545,tail
463,0.5,0.5,0.0,13.912499999999984,0.6931471803599453,0.2292427113413318,0.00033954558483542674,tail
464,0.25,0.25,0.5,13.837499999999984,1.0397207705399178,0.22874488126103543,0.0004978300802963853,tail
465,0.5,0.0,0.5,13.856249999999985,0.6931471803599453,0.22878356353836413,3.868227732869989e-05,tail
466,0.25,0.25,0.5,13.874999999999984,1.0397207705399178,0.22949648732674038,0.0007129237883762574,tail
467,0.0,0.0,1.0,13.818749999999985,-1.000000082690371e-10,0.2300355887038193,0.0005391013770789099,tail
468,0.5,0.25,0.25,13.837499999999986,1.0397207705399178,0.23014824748477386,0.0001126587809545665,tail
469,0.25,0.25,0.5,13.856249999999987,1.0397207705399178,0.2301688154241365,2.056793936264234e-05,tail
470,0.25,0.5,0.25,13.931249999999988,1.0397207705399178,0.2347672195873706,0.004598404163234093,tail
471,0.25,0.25,0.5,13.87499999999999,1.0397207705399178,0.23538472690132148,0.0006175073139508824,tail
472,0.5,0.25,0.25,13.893749999999988,1.0397207705399178,0.23539182745339143,7.1005520699551905e-06,tail
473,0.25,0.5,0.25,13.912499999999987,1.0397207705399178,0.23473920718836816,0.0006526202650232737,tail
474,0.0,0.25,0.75,13.912499999999987,0.5623351444188083,0.23473920718836816,0.0,tail
475,0.25,0.25,0.5,13.931249999999988,1.0397207705399178,0.23569161707658093,0.0009524098882127685,tail
476,0.5,0.25,0.25,13.987499999999986,1.0397207705399178,0.23571072769230536,1.911061572443251e-05,tail
477,0.25,0.5,0.25,14.043749999999989,1.0397207705399178,0.2351625731724994,0.0005481545198059712,tail
478,0.25,0.5,0.25,14.099999999999987,1.0397207705399178,0.23298510972020117,0.0021774634522982173,tail
479,0.5,0.25,0.25,14.043749999999989,1.0397207705399178,0.2335903549581172,0.0006052452379160245,tail
480,0.75,0.0,0.25,14.118749999999988,0.5623351444188083,0.23804704049102288,0.00445668553290568,tail
481,0.25,0.5,0.25,14.06249999999999,1.0397207705399178,0.23872765956139164,0.0006806190703687598,tail
482,0.5,0.5,0.0,14.118749999999988,0.6931471803599453,0.23670164115196726,0.002026018409424374,tail
483,0.25,0.25,0.5,14.062499999999988,1.0397207705399178,0.23662051784048058,8.112331148668606e-05,tail
484,0.25,0.5,0.25,14.118749999999988,1.0397207705399178,0.2360874273851684,0.0005330904553121629,tail
485,0.25,0.25,0.5,14.17499999999999,1.0397207705399178,0.23657160635174965,0.0004841789665812335,tail
486,0.0,0.5,0.5,14.24999999999999,0.6931471803599453,0.2368536928292383,0.0002820864774886467,tail
487,0.25,0.0,0.75,14.306249999999991,0.5623351444188083,0.2385361115100755,0.001682418680837211,tail
488,0.5,0.0,0.5,14.36249999999999,0.6931471803599453,0.23920600458006827,0.0006698930699927663,tail
489,0.0,0.25,0.75,14.38124999999999,0.5623351444188083,0.23928769403750091,8.168945743264322e-05,tail
490,0.25,0.25,0.5,14.38124999999999,1.0397207705399178,0.23928769403750091,0.0,tail
491,0.25,0.25,0.5,14.45624999999999,1.0397207705399178,0.2354585687070077,0.003829125330493205,tail
492,0.25,0.0,0.75,14.531249999999991,0.5623351444188083,0.23995847404870838,0.004499905341700666,tail
493,0.25,0.25,0.5,14.531249999999991,1.0397207705399178,0.23995847404870838,0.0,tail
494,0.25,0.5,0.25,14.58749999999999,1.0397207705399178,0.24570732742871074,0.005748853380002361,tail
495,0.25,0.5,0.25,14.60624999999999,1.0397207705399178,0.24507547123766,0.0006318561910507448,tail
496,0.5,0.5,0.0,14.53124999999999,0.6931471803599453,0.24620880501083042,0.0011333337731704307,tail
497,0.75,0.0,0.25,14.58749999999999,0.5623351444188083,0.2463812532517919,0.00017244824096146472,tail
498,0.75,0.25,0.0,14.643749999999988,0.5623351444188083,0.24660971957702946,0.0002284663252375696,tail
499,0.5,0.5,0.0,14.587499999999988,0.6931471803599453,0.2463992950049241,0.00021042457210534993,tail
500,0.0,0.75,0.25,14.512499999999985,0.5623351444188083,0.24613227531943802,0.0002670196854860918,tail
501,0.25,0.0,0.75,14.53124999999999,0.5623351444188083,0.24919220260292496,0.003059927283486946,tail
502,0.25,0.5,0.25,14.606249999999989,1.0397207705399178,0.2529910523874258,0.003798849784500846,tail
503,0.0,0.0,1.0,14.662499999999989,-1.000000082690371e-10,0.25249739310653724,0.0004936592808885698,tail
504,0.0,1.0,0.0,14.71874999999999,-1.000000082690371e-10,0.2542659470059788,0.0017685538994415828,tail
505,0.5,0.0,0.5,14.71874999999999,0.6931471803599453,0.2542659470059788,0.0,tail
506,0.25,0.0,0.75,14.774999999999988,0.5623351444188083,0.25434431811701574,7.83711110369234e-05,tail
507,0.75,0.0,0.25,14.71874999999999,0.5623351444188083,0.2542743349845737,6.998313244205301e-05,tail
508,0.25,0.5,0.25,14.774999999999988,1.0397207705399178,0.2603395899142534,0.0060652549296796865,tail
509,0.5,0.25,0.25,14.71874999999999,1.0397207705399178,0.2607313892690313,0.00039179935477789973,tail
510,0.75,0.0,0.25,14.774999999999988,0.5623351444188083,0.26018606738374966,0.0005453218852816133,tail
511,0.25,0.25,0.5,14.831249999999988,1.0397207705399178,0.2655330170269022,0.005346949643152521,tail
512,0.5,0.0,0.5,14.756249999999987,0.6931471803599453,0.26653484236382524,0.0010018253369230568,tail
513,0.25,0.25,0.5,14.774999999999988,1.0397207705399178,0.269074453361373,0.0025396109975477366,tail
514,0.5,0.25,0.25,14.831249999999988,1.0397207705399178,0.2666488925794167,0.002425560781956271,tail
515,0.5,0.25,0.25,14.90624999999999,1.0397207705399178,0.2705949167973387,0.003946024217922006,tail
516,0.0,0.75,0.25,14.849999999999989,0.5623351444188083,0.2712861707712387,0.0006912539738999635,tail
517,0.25,0.5,0.25,14.90624999999999,1.0397207705399178,0.27069753576927635,0.0005886350019623232,tail
518,0.25,0.25,0.5,14.92499999999999,1.0397207705399178,0.27084824857003004,0.00015071280075368287,tail
519,0.25,0.25,0.5,14.943749999999989,1.0397207705399178,0.2708640776498365,1.5829079806461976e-05,tail
520,0.25,0.25,0.5,14.999999999999991,1.0397207705399178,0.27018774485999525,0.0006763327898412497,tail
521,0.0,0.25,0.75,15.056249999999991,0.5623351444188083,0.27196863496522294,0.0017808901052276949,tail
522,0.0,0.5,0.5,15.11249999999999,0.6931471803599453,0.2718883454862958,8.028947892713134e-05,tail
523,0.25,0.25,0.5,15.16874999999999,1.0397207705399178,0.26967342604588607,0.002214919440409746,tail
524,0.25,0.0,0.75,15.187499999999993,0.5623351444188083,0.270738942731807,0.0010655166859209197,tail
525,0.5,0.0,0.5,15.20624999999999,0.6931471803599453,0.2707261596497557,1.2783082051270878e-05,tail
526,0.25,0.25,0.5,15.13124999999999,1.0397207705399178,0.27213840234119796,0.0014122426914422448,tail
527,0.0,0.0,1.0,15.20624999999999,-1.000000082690371e-10,0.2759437940366601,0.0038053916954621236,tail
528,0.75,0.0,0.25,15.262499999999992,0.5623351444188083,0.2763824271223375,0.0004386330856774312,tail
529,0.5,0.25,0.25,15.337499999999991,1.0397207705399178,0.27481073720911986,0.0015716899132176554,tail
530,0.0,0.25,0.75,15.41249999999999,0.5623351444188083,0.2746913810582534,0.00011935615086644535,tail
531,0.0,0.0,1.0,15.41249999999999,-1.000000082690371e-10,0.2746913810582534,0.0,tail
532,0.5,0.0,0.5,15.487499999999992,0.6931471803599453,0.2786415636133991,0.003950182555145676,tail
533,0.0,0.25,0.75,15.543749999999992,0.5623351444188083,0.2804900697888773,0.001848506175478215,tail
534,0.25,0.75,0.0,15.562499999999993,0.5623351444188083,0.28047909598103327,1.0973807844039118e-05,tail
535,0.0,0.25,0.75,15.581249999999995,0.5623351444188083,0.28062855049287444,0.00014945451184117386,tail
536,0.5,0.5,0.0,15.599999999999994,0.6931471803599453,0.2806175821004453,1.0968392429144824e-05,tail
537,0.0,0.25,0.75,15.656249999999995,0.5623351444188083,0.2805742208785028,4.336122194248393e-05,tail
538,0.25,0.25,0.5,15.712499999999995,1.0397207705399178,0.28058592609178806,1.1705213285251315e-05,tail
539,0.5,0.0,0.5,15.768749999999994,0.6931471803599453,0.2784062007770067,0.002179725314781389,tail
540,0.25,0.25,0.5,15.824999999999994,1.0397207705399178,0.2784852285787245,7.902780171781254e-05,tail
541,0.25,0.25,0.5,15.843749999999993,1.0397207705399178,0.2784351892637101,5.003931501440517e-05,tail
542,0.5,0.0,0.5,15.899999999999995,0.6931471803599453,0.27795572274335356,0.0004794665203565196,tail
543,0.0,0.5,0.5,15.956249999999995,0.6931471803599453,0.27859759443887255,0.0006418716955189918,tail
544,0.0,1.0,0.0,16.012499999999996,-1.000000082690371e-10,0.27873681043760656,0.00013921599873401025,tail
545,0.5,0.25,0.25,16.031249999999996,1.0397207705399178,0.2787614992192674,2.4688781660842096e-05,tail
546,0.25,0.75,0.0,16.087499999999995,0.5623351444188083,0.2783360286055968,0.0004254706136705977,tail
547,0.25,0.5,0.25,16.143749999999997,1.0397207705399178,0.27857519308323975,0.00023916447764293913,tail
548,0.0,0.5,0.5,16.199999999999996,0.6931471803599453,0.27920148239705095,0.0006262893138112013,tail
549,0.5,0.25,0.25,16.218749999999996,1.0397207705399178,0.27930223414494,0.00010075174788903851,tail
550,0.75,0.25,0.0,16.275,0.5623351444188083,0.27993008193623337,0.0006278477912933789,tail
551,0.75,0.25,0.0,16.349999999999998,0.5623351444188083,0.28374620597848876,0.0038161240422553977,tail
552,0.0,0.0,1.0,16.406249999999996,-1.000000082690371e-10,0.28333557276800586,0.00041063321048290247,tail
553,0.5,0.25,0.25,16.424999999999997,1.0397207705399178,0.28336958290445063,3.401013644477313e-05,tail
554,0.5,0.0,0.5,16.44375,0.6931471803599453,0.28415287039796555,0.000783287493514917,tail
555,0.5,0.25,0.25,16.5,1.0397207705399178,0.28592472977193206,0.0017718593739665112,tail
556,0.25,0.5,0.25,16.44375,1.0397207705399178,0.28581033657618315,0.0001143931957489075,tail
557,0.25,0.5,0.25,16.5,1.0397207705399178,0.28595173065719465,0.0001413940810114922,tail
558,0.5,0.0,0.5,16.51875,0.6931471803599453,0.28597660929460333,2.4878637408687343e-05,tail
559,0.5,0.25,0.25,16.5375,1.0397207705399178,0.2860026569514811,2.6047656877747905e-05,tail
560,0.25,0.25,0.5,16.6125,1.0397207705399178,0.28497995442081947,0.0010227025306616122,tail
561,0.25,0.25,0.5,16.6875,1.0397207705399178,0.2855218147777206,0.0005418603569011249,tail
562,0.0,0.5,0.5,16.74375,0.6931471803599453,0.28345680681633584,0.002065007961384757,tail
563,0.5,0.0,0.5,16.8,0.6931471803599453,0.28982825199457446,0.006371445178238622,tail
564,0.5,0.25,0.25,16.818749999999998,1.0397207705399178,0.2896768621356462,0.00015138985892826362,tail
565,0.25,0.0,0.75,16.89375,0.5623351444188083,0.29344242776817997,0.003765565632533774,tail
566,0.25,0.25,0.5,16.9125,1.0397207705399178,0.2935464888908188,0.00010406112263883216,tail
567,0.5,0.0,0.5,16.9875,0.6931471803599453,0.2973634709372639,0.0038169820464450943,tail
568,0.25,0.25,0.5,17.00625,1.0397207705399178,0.2974751686250486,0.00011169768778468425,tail
569,0.5,0.25,0.25,17.025000000000002,1.0397207705399178,0.29684187297116565,0.000633295653882926,tail
570,0.0,0.5,0.5,17.043750000000003,0.6931471803599453,0.29980762374631026,0.0029657507751446044,tail
571,0.0,0.25,0.75,17.118750000000002,0.5623351444188083,0.29873971261751403,0.0010679111287962284,tail
572,0.5,0.0,0.5,17.137500000000003,0.6931471803599453,0.29952969632159276,0.0007899837040787339,tail
573,0.25,0.0,0.75,17.0625,0.5623351444188083,0.29886185622787603,0.0006678400937167317,tail
574,0.25,0.0,0.75,17.137500000000003,0.5623351444188083,0.2977153941835346,0.0011464620443414342,tail
575,0.5,0.0,0.5,17.156250000000004,0.6931471803599453,0.3007066097909743,0.002991215607439701,tail
576,0.75,0.0,0.25,17.212500000000002,0.5623351444188083,0.3022338494162618,0.001527239625287502,tail
577,0.5,0.5,0.0,17.268750000000004,0.6931471803599453,0.3026593684121791,0.0004255189959173067,tail
578,0.5,0.0,0.5,17.343750000000004,0.6931471803599453,0.30155619468192807,0.0011031737302510392,tail
579,0.25,0.0,0.75,17.362500000000004,0.5623351444188083,0.301664413781795,0.00010821909986691303,tail
580,0.75,0.0,0.25,17.38125,0.5623351444188083,0.30248989947149424,0.0008254856896992568,tail
581,0.25,0.25,0.5,17.437500000000004,1.0397207705399178,0.30407670657742214,0.001586807105927901,tail
582,0.25,0.0,0.75,17.512500000000006,0.5623351444188083,0.30735296746244645,0.003276260885024307,tail
583,0.25,0.25,0.5,17.531250000000007,1.0397207705399178,0.30736690656203547,1.3939099589022064e-05,tail
584,0.0,0.75,0.25,17.606250000000006,0.5623351444188083,0.3076190710185012,0.00025216445646575325,tail
585,0.25,0.75,0.0,17.681250000000006,0.5623351444188083,0.3114924651970173,0.0038733941785160653,tail
586,0.5,0.25,0.25,17.681250000000006,1.0397207705399178,0.3114924651970173,0.0,tail
587,0.25,0.25,0.5,17.737500000000004,1.0397207705399178,0.31165392239224665,0.0001614571952293642,tail
588,0.0,0.5,0.5,17.793750000000006,0.6931471803599453,0.31215922386703615,0.000505301474789499,tail
589,1.0,0.0,0.0,17.85000000000001,-1.000000082690371e-10,0.31004496290247324,0.0021142609645629085,tail
590,0.5,0.25,0.25,17.868750000000006,1.0397207705399178,0.3100759332510174,3.0970348544157034e-05,tail
591,0.5,0.5,0.0,17.88750000000001,0.6931471803599453,0.3101828107608617,0.00010687750984428313,tail
592,0.75,0.0,0.25,17.812500000000007,0.5623351444188083,0.31141996709817804,0.0012371563373163585,tail
593,0.5,0.25,0.25,17.868750000000006,1.0397207705399178,0.31157661614177506,0.00015664904359702359,tail
594,0.5,0.25,0.25,17.94375000000001,1.0397207705399178,0.31196740067053425,0.00039078452875918046,tail
595,0.0,0.0,1.0,18.018750000000008,-1.000000082690371e-10,0.3081436847751118,0.0038237158954224637,tail
596,0.25,0.25,0.5,18.075000000000006,1.0397207705399178,0.3077349359180181,0.00040874885709368813,tail
597,0.5,0.25,0.25,18.093750000000007,1.0397207705399178,0.30712234221580204,0.0006125937022160577,tail
598,0.25,0.5,0.25,18.16875000000001,1.0397207705399178,0.3118178468755544,0.004695504659752381,tail
599,0.25,0.25,0.5,18.22500000000001,1.0397207705399178,0.3121480307316713,0.0003301838561168835,tail
600,0.5,0.25,0.25,18.24375000000001,1.0397207705399178,0.31219946300394846,5.143227227716318e-05,tail
601,0.25,0.0,0.75,18.30000000000001,0.5623351444188083,0.31281076781146816,0.000611304807519697,tail
602,0.25,0.25,0.5,18.35625000000001,1.0397207705399178,0.31478206962703,0.001971301815561821,tail
603,0.5,0.25,0.25,18.37500000000001,1.0397207705399178,0.3148724352663638,9.036563933384478e-05,tail
604,0.0,0.25,0.75,18.43125000000001,0.5623351444188083,0.31662045955440854,0.0017480242880447139,tail
605,0.5,0.0,0.5,18.506250000000012,0.6931471803599453,0.3204160264268537,0.003795566872445144,tail
606,0.25,0.25,0.5,18.58125000000001,1.0397207705399178,0.32095301170256185,0.0005369852757081683,tail
607,0.5,0.25,0.25,18.637500000000014,1.0397207705399178,0.32269642373106516,0.0017434120285033106,tail
608,0.5,0.0,0.5,18.712500000000013,0.6931471803599453,0.3233491318313532,0.0006527081002880575,tail
609,0.5,0.25,0.25,18.768750000000015,1.0397207705399178,0.32226861411437113,0.0010805177169820879,tail
610,0.25,0.0,0.75,18.712500000000013,0.5623351444188083,0.3218337576897601,0.000434856424611052,tail
611,0.0,0.25,0.75,18.768750000000015,0.5623351444188083,0.32155739089744056,0.00027636679231951566,tail
612,0.0,0.25,0.75,18.787500000000016,0.5623351444188083,0.3243567776010982,0.002799386703657647,tail
613,0.5,0.25,0.25,18.862500000000015,1.0397207705399178,0.3280135872886939,0.0036568096875956857,tail
614,0.25,0.25,0.5,18.918750000000017,1.0397207705399178,0.32600050220444177,0.002013085084252131,tail
615,0.75,0.25,0.0,18.86250000000002,0.5623351444188083,0.3263568623648717,0.0003563601604299471,tail
616,0.5,0.25,0.25,18.881250000000016,1.0397207705399178,0.32575597379506693,0.0006008885698047806,tail
617,0.25,0.25,0.5,18.937500000000018,1.0397207705399178,0.32374001145552417,0.002015962339542765,tail
618,0.5,0.25,0.25,18.956250000000015,1.0397207705399178,0.3231422351190749,0.0005977763364492517,tail
619,0.5,0.25,0.25,19.012500000000017,1.0397207705399178,0.32113686867409363,0.0020053664449812825,tail
620,0.75,0.0,0.25,19.031250000000014,0.5623351444188083,0.3205422807873099,0.0005945878867837373,tail
621,0.25,0.0,0.75,19.106250000000017,0.5623351444188083,0.3214635867825487,0.0009213059952388192,tail
622,0.75,0.0,0.25,19.05000000000002,0.5623351444188083,0.3209954601179976,0.000468126664551094,tail
623,0.5,0.5,0.0,19.106250000000017,0.6931471803599453,0.3207732907443386,0.00022216937365904244,tail
624,0.0,0.25,0.75,19.16250000000002,0.5623351444188083,0.32135952904425974,0.0005862382999211602,tail
625,0.5,0.5,0.0,19.23750000000002,0.6931471803599453,0.3208698772219577,0.0004896518223020396,tail
626,0.25,0.5,0.25,19.29375000000002,1.0397207705399178,0.3214486877429361,0.0005788105209784122,tail
627,0.5,0.25,0.25,19.312500000000018,1.0397207705399178,0.321135336902223,0.00031335084071310026,tail
628,0.5,0.5,0.0,19.36875000000002,0.6931471803599453,0.32320468856170886,0.002069351659485852,tail
629,0.25,0.25,0.5,19.42500000000002,1.0397207705399178,0.3252837074383885,0.0020790188766796613,tail
630,0.25,0.25,0.5,19.48125000000002,1.0397207705399178,0.32587181980509544,0.0005881123667069166,tail
631,0.25,0.25,0.5,19.53750000000002,1.0397207705399178,0.3238966298937212,0.001975189911374242,tail
632,0.25,0.25,0.5,19.46250000000002,1.0397207705399178,0.32454371785235964,0.000647087958638437,tail
633,0.5,0.25,0.25,19.481250000000017,1.0397207705399178,0.32807126534946934,0.0035275474971097065,tail
634,0.25,0.25,0.5,19.406250000000018,1.0397207705399178,0.32741744182911775,0.000653823520351593,tail
635,0.0,0.25,0.75,19.462500000000016,0.5623351444188083,0.3279611283964507,0.0005436865673329461,tail
636,0.25,0.25,0.5,19.462500000000016,1.0397207705399178,0.3279611283964507,0.0,tail
637,0.25,0.0,0.75,19.40625000000002,0.5623351444188083,0.32838885126160844,0.0004277228651577425,tail
638,0.75,0.0,0.25,19.42500000000002,0.5623351444188083,0.3284381357407163,4.928447910784728e-05,tail
639,0.5,0.0,0.5,19.50000000000002,0.6931471803599453,0.32764343169781834,0.0007947040428979424,tail
640,0.0,0.5,0.5,19.51875000000002,0.6931471803599453,0.3274361621175135,0.00020726958030486964,tail
641,0.25,0.5,0.25,19.575000000000017,1.0397207705399178,0.3278185369018263,0.00038237478431280003,tail
642,0.25,0.25,0.5,19.63125000000002,1.0397207705399178,0.3275444889534718,0.00027404794835445,tail
643,0.25,0.5,0.25,19.68750000000002,1.0397207705399178,0.3280253129662236,0.00048082401275179043,tail
644,0.25,0.0,0.75,19.70625000000002,0.5623351444188083,0.328563231950373,0.0005379189841493992,tail
645,0.5,0.5,0.0,19.72500000000002,0.6931471803599453,0.32862214246090143,5.8910510528420446e-05,tail
646,0.25,0.75,0.0,19.74375000000002,0.5623351444188083,0.32921340149560085,0.0005912590346994206,tail
647,0.25,0.0,0.75,19.76250000000002,0.5623351444188083,0.32963759682533805,0.0004241953297371981,tail
648,0.75,0.25,0.0,19.70625000000002,0.5623351444188083,0.32909822029321145,0.0005393765321266009,tail
649,0.25,0.5,0.25,19.78125000000002,1.0397207705399178,0.3281972864963159,0.0009009337968955422,tail
650,0.5,0.0,0.5,19.70625000000002,0.6931471803599453,0.3291545483889887,0.0009572618926728116,tail
651,0.5,0.5,0.0,19.762500000000017,0.6931471803599453,0.32957819711598285,0.00042364872699413025,tail
652,0.25,0.25,0.5,19.781250000000018,1.0397207705399178,0.3308996833546132,0.001321486238630376,tail
653,0.25,0.0,0.75,19.725000000000023,0.5623351444188083,0.32972034915562665,0.0011793341989865813,tail
654,0.5,0.0,0.5,19.74375000000002,0.6931471803599453,0.32974362547114044,2.3276315513798274e-05,tail
655,0.5,0.5,0.0,19.76250000000002,0.6931471803599453,0.32928323089296296,0.000460394578177481,tail
656,0.5,0.0,0.5,19.78125000000002,0.6931471803599453,0.32921681278328324,6.641810967972228e-05,tail
657,0.75,0.25,0.0,19.800000000000022,0.5623351444188083,0.3289866200125901,0.00023019277069313837,tail
658,0.5,0.25,0.25,19.818750000000023,1.0397207705399178,0.32900047365292917,1.3853640339067663e-05,tail
659,0.25,0.25,0.5,19.837500000000023,1.0397207705399178,0.3289866200125901,1.3853640339067663e-05,tail
660,0.5,0.25,0.25,19.893750000000026,1.0397207705399178,0.3291049576084916,0.00011833759590151871,tail
661,0.25,0.5,0.25,19.950000000000024,1.0397207705399178,0.32925751139373355,0.00015255378524192675,tail
662,0.25,0.5,0.25,19.968750000000025,1.0397207705399178,0.3292850139612915,2.7502567557957658e-05,tail
663,0.5,0.0,0.5,20.02500000000002,0.6931471803599453,0.3326708044239205,0.0033857904626289903,tail
664,0.0,0.25,0.75,19.968750000000025,0.5623351444188083,0.3323357954132136,0.00033500901070687705,tail
665,0.25,0.25,0.5,19.987500000000026,1.0397207705399178,0.3318857532021499,0.0004500422110637059,tail
666,0.25,0.5,0.25,20.006250000000026,1.0397207705399178,0.3318957784570358,1.0025254885859258e-05,tail
667,0.0,0.25,0.75,20.062500000000025,0.5623351444188083,0.331413722122557,0.0004820563344787865,tail
668,0.25,0.5,0.25,20.118750000000027,1.0397207705399178,0.3329859097156866,0.0015721875931296037,tail
669,0.25,0.75,0.0,20.137500000000024,0.5623351444188083,0.3325637052089545,0.0004222045067320823,tail
670,0.25,0.75,0.0,20.15625000000003,0.5623351444188083,0.3339421773120811,0.0013784721031265823,tail
671,0.5,0.5,0.0,20.175000000000026,0.6931471803599453,0.333762062128185,0.00018011518389610126,tail
672,0.5,0.0,0.5,20.231250000000028,0.6931471803599453,0.33399895743727015,0.0002368953090851611,tail
673,0.25,0.0,0.75,20.25000000000003,0.5623351444188083,0.33395095900791844,4.799842935171439e-05,tail
674,0.0,0.25,0.75,20.25000000000003,0.5623351444188083,0.33395095900791844,0.0,tail
675,0.25,0.5,0.25,20.175000000000026,1.0397207705399178,0.3334848092826844,0.00046614972523401077,tail
676,0.25,0.0,0.75,20.231250000000024,0.5623351444188083,0.3334373315926711,4.747769001334223e-05,tail
677,0.75,0.0,0.25,20.15625000000002,0.5623351444188083,0.33332363750442817,0.0001136940882429105,tail
678,0.5,0.0,0.5,20.21250000000002,0.6931471803599453,0.33324721737489743,7.642012953074095e-05,tail
679,0.5,0.0,0.5,20.287500000000023,0.6931471803599453,0.3318951248941042,0.00135209248079321,tail
680,0.25,0.5,0.25,20.362500000000026,1.0397207705399178,0.32793308268014376,0.003962042213960459,tail
681,0.5,0.25,0.25,20.381250000000023,1.0397207705399178,0.32794024793706,7.165256916241702e-06,tail
682,0.0,0.5,0.5,20.437500000000025,0.6931471803599453,0.32745180489641684,0.0004884430406431606,tail
683,0.0,0.75,0.25,20.456250000000026,0.5623351444188083,0.3275768387590784,0.00012503386266154992,tail
684,0.25,0.0,0.75,20.400000000000027,0.5623351444188083,0.3282187890321671,0.0006419502730887205,tail
685,0.0,0.25,0.75,20.475000000000026,0.5623351444188083,0.3242734691951705,0.003945319836996586,tail
686,0.5,0.5,0.0,20.493750000000027,0.6931471803599453,0.3242838351849959,1.036598982540049e-05,tail
687,0.25,0.5,0.25,20.568750000000026,1.0397207705399178,0.32448872850926613,0.00020489332427020557,tail
688,0.25,0.25,0.5,20.625000000000025,1.0397207705399178,0.33222859845451375,0.007739869945247613,tail
689,0.5,0.0,0.5,20.643750000000026,0.6931471803599453,0.33509498238701657,0.002866383932502825,tail
690,0.25,0.0,0.75,20.700000000000024,0.5623351444188083,0.33518175295955094,8.677057253436704e-05,tail
691,0.75,0.0,0.25,20.718750000000025,0.5623351444188083,0.33454971811285816,0.000632034846692775,tail
692,0.25,0.0,0.75,20.775000000000027,0.5623351444188083,0.3340992724369787,0.00045044567587948503,tail
693,0.25,0.0,0.75,20.831250000000026,0.5623351444188083,0.33601989604004606,0.001920623603067384,tail
694,0.5,0.0,0.5,20.887500000000024,0.6931471803599453,0.3370956549257572,0.0010757588857111533,tail
695,0.5,0.0,0.5,20.83125000000003,0.6931471803599453,0.33696186810386924,0.0001337868218879712,tail
696,0.25,0.0,0.75,20.775000000000027,0.5623351444188083,0.3364767196494557,0.00048514845441355314,tail
697,0.25,0.5,0.25,20.700000000000024,1.0397207705399178,0.33615540731343063,0.00032131233602505915,tail
698,0.25,0.5,0.25,20.643750000000026,1.0397207705399178,0.3360412032592632,0.00011420405416745494,tail
699,0.5,0.25,0.25,20.71875000000003,1.0397207705399178,0.33450054430567727,0.001540658953585905,tail
700,0.25,0.5,0.25,20.775000000000027,1.0397207705399178,0.3322039972909005,0.002296547014776773,tail
701,0.75,0.0,0.25,20.71875000000003,0.5623351444188083,0.3323528213112186,0.00014882402031812791,tail
702,0.5,0.25,0.25,20.643750000000026,1.0397207705399178,0.3325878769752015,0.00023505566398285271,tail
703,0.75,0.25,0.0,20.700000000000024,0.5623351444188083,0.3324263381103462,0.0001615388648552596,tail
704,0.25,0.5,0.25,20.775000000000027,1.0397207705399178,0.3363045126539484,0.0038781745436021753,tail
705,0.0,0.75,0.25,20.831250000000026,0.5623351444188083,0.3340878607340349,0.0022166519199134926,tail
706,0.5,0.0,0.5,20.850000000000026,0.6931471803599453,0.3374983873105383,0.00341052657650337,tail
707,0.5,0.25,0.25,20.92500000000003,1.0397207705399178,0.3407695175863863,0.003271130275848022,tail
708,0.5,0.25,0.25,21.000000000000025,1.0397207705399178,0.3404786559511904,0.0002908616351958715,tail
709,0.5,0.5,0.0,21.07500000000003,0.6931471803599453,0.3430143333245106,0.0025356773733201665,tail
710,0.0,0.25,0.75,21.09375000000003,0.5623351444188083,0.34299158828257265,2.27450419379438e-05,tail
711,0.5,0.5,0.0,21.150000000000027,0.6931471803599453,0.3428596867683711,0.00013190151420156004,tail
712,0.75,0.0,0.25,21.20625000000003,0.5623351444188083,0.3406696730851818,0.0021900136831892736,tail
713,0.5,0.25,0.25,21.262500000000028,1.0397207705399178,0.34132018031568867,0.0006505072305068582,tail
714,0.0,0.25,0.75,21.206250000000026,0.5623351444188083,0.3419298745482472,0.000609694232558522,tail
715,0.5,0.5,0.0,21.262500000000024,0.6931471803599453,0.34313271970887366,0.0012028451606264645,tail
716,0.25,0.25,0.5,21.337500000000027,1.0397207705399178,0.345170203790548,0.002037484081674368,tail
717,0.0,0.5,0.5,21.356250000000024,0.6931471803599453,0.34676588775848965,0.0015956839679416301,tail
718,0.25,0.75,0.0,21.431250000000027,0.5623351444188083,0.3463877128020047,0.0003781749564849557,tail
719,0.75,0.25,0.0,21.487500000000026,0.5623351444188083,0.34609260904780753,0.00029510375419716794,tail
720,0.5,0.0,0.5,21.543750000000028,0.6931471803599453,0.34555436338374346,0.0005382456640640743,tail
721,0.5,0.25,0.25,21.56250000000003,1.0397207705399178,0.3455489970341943,5.366349549174032e-06,tail
722,0.25,0.5,0.25,21.618750000000027,1.0397207705399178,0.3460808166334616,0.0005318195992672914,tail
723,0.75,0.0,0.25,21.63750000000003,0.5623351444188083,0.34543715980394185,0.0006436568295197231,tail
724,0.25,0.25,0.5,21.56250000000003,1.0397207705399178,0.3455473121575913,0.00011015235364947307,tail
725,0.25,0.0,0.75,21.618750000000027,0.5623351444188083,0.34336275978041064,0.002184552377180682,tail
726,0.25,0.0,0.75,21.56250000000003,0.5623351444188083,0.3434573472647786,9.458748436796949e-05,tail
727,0.0,0.0,1.0,21.618750000000027,-1.000000082690371e-10,0.3433482029583269,0.00010914430645170281,tail
728,0.0,0.5,0.5,21.618750000000027,0.6931471803599453,0.3433482029583269,0.0,tail
729,0.0,0.0,1.0,21.637500000000028,-1.000000082690371e-10,0.3469938467064685,0.0036456437481415804,tail
730,0.75,0.25,0.0,21.637500000000028,0.5623351444188083,0.3469938467064685,0.0,tail
731,0.25,0.5,0.25,21.656250000000032,1.0397207705399178,0.347010222622272,1.6375915803501506e-05,tail
732,0.5,0.0,0.5,21.71250000000003,0.6931471803599453,0.3481946765308461,0.0011844539085741346,tail
733,0.5,0.5,0.0,21.63750000000003,0.6931471803599453,0.3484586230176295,0.00026394648678335075,tail
734,0.25,0.25,0.5,21.712500000000027,1.0397207705399178,0.34439251914490154,0.004066103872727933,tail
735,0.0,0.25,0.75,21.76875000000003,0.5623351444188083,0.3420327747400161,0.0023597444048854554,tail
736,0.25,0.25,0.5,21.76875000000003,1.0397207705399178,0.3420327747400161,0.0,tail
737,0.25,0.25,0.5,21.825000000000028,1.0397207705399178,0.3414989397126736,0.0005338350273424997,tail
738,0.25,0.25,0.5,21.84375000000003,1.0397207705399178,0.34163582073346094,0.00013688102078734943,tail
739,0.25,0.75,0.0,21.86250000000003,0.5623351444188083,0.34177376701053386,0.00013794627707292006,tail
740,0.0,0.25,0.75,21.91875000000003,0.5623351444188083,0.3424197925570896,0.0006460255465557396,tail
741,0.0,0.25,0.75,21.93750000000003,0.5623351444188083,0.34346129120261804,0.001041498645528438,tail
742,0.5,0.5,0.0,21.956250000000033,0.6931471803599453,0.34455862113622826,0.001097329933610225,tail
743,0.5,0.25,0.25,22.01250000000003,1.0397207705399178,0.34521384268767885,0.000655221551450591,tail
744,0.5,0.5,0.0,22.06875000000003,0.6931471803599453,0.3450794825488049,0.00013436013887396792,tail
745,0.0,0.5,0.5,21.993750000000027,0.6931471803599453,0.3466058638823031,0.0015263813334981946,tail
746,0.5,0.0,0.5,21.918750000000028,0.6931471803599453,0.34682034831692565,0.00021448443462257494,tail
747,0.25,0.5,0.25,21.93750000000003,1.0397207705399178,0.34890134044749455,0.0020809921305688928,tail
748,0.0,0.5,0.5,21.993750000000027,0.6931471803599453,0.3486604009539812,0.00024093949351333688,tail
749,0.5,0.25,0.25,22.050000000000026,1.0397207705399178,0.3498866218063757,0.0012262208523944884,tail
750,0.5,0.25,0.25,22.125000000000025,1.0397207705399178,0.3495165175443765,0.00037010426199918234,tail
751,0.0,0.25,0.75,22.181250000000027,0.5623351444188083,0.3493748816027433,0.00014163594163318916,tail
752,0.5,0.5,0.0,22.237500000000026,0.6931471803599453,0.3492656684183755,0.00010921318436785121,tail
753,0.75,0.25,0.0,22.256250000000026,0.5623351444188083,0.3492539000709627,1.1768347412788316e-05,tail
754,0.25,0.5,0.25,22.312500000000025,1.0397207705399178,0.34863484790060484,0.0006190521703578478,tail
755,0.0,0.75,0.25,22.368750000000027,0.5623351444188083,0.3491683973320021,0.0005335494313972733,tail
756,0.25,0.25,0.5,22.368750000000027,1.0397207705399178,0.3491683973320021,0.0,tail
757,0.25,0.5,0.25,22.387500000000028,1.0397207705399178,0.3514947677152471,0.0023263703832450133,tail
758,0.25,0.25,0.5,22.443750000000026,1.0397207705399178,0.3518277378400983,0.00033297012485117294,tail
759,0.0,0.75,0.25,22.50000000000003,0.5623351444188083,0.35216139975945876,0.00033366191936046175,tail
760,0.25,0.25,0.5,22.556250000000027,1.0397207705399178,0.35249575150883267,0.00033435174937390677,tail
761,0.5,0.0,0.5,22.612500000000026,0.6931471803599453,0.3518729389018521,0.0006228126069805495,tail
762,0.25,0.5,0.25,22.668750000000024,1.0397207705399178,0.34970455096389674,0.002168387937955374,tail
763,0.25,0.0,0.75,22.59375000000003,0.5623351444188083,0.3510969107722358,0.001392359808339072,tail
764,0.75,0.0,0.25,22.668750000000024,0.5623351444188083,0.3497131912999111,0.0013837194723247404,tail
765,0.0,0.0,1.0,22.68750000000003,-1.000000082690371e-10,0.34985111807919583,0.00013792677928475827,tail
766,0.25,0.5,0.25,22.743750000000027,1.0397207705399178,0.34932485318974815,0.0005262648894476807,tail
767,0.75,0.25,0.0,22.800000000000026,0.5623351444188083,0.3554065730045361,0.006081719814787945,tail
768,0.5,0.5,0.0,22.743750000000027,0.6931471803599453,0.35549930753584796,9.27345313118666e-05,tail
769,0.5,0.25,0.25,22.80000000000003,1.0397207705399178,0.3553922457025773,0.00010706183327063856,tail
770,0.75,0.0,0.25,22.818750000000026,0.5623351444188083,0.355441103483467,4.88577808896995e-05,tail
771,0.5,0.25,0.25,22.893750000000033,1.0397207705399178,0.3577627351512919,0.002321631667824897,tail
772,0.25,0.75,0.0,22.837500000000027,0.5623351444188083,0.357208885622588,0.0005538495287039091,tail
773,0.75,0.25,0.0,22.89375000000003,0.5623351444188083,0.356633030402051,0.0005758552205369916,tail
774,0.0,0.5,0.5,22.95000000000003,0.6931471803599453,0.35811681447745675,0.0014837840754057252,tail
775,0.5,0.25,0.25,22.96875000000003,1.0397207705399178,0.3580067997004996,0.00011001477695715689,tail
776,1.0,0.0,0.0,23.025000000000027,-1.000000082690371e-10,0.35971087087267894,0.0017040711721793556,tail
777,0.0,0.75,0.25,23.08125000000003,0.5623351444188083,0.3598515447469882,0.0001406738743092717,tail
778,0.25,0.5,0.25,23.15625000000003,1.0397207705399178,0.35581772097061276,0.004033823776375456,tail
779,0.25,0.0,0.75,23.17500000000003,0.5623351444188083,0.35579703093290416,2.0690037708603892e-05,tail
780,0.25,0.5,0.25,23.23125000000003,1.0397207705399178,0.3581062940813709,0.0023092631484667447,tail
781,0.75,0.0,0.25,23.287500000000026,0.5623351444188083,0.36008611773641197,0.0019798236550410686,tail
782,0.25,0.0,0.75,23.287500000000026,0.5623351444188083,0.36008611773641197,0.0,tail
783,0.5,0.25,0.25,23.306250000000027,1.0397207705399178,0.35970884694332117,0.00037727079309080036,tail
784,0.25,0.25,0.5,23.362500000000026,1.0397207705399178,0.35903795531159294,0.0006708916317282321,tail
785,0.5,0.25,0.25,23.38125000000003,1.0397207705399178,0.3591877294669793,0.00014977415538636185,tail
786,0.0,0.75,0.25,23.437500000000032,0.5623351444188083,0.35892427522368364,0.0002634542432956577,tail
787,0.5,0.25,0.25,23.38125000000003,1.0397207705399178,0.35898695212090304,6.267689721939362e-05,tail
788,0.75,0.25,0.0,23.38125000000003,0.5623351444188083,0.35898695212090304,0.0,tail
789,0.25,0.25,0.5,23.30625000000003,1.0397207705399178,0.3596227379108227,0.000635785789919685,tail
790,0.0,0.25,0.75,23.32500000000003,0.5623351444188083,0.359599681467358,2.305644346473068e-05,tail
791,0.25,0.75,0.0,23.400000000000027,0.5623351444188083,0.35819362888887973,0.0014060525784782563,tail
792,0.25,0.5,0.25,23.343750000000032,1.0397207705399178,0.35828928981138053,9.566092250079539e-05,tail
793,0.0,1.0,0.0,23.362500000000033,-1.000000082690371e-10,0.35827068871000667,1.860110137386073e-05,tail
794,0.75,0.0,0.25,23.418750000000028,0.5623351444188083,0.3581734179259711,9.727078403554135e-05,tail
795,0.75,0.0,0.25,23.47500000000003,0.5623351444188083,0.358114777376859,5.8640549112143336e-05,tail
796,0.25,0.25,0.5,23.55000000000003,1.0397207705399178,0.3568770812770644,0.0012376960997945718,tail
797,0.5,0.0,0.5,23.56875000000003,0.6931471803599453,0.3577962893595559,0.0009192080824914628,tail
798,0.25,0.0,0.75,23.62500000000003,0.5623351444188083,0.3596869986905598,0.001890709331003937,tail
799,0.5,0.5,0.0,23.56875000000003,0.6931471803599453,0.3603605881013076,0.0006735894107477991,tail
800,0.0,0.0,1.0,23.58750000000003,-1.000000082690371e-10,0.3603503650468796,1.0223054427993539e-05,tail
801,0.0,0.75,0.25,23.60625000000003,0.5623351444188083,0.36034107126997533,9.293776904284456e-06,tail
802,0.0,0.25,0.75,23.66250000000003,0.5623351444188083,0.3597513954207187,0.0005896758492566212,tail
803,0.5,0.0,0.5,23.68125000000003,0.6931471803599453,0.35988280898001196,0.0001314135592932475,tail
804,0.5,0.5,0.0,23.737500000000033,0.6931471803599453,0.3577278595267151,0.0021549494532968616,tail
805,0.25,0.5,0.25,23.66250000000003,1.0397207705399178,0.3578217092710469,9.38497443317976e-05,tail
806,0.25,0.25,0.5,23.737500000000033,1.0397207705399178,0.3577244000264627,9.730924458417611e-05,tail
807,0.25,0.25,0.5,23.79375000000003,1.0397207705399178,0.3635137871989547,0.005789387172492,tail
808,0.75,0.25,0.0,23.812500000000032,0.5623351444188083,0.3635041793830245,9.607815930234853e-06,tail
809,0.5,0.25,0.25,23.831250000000033,1.0397207705399178,0.3635137871989547,9.607815930234853e-06,tail
810,0.25,0.5,0.25,23.906250000000036,1.0397207705399178,0.35954137336147307,0.0039724138374816476,tail
811,0.25,0.0,0.75,23.925000000000033,0.5623351444188083,0.35890055685566696,0.0006408165058061077,tail
812,0.0,0.0,1.0,23.981250000000035,-1.000000082690371e-10,0.35954137336147307,0.0006408165058061077,tail
813,0.0,0.25,0.75,24.037500000000033,0.5623351444188083,0.3595661895397102,2.4816178237130337e-05,tail
814,0.5,0.25,0.25,24.056250000000038,1.0397207705399178,0.3595759251304666,9.73559075639896e-06,tail
815,0.5,0.5,0.0,24.112500000000036,0.6931471803599453,0.359074287491066,0.0005016376394005873,tail
816,0.5,0.0,0.5,24.187500000000036,0.6931471803599453,0.3593135325671103,0.00023924507604428102,tail
817,1.0,0.0,0.0,24.131250000000037,-1.000000082690371e-10,0.3591800017178918,0.00013353084921852165,tail
818,0.25,0.25,0.5,24.150000000000038,1.0397207705399178,0.3592005385025388,2.053678464702946e-05,tail
819,0.5,0.25,0.25,24.20625000000004,1.0397207705399178,0.3596815150710994,0.00048097656856060933,tail
820,0.5,0.5,0.0,24.26250000000004,0.6931471803599453,0.36593366451070003,0.006252149439600618,tail
821,0.25,0.5,0.25,24.28125000000004,1.0397207705399178,0.36575136444315426,0.00018230006754577088,tail
822,0.25,0.25,0.5,24.337500000000038,1.0397207705399178,0.36536085113887495,0.0003905133042793052,tail
823,0.0,0.25,0.75,24.39375000000004,0.5623351444188083,0.36498552453873734,0.00037532660013761543,tail
824,0.0,0.25,0.75,24.412500000000037,0.5623351444188083,0.36488844729020425,9.707724853308397e-05,tail
825,0.25,0.25,0.5,24.48750000000004,1.0397207705399178,0.3682935360718943,0.0034050887816900466,tail
826,0.25,0.25,0.5,24.543750000000042,1.0397207705399178,0.36790220939926255,0.00039132667263175325,tail
827,1.0,0.0,0.0,24.48750000000004,-1.000000082690371e-10,0.3677762605609458,0.0001259488383167362,tail
828,0.5,0.25,0.25,24.41250000000004,1.0397207705399178,0.3681033857157592,0.000327125154813368,tail
829,0.5,0.25,0.25,24.43125000000004,1.0397207705399178,0.3700694784451715,0.0019660927294123387,tail
830,0.25,0.25,0.5,24.48750000000004,1.0397207705399178,0.3724863416106436,0.002416863165472072,tail
831,0.75,0.25,0.0,24.50625000000004,0.5623351444188083,0.3733157561475856,0.0008294145369420192,tail
832,0.5,0.25,0.25,24.50625000000004,1.0397207705399178,0.3733157561475856,0.0,tail
833,0.25,0.75,0.0,24.58125000000004,0.5623351444188083,0.36939518315480346,0.003920572992782145,tail
834,0.5,0.5,0.0,24.60000000000004,0.6931471803599453,0.36951419481636333,0.00011901166155986465,tail
835,0.25,0.5,0.25,24.65625000000004,1.0397207705399178,0.3695573273859943,4.31325696309548e-05,tail
836,0.25,0.25,0.5,24.712500000000038,1.0397207705399178,0.36983983396685605,0.0002825065808617633,tail
837,0.75,0.0,0.25,24.76875000000004,0.5623351444188083,0.3703748663846661,0.0005350324178100552,tail
838,0.25,0.0,0.75,24.825000000000045,0.5623351444188083,0.3700635547517188,0.0003113116329472865,tail
839,0.0,0.25,0.75,24.881250000000044,0.5623351444188083,0.37090890683064764,0.0008453520789288294,tail
840,0.5,0.0,0.5,24.900000000000045,0.6931471803599453,0.37139844086480983,0.0004895340341621868,tail
841,0.5,0.0,0.5,24.956250000000047,0.6931471803599453,0.37348794268988655,0.0020895018250767228,tail
842,0.0,0.75,0.25,25.012500000000045,0.5623351444188083,0.3775564119529342,0.004068469263047658,tail
843,0.5,0.25,0.25,25.068750000000044,1.0397207705399178,0.37836690642827286,0.0008104944753386523,tail
844,0.25,0.5,0.25,25.125000000000043,1.0397207705399178,0.3794223792164928,0.0010554727882199355,tail
845,0.25,0.5,0.25,25.068750000000044,1.0397207705399178,0.37831936784356646,0.0011030113729263435,tail
846,0.5,0.25,0.25,25.143750000000043,1.0397207705399178,0.3746501131195385,0.0036692547240279594,tail
847,0.25,0.25,0.5,25.162500000000048,1.0397207705399178,0.3740588468919518,0.0005912662275867064,tail
848,0.5,0.0,0.5,25.237500000000047,0.6931471803599453,0.3748430310633716,0.0007841841714197884,tail
849,0.75,0.0,0.25,25.312500000000043,0.5623351444188083,0.37917795266082205,0.0043349215974504696,tail
850,0.25,0.25,0.5,25.38750000000005,1.0397207705399178,0.38145918724735617,0.00228123458653412,tail
851,0.25,0.5,0.25,25.406250000000046,1.0397207705399178,0.3813992368112637,5.995043609247075e-05,tail
852,0.5,0.0,0.5,25.35000000000005,0.6931471803599453,0.3811125269422982,0.00028670986896550676,tail
853,0.5,0.25,0.25,25.35000000000005,1.0397207705399178,0.3811125269422982,0.0,tail
854,0.75,0.0,0.25,25.36875000000005,0.5623351444188083,0.3829279778396589,0.001815450897360682,tail
855,0.25,0.5,0.25,25.31250000000005,1.0397207705399178,0.3826416795465493,0.0002862982931095548,tail
856,0.25,0.0,0.75,25.33125000000005,0.5623351444188083,0.38232720150219973,0.0003144780443495865,tail
857,0.5,0.0,0.5,25.38750000000005,0.6931471803599453,0.3834569624749555,0.0011297609727557445,tail
858,0.25,0.25,0.5,25.40625000000005,1.0397207705399178,0.38341961115606793,3.735131888754628e-05,tail
859,0.25,0.25,0.5,25.40625000000005,1.0397207705399178,0.38341961115606793,0.0,tail
860,0.0,0.25,0.75,25.42500000000005,0.5623351444188083,0.3828113032918098,0.0006083078642581397,tail
861,0.25,0.25,0.5,25.44375000000005,1.0397207705399178,0.3822035730831184,0.0006077302086913705,tail
862,0.25,0.5,0.25,25.518750000000054,1.0397207705399178,0.38272488874339194,0.0005213156602735247,tail
863,0.0,0.25,0.75,25.53750000000005,0.5623351444188083,0.38279568585468177,7.079711128982202e-05,tail
864,0.5,0.5,0.0,25.556250000000055,0.6931471803599453,0.38286746973237457,7.178387769279926e-05,tail
865,0.25,0.25,0.5,25.500000000000053,1.0397207705399178,0.3822619635734562,0.0006055061589183564,tail
866,0.25,0.0,0.75,25.443750000000055,0.5623351444188083,0.3818529175385112,0.00040904603494501535,tail
867,0.25,0.0,0.75,25.518750000000058,0.5623351444188083,0.38216441300677395,0.00031149546826275687,tail
868,0.25,0.25,0.5,25.537500000000055,1.0397207705399178,0.38209684054102133,6.757246575261888e-05,tail
869,0.25,0.25,0.5,25.593750000000057,1.0397207705399178,0.3768981423386139,0.005198698202407426,tail
870,0.0,0.25,0.75,25.61250000000006,0.5623351444188083,0.37692881305658654,3.067071797263621e-05,tail
871,0.75,0.0,0.25,25.687500000000057,0.5623351444188083,0.37315745399854255,0.003771359058043988,tail
872,0.25,0.5,0.25,25.743750000000055,1.0397207705399178,0.37340198511584566,0.00024453111730310395,tail
873,0.25,0.25,0.5,25.668750000000056,1.0397207705399178,0.3743134161655332,0.00091143104968755,tail
874,0.5,0.0,0.5,25.612500000000054,0.6931471803599453,0.37414660798488547,0.00016680818064773728,tail
875,0.25,0.5,0.25,25.66875000000006,1.0397207705399178,0.37434953457863307,0.0002029265937475988,tail
876,0.5,0.0,0.5,25.72500000000006,0.6931471803599453,0.37459616920593014,0.000246634627297071,tail
877,0.5,0.25,0.25,25.74375000000006,1.0397207705399178,0.3746349658845687,3.879667863854186e-05,tail
878,0.25,0.25,0.5,25.81875000000006,1.0397207705399178,0.3792737822027288,0.004638816318160099,tail
879,0.5,0.0,0.5,25.893750000000058,0.6931471803599453,0.37551589435906735,0.003757887843661434,tail
880,0.75,0.25,0.0,25.95000000000006,0.5623351444188083,0.37627946987444433,0.0007635755153769797,tail
881,0.75,0.25,0.0,26.025000000000063,0.5623351444188083,0.3769798372560952,0.0007003673816508571,tail
882,0.5,0.25,0.25,26.10000000000006,1.0397207705399178,0.3733666092931439,0.003613227962951271,tail
883,0.5,0.5,0.0,26.17500000000006,0.6931471803599453,0.37783367134307955,0.004467062049935633,tail
884,0.25,0.0,0.75,26.231250000000063,0.5623351444188083,0.37758968816775973,0.0002439831753198174,tail
885,0.5,0.25,0.25,26.287500000000062,1.0397207705399178,0.37736544309947334,0.00022424506828638835,tail
886,0.5,0.0,0.5,26.34375000000006,0.6931471803599453,0.3724763326105825,0.0048891104888908465,tail
887,0.25,0.25,0.5,26.400000000000063,1.0397207705399178,0.3705449567399018,0.0019313758706807072,tail
888,0.25,0.25,0.5,26.418750000000067,1.0397207705399178,0.37058517372621663,4.021698631484494e-05,tail
889,1.0,0.0,0.0,26.475000000000062,-1.000000082690371e-10,0.37110587515909127,0.0005207014328746373,tail
890,0.0,0.25,0.75,26.493750000000063,0.5623351444188083,0.3705371911650688,0.0005686839940224897,tail
891,0.25,0.25,0.5,26.512500000000063,1.0397207705399178,0.37062221328692346,8.502212185468316e-05,tail
892,0.0,0.75,0.25,26.437500000000064,0.5623351444188083,0.3697465488355317,0.0008756644513917555,tail
893,0.25,0.5,0.25,26.45625000000006,1.0397207705399178,0.3698228248842415,7.62760487098002e-05,tail
894,0.25,0.75,0.0,26.40000000000006,0.5623351444188083,0.37072307132877513,0.0009002464445336256,tail
895,0.5,0.25,0.25,26.45625000000006,1.0397207705399178,0.3718613937948086,0.001138322466033459,tail
896,0.5,0.0,0.5,26.475000000000062,0.6931471803599453,0.37527559195606275,0.003414198161254156,tail
897,0.25,0.25,0.5,26.550000000000065,1.0397207705399178,0.3717043982190694,0.0035711937369933278,tail
898,0.5,0.0,0.5,26.606250000000063,0.6931471803599453,0.3715392158165065,0.0001651824025629134,tail
899,0.25,0.25,0.5,26.662500000000065,1.0397207705399178,0.3710206685683626,0.0005185472481439302,tail
900,0.0,0.0,1.0,26.681250000000063,-1.000000082690371e-10,0.3710457270845862,2.5058516223641636e-05,tail
901,0.5,0.5,0.0,26.73750000000006,0.6931471803599453,0.3730408127926523,0.001995085708066058,tail
902,0.75,0.0,0.25,26.756250000000062,0.5623351444188083,0.37638630402414774,0.0033454912314954677,tail
903,0.0,0.5,0.5,26.812500000000064,0.6931471803599453,0.3769556529521915,0.000569348928043778,tail
904,0.25,0.0,0.75,26.83125000000006,0.5623351444188083,0.3770474407779307,9.178782573915356e-05,tail
905,0.0,0.5,0.5,26.75625000000006,0.6931471803599453,0.3773905961570115,0.0003431553790808062,tail
906,0.75,0.0,0.25,26.68125000000006,0.5623351444188083,0.3765462442042584,0.0008443519527530641,tail
907,0.0,0.5,0.5,26.70000000000006,0.6931471803599453,0.3766197092237501,7.346501949168083e-05,tail
908,0.25,0.25,0.5,26.718750000000064,1.0397207705399178,0.376041995440251,0.0005777137834990786,tail
909,0.5,0.25,0.25,26.79375000000006,1.0397207705399178,0.37565062185472947,0.00039137358552154833,tail
910,0.75,0.25,0.0,26.850000000000062,0.5623351444188083,0.3762211703120138,0.0005705484572843256,tail
911,0.25,0.25,0.5,26.906250000000064,1.0397207705399178,0.3760894520715256,0.0001317182404881878,tail
912,0.25,0.5,0.25,26.962500000000063,1.0397207705399178,0.37665782426319216,0.0005683721916665552,tail
913,0.75,0.0,0.25,26.962500000000063,0.5623351444188083,0.37665782426319216,0.0,tail
914,0.25,0.25,0.5,26.981250000000063,1.0397207705399178,0.3763585011742071,0.00029932308898505955,tail
915,0.25,0.25,0.5,27.056250000000063,1.0397207705399178,0.37740817173484037,0.0010496705606332646,tail
916,0.0,0.75,0.25,27.112500000000065,0.5623351444188083,0.37713288845094767,0.0002752832838927022,tail
917,0.25,0.5,0.25,27.131250000000062,1.0397207705399178,0.3765829480061578,0.0005499404447898426,tail
918,0.0,0.5,0.5,27.075000000000063,0.6931471803599453,0.37688969953716334,0.00030675153100551134,tail
919,0.25,0.25,0.5,27.150000000000063,1.0397207705399178,0.3734225167014444,0.0034671828357189516,tail
920,0.5,0.0,0.5,27.168750000000063,0.6931471803599453,0.37286430933104764,0.0005582073703967461,tail
921,0.25,0.25,0.5,27.187500000000064,1.0397207705399178,0.3730435345434562,0.00017922521240854028,tail
922,0.25,0.25,0.5,27.187500000000064,1.0397207705399178,0.3730435345434562,0.0,tail
923,0.5,0.25,0.25,27.131250000000062,1.0397207705399178,0.373699210248536,0.0006556757050797946,tail
924,0.5,0.0,0.5,27.187500000000064,0.6931471803599453,0.3741977284234691,0.0004985181749331269,tail
925,0.0,0.5,0.5,27.206250000000065,0.6931471803599453,0.3742785401350289,8.081171155982503e-05,tail
926,0.5,0.0,0.5,27.262500000000067,0.6931471803599453,0.37485011667976015,0.0005715765447312227,tail
927,0.25,0.5,0.25,27.187500000000064,1.0397207705399178,0.3740276122747066,0.0008225044050535479,tail
928,0.25,0.25,0.5,27.20625000000006,1.0397207705399178,0.3740782366971951,5.062442248848775e-05,tail
929,0.5,0.0,0.5,27.262500000000067,0.6931471803599453,0.37212963859581805,0.0019485981013770415,tail
930,0.25,0.75,0.0,27.318750000000062,0.5623351444188083,0.3714864639264455,0.000643174669372526,tail
931,0.0,0.25,0.75,27.262500000000067,0.5623351444188083,0.37028240377627714,0.0012040601501683845,tail
932,0.25,0.0,0.75,27.281250000000064,0.5623351444188083,0.37002516713225325,0.0002572366440238838,tail
933,0.25,0.25,0.5,27.225000000000065,1.0397207705399178,0.37028483298377807,0.00025966585152481514,tail
934,0.5,0.25,0.25,27.300000000000065,1.0397207705399178,0.37476039243876275,0.004475559454984679,tail
935,0.75,0.25,0.0,27.356250000000067,0.5623351444188083,0.3753493229447428,0.0005889305059800787,tail
936,0.25,0.25,0.5,27.431250000000066,1.0397207705399178,0.3748075439978977,0.0005417789468451506,tail
937,0.75,0.0,0.25,27.375000000000068,0.5623351444188083,0.3758572697277395,0.0010497257298417995,tail
938,0.5,0.5,0.0,27.431250000000066,0.6931471803599453,0.37645233151693597,0.0005950617891964938,tail
939,0.75,0.25,0.0,27.450000000000067,0.5623351444188083,0.37613149057237616,0.00032084094455980816,tail
940,0.5,0.0,0.5,27.50625000000007,0.6931471803599453,0.3764721713292248,0.0003406807568486214,tail
941,0.0,0.0,1.0,27.52500000000007,-1.000000082690371e-10,0.37587691231704407,0.0005952590121807155,tail
942,0.5,0.25,0.25,27.600000000000072,1.0397207705399178,0.37221123347559254,0.003665678841451525,tail
943,0.5,0.25,0.25,27.61875000000007,1.0397207705399178,0.3727086783413121,0.0004974448657195651,tail
944,0.75,0.0,0.25,27.61875000000007,0.5623351444188083,0.3727086783413121,0.0,tail
945,0.25,0.25,0.5,27.675000000000068,1.0397207705399178,0.37304905203147554,0.00034037369016343133,tail
946,0.5,0.25,0.25,27.693750000000072,1.0397207705399178,0.373115694073262,6.664204178646882e-05,tail
947,0.5,0.25,0.25,27.75000000000007,1.0397207705399178,0.37112689746785865,0.0019887966054033535,tail
948,0.75,0.25,0.0,27.75000000000007,0.5623351444188083,0.37112689746785865,0.0,tail
949,0.25,0.25,0.5,27.768750000000068,1.0397207705399178,0.37162592780778775,0.0004990303399290963,tail
950,0.5,0.25,0.25,27.825000000000074,1.0397207705399178,0.3721513618756129,0.0005254340678251257,tail
951,0.25,0.75,0.0,27.75000000000007,0.5623351444188083,0.37166211508568076,0.0004892467899321185,tail
952,0.5,0.5,0.0,27.76875000000007,0.6931471803599453,0.37170276284557785,4.064775989709446e-05,tail
953,0.25,0.0,0.75,27.82500000000007,0.5623351444188083,0.37315968812245015,0.0014569252768723007,tail
954,0.5,0.25,0.25,27.75000000000007,1.0397207705399178,0.37279123780439466,0.000368450318055491,tail
955,0.75,0.25,0.0,27.80625000000007,0.5623351444188083,0.3779969238535701,0.005205686049175429,tail
956,0.5,0.25,0.25,27.881250000000065,1.0397207705399178,0.3783167983038829,0.00031987445031278483,tail
957,0.5,0.25,0.25,27.90000000000007,1.0397207705399178,0.37834919693862157,3.239863473869509e-05,tail
958,0.25,0.25,0.5,27.97500000000007,1.0397207705399178,0.3775421752125967,0.0008070217260248702,tail
959,0.5,0.5,0.0,28.031250000000068,0.6931471803599453,0.3772478217319858,0.0002943534806109094,tail
960,0.75,0.0,0.25,28.050000000000068,0.5623351444188083,0.3766466584684268,0.0006011632635589681,tail
961,0.5,0.25,0.25,28.12500000000007,1.0397207705399178,0.37725807374935116,0.0006114152809243434,tail
962,0.75,0.25,0.0,28.18125000000007,0.5623351444188083,0.3793634660590609,0.0021053923097097416,tail
963,0.25,0.5,0.25,28.200000000000067,1.0397207705399178,0.37917684805164886,0.0001866180074120427,tail
964,0.75,0.0,0.25,28.218750000000064,0.5623351444188083,0.3792279747186477,5.1126666998857484e-05,tail
965,0.75,0.25,0.0,28.237500000000068,0.5623351444188083,0.37929616244452935,6.818772588162991e-05,tail
966,0.5,0.25,0.25,28.312500000000064,1.0397207705399178,0.3799672225584543,0.0006710601139249261,tail
967,0.5,0.25,0.25,28.368750000000066,1.0397207705399178,0.38055673286877645,0.0005895103103221722,tail
968,0.25,0.25,0.5,28.44375000000007,1.0397207705399178,0.3844658075460414,0.003909074677264979,tail
969,0.5,0.25,0.25,28.500000000000068,1.0397207705399178,0.3842284360815501,0.00023737146449132052,tail
970,0.75,0.0,0.25,28.518750000000068,0.5623351444188083,0.3842810145178228,5.257843627270997e-05,tail
971,0.0,0.5,0.5,28.53750000000007,0.6931471803599453,0.38409932824971993,0.00018168626810288746,tail
972,0.5,0.5,0.0,28.59375000000007,0.6931471803599453,0.3844658075460414,0.000366479296321498,tail
973,0.25,0.75,0.0,28.65000000000007,0.5623351444188083,0.38487458548733555,0.00040877794129412504,tail
974,0.5,0.25,0.25,28.65000000000007,1.0397207705399178,0.38487458548733555,0.0,tail
975,0.5,0.0,0.5,28.70625000000007,0.6931471803599453,0.38463058223730623,0.00024400325002932322,tail
976,0.5,0.0,0.5,28.76250000000007,0.6931471803599453,0.3826607461406652,0.001969836096641031,tail
977,0.5,0.0,0.5,28.818750000000072,0.6931471803599453,0.3831133090313628,0.00045256289069761646,tail
978,0.5,0.0,0.5,28.893750000000068,0.6931471803599453,0.3795402775653563,0.0035730314660065154,tail
979,0.25,0.25,0.5,28.912500000000072,1.0397207705399178,0.3792689145496591,0.00027136301569719024,tail
980,0.5,0.25,0.25,28.93125000000007,1.0397207705399178,0.37934378047590384,7.48659262447271e-05,tail
981,0.25,0.25,0.5,29.00625000000007,1.0397207705399178,0.38030972719204786,0.0009659467161440283,tail
982,0.75,0.25,0.0,28.93125000000007,0.5623351444188083,0.38071622872875704,0.00040650153670918066,tail
983,0.5,0.0,0.5,28.95000000000007,0.6931471803599453,0.38045019652444156,0.0002660322043154806,tail
984,0.5,0.5,0.0,28.968750000000068,0.6931471803599453,0.38052357252384544,7.337599940387962e-05,tail
985,0.5,0.0,0.5,28.893750000000068,0.6931471803599453,0.37977335916030064,0.0007502133635448049,tail
986,0.5,0.25,0.25,28.950000000000067,1.0397207705399178,0.38024532680056355,0.0004719676402629158,tail
987,0.5,0.25,0.25,29.006250000000065,1.0397207705399178,0.38082729839671253,0.000581971596148978,tail
988,0.25,0.25,0.5,29.025000000000073,1.0397207705399178,0.38024532680056355,0.000581971596148978,tail
989,0.25,0.25,0.5,29.081250000000068,1.0397207705399178,0.38071622872875704,0.0004709019281934901,tail
990,0.75,0.25,0.0,29.137500000000074,0.5623351444188083,0.38129367825508675,0.0005774495263297097,tail
991,0.5,0.0,0.5,29.193750000000072,0.6931471803599453,0.37935404501453523,0.0019396332405515193,tail
992,0.75,0.25,0.0,29.212500000000073,0.5623351444188083,0.3796805621893168,0.00032651717478154874,tail
993,0.75,0.0,0.25,29.231250000000074,0.5623351444188083,0.37943175614240515,0.00024880604691163155,tail
994,0.25,0.25,0.5,29.250000000000075,1.0397207705399178,0.3795593281537841,0.00012757201137897356,tail
995,0.25,0.5,0.25,29.306250000000077,1.0397207705399178,0.37995901685236094,0.00039968869857681666,tail
996,0.75,0.25,0.0,29.381250000000072,0.5623351444188083,0.3794308208225472,0.0005281960298137434,tail
997,0.0,0.5,0.5,29.437500000000075,0.6931471803599453,0.38001330482865103,0.0005824840061038339,tail
998,0.25,0.25,0.5,29.493750000000077,1.0397207705399178,0.37805668528048103,0.001956619548170002,tail
999,0.5,0.0,0.5,29.437500000000078,0.6931471803599453,0.37708523404169286,0.000971451238788168,tail
1000,0.5,0.0,0.5,29.38125000000008,0.6931471803599453,0.37631160306475664,0.0007736309769362237,tail
