round,p_aggressive,p_defensive,p_balanced,avg_reward,strategy_entropy,personality_norm,personality_velocity,phase
1,0.5,0.0,0.5,-0.07500000000000001,0.6931471803599453,0.004478342947514811,0.004478342947514811,burn-in
2,0.25,0.75,0.0,-0.018750000000000044,0.5623351444188083,0.002329516968290979,0.0021488259792238323,burn-in
3,0.25,0.25,0.5,-0.09375000000000011,1.0397207705399178,0.006694181501290692,0.004364664532999713,burn-in
4,0.25,0.5,0.25,-0.03750000000000009,1.0397207705399178,0.005039514003243677,0.0016546674980470145,burn-in
5,0.75,0.25,0.0,-0.018750000000000044,0.5623351444188083,0.005364815933468742,0.0003253019302250646,burn-in
6,0.0,0.75,0.25,0.03749999999999998,0.5623351444188083,0.003828858348124153,0.001535957585344589,burn-in
7,0.5,0.0,0.5,0.09375,0.6931471803599453,0.003295949218358802,0.0005329091297653511,burn-in
8,0.25,0.0,0.75,0.15000000000000002,0.5623351444188083,0.004185685759559294,0.0008897365412004919,burn-in
9,0.0,0.25,0.75,0.22499999999999992,0.5623351444188083,0.002649521707361078,0.0015361640521982158,burn-in
10,0.25,0.5,0.25,0.2812499999999999,1.0397207705399178,0.0035433206922006774,0.0008937989848395995,burn-in
11,0.75,0.0,0.25,0.2999999999999998,0.5623351444188083,0.005529317380513114,0.0019859966883124364,burn-in
12,0.5,0.25,0.25,0.3749999999999998,1.0397207705399178,0.004794790648308904,0.0007345267322042097,burn-in
13,0.5,0.0,0.5,0.4312499999999998,0.6931471803599453,0.005070295780874616,0.00027550513256571155,burn-in
14,0.25,0.25,0.5,0.4499999999999998,1.0397207705399178,0.004950843432632857,0.00011945234824175827,burn-in
15,0.25,0.75,0.0,0.4499999999999998,0.5623351444188083,0.004950843432632857,0.0,burn-in
16,0.25,0.5,0.25,0.5062499999999998,1.0397207705399178,0.0048707246209709855,8.011881166187194e-05,burn-in
17,0.5,0.5,0.0,0.5812499999999998,0.6931471803599453,0.008908387901298363,0.004037663280327377,burn-in
18,0.25,0.0,0.75,0.6374999999999998,0.5623351444188083,0.01147228317511377,0.002563895273815408,burn-in
19,0.5,0.5,0.0,0.6937499999999999,0.6931471803599453,0.012230426539304843,0.0007581433641910724,burn-in
20,0.5,0.25,0.25,0.7499999999999999,1.0397207705399178,0.013595342339688671,0.0013649158003838282,burn-in
21,0.25,0.25,0.5,0.8062499999999998,1.0397207705399178,0.01456756588090279,0.0009722235412141182,burn-in
22,1.0,0.0,0.0,0.8624999999999998,-1.000000082690371e-10,0.01700319108121892,0.002435625200316132,burn-in
23,0.5,0.5,0.0,0.91875,0.6931471803599453,0.018076695690400178,0.001073504609181257,burn-in
24,0.25,0.25,0.5,0.9749999999999999,1.0397207705399178,0.017746845376948907,0.00032985031345127147,burn-in
25,0.5,0.25,0.25,0.9937499999999999,1.0397207705399178,0.018076695690400178,0.00032985031345127147,burn-in
26,0.75,0.25,0.0,1.0687499999999999,0.5623351444188083,0.02028476739315596,0.002208071702755783,burn-in
27,0.25,0.5,0.25,1.1437499999999998,1.0397207705399178,0.017599802220321776,0.0026849651728341854,burn-in
28,0.5,0.25,0.25,1.2,1.0397207705399178,0.01872922460131936,0.0011294223809975856,burn-in
29,0.0,0.0,1.0,1.1437499999999998,-1.000000082690371e-10,0.01655395481867968,0.0021752697826396827,burn-in
30,0.5,0.25,0.25,1.1625,1.0397207705399178,0.016923772112032196,0.00036981729335251734,burn-in
31,0.0,0.25,0.75,1.21875,0.5623351444188083,0.018585668762068595,0.0016618966500363992,burn-in
32,0.25,0.5,0.25,1.29375,1.0397207705399178,0.0161009187108479,0.002484750051220695,burn-in
33,0.25,0.0,0.75,1.35,0.5623351444188083,0.013597209808756021,0.002503708902091879,burn-in
34,0.25,0.0,0.75,1.40625,0.5623351444188083,0.019778987166519213,0.006181777357763192,burn-in
35,0.0,0.5,0.5,1.4249999999999998,0.6931471803599453,0.018442725248274207,0.0013362619182450061,burn-in
36,0.25,0.5,0.25,1.4437499999999999,1.0397207705399178,0.01881627177028782,0.0003735465220136118,burn-in
37,0.5,0.25,0.25,1.5,1.0397207705399178,0.02122814439802334,0.0024118726277355222,burn-in
38,0.5,0.0,0.5,1.5187499999999998,0.6931471803599453,0.019886134197810528,0.0013420102002128127,burn-in
39,0.0,0.25,0.75,1.5187499999999998,0.5623351444188083,0.019886134197810528,0.0,burn-in
40,0.5,0.25,0.25,1.5749999999999997,1.0397207705399178,0.01973514956802249,0.00015098462978803753,burn-in
41,0.25,0.25,0.5,1.5937499999999998,1.0397207705399178,0.019393192623673023,0.0003419569443494676,burn-in
42,0.75,0.25,0.0,1.6124999999999998,0.5623351444188083,0.019765223563117013,0.00037203093944399024,burn-in
43,0.5,0.0,0.5,1.6312499999999996,0.6931471803599453,0.020137774154972095,0.0003725505918550816,burn-in
44,0.25,0.0,0.75,1.6312499999999996,0.5623351444188083,0.020137774154972095,0.0,burn-in
45,0.0,0.5,0.5,1.7062499999999996,0.6931471803599453,0.024640302986164632,0.004502528831192537,burn-in
46,0.25,0.0,0.75,1.6499999999999995,0.5623351444188083,0.02243615556170179,0.0022041474244628434,burn-in
47,0.25,0.25,0.5,1.6687499999999995,1.0397207705399178,0.021695243574341196,0.0007409119873605929,burn-in
48,0.25,0.0,0.75,1.6874999999999996,0.5623351444188083,0.02136173646317674,0.00033350711116445636,burn-in
49,0.0,0.5,0.5,1.6124999999999998,0.6931471803599453,0.017796813268110473,0.0035649231950662663,burn-in
50,0.5,0.25,0.25,1.6687499999999995,1.0397207705399178,0.023371072531015617,0.005574259262905144,burn-in
51,0.25,0.25,0.5,1.7249999999999996,1.0397207705399178,0.0232858147091026,8.525782191301512e-05,burn-in
52,0.5,0.25,0.25,1.7437499999999995,1.0397207705399178,0.02210760262330567,0.00117821208579693,burn-in
53,0.0,0.75,0.25,1.7624999999999993,0.5623351444188083,0.021833661336594548,0.00027394128671112336,burn-in
54,0.75,0.0,0.25,1.8187499999999992,0.5623351444188083,0.021857810706676032,2.4149370081483906e-05,burn-in
55,0.25,0.25,0.5,1.837499999999999,1.0397207705399178,0.02217787349852682,0.00032006279185078923,burn-in
56,0.5,0.25,0.25,1.8562499999999993,1.0397207705399178,0.022530611891873092,0.0003527383933462705,burn-in
57,0.25,0.25,0.5,1.8749999999999991,1.0397207705399178,0.022304279920628896,0.00022633197124419593,burn-in
58,0.5,0.25,0.25,1.931249999999999,1.0397207705399178,0.024200506121314254,0.001896226200685358,burn-in
59,0.5,0.5,0.0,1.949999999999999,0.6931471803599453,0.024504853544190228,0.00030434742287597377,burn-in
60,0.5,0.5,0.0,2.006249999999999,0.6931471803599453,0.02669434598634846,0.0021894924421582314,burn-in
61,0.5,0.5,0.0,2.024999999999999,0.6931471803599453,0.02485210594977573,0.0018422400365727294,burn-in
62,0.0,0.25,0.75,2.043749999999999,0.5623351444188083,0.025152796950725642,0.0003006910009499125,burn-in
63,0.25,0.25,0.5,2.0999999999999988,1.0397207705399178,0.02545216953479144,0.00029937258406579834,burn-in
64,0.5,0.0,0.5,2.156249999999999,0.6931471803599453,0.025875939328092002,0.0004237697933005616,burn-in
65,0.5,0.0,0.5,2.231249999999999,0.6931471803599453,0.029260177479145548,0.003384238151053546,burn-in
66,0.0,0.25,0.75,2.174999999999999,0.5623351444188083,0.02509213058632322,0.004168046892822328,burn-in
67,0.0,0.25,0.75,2.231249999999999,0.5623351444188083,0.024156966444025315,0.0009351641422979048,burn-in
68,0.25,0.25,0.5,2.1562499999999987,1.0397207705399178,0.021046905288479124,0.0031100611555461913,burn-in
69,0.75,0.25,0.0,2.2124999999999986,0.5623351444188083,0.023012913418942946,0.001966008130463822,burn-in
70,0.25,0.5,0.25,2.1562499999999987,1.0397207705399178,0.01902209972052944,0.003990813698413507,burn-in
71,0.5,0.0,0.5,2.2124999999999986,0.6931471803599453,0.019748164911229063,0.0007260651906996242,burn-in
72,0.5,0.0,0.5,2.268749999999999,0.6931471803599453,0.019055793446846468,0.0006923714643825955,burn-in
73,0.75,0.0,0.25,2.343749999999999,0.5623351444188083,0.01814500811365025,0.0009107853331962179,burn-in
74,0.5,0.0,0.5,2.3999999999999986,0.6931471803599453,0.018258191179272874,0.00011318306562262473,burn-in
75,0.5,0.25,0.25,2.3437499999999987,1.0397207705399178,0.014749941148658175,0.0035082500306146992,burn-in
76,0.5,0.0,0.5,2.4187499999999984,0.6931471803599453,0.016155655614468953,0.0014057144658107777,burn-in
77,0.5,0.5,0.0,2.3624999999999985,0.6931471803599453,0.015317757034094295,0.0008378985803746582,burn-in
78,0.5,0.25,0.25,2.4187499999999984,1.0397207705399178,0.01594451098514921,0.0006267539510549161,burn-in
79,0.25,0.0,0.75,2.4749999999999988,0.5623351444188083,0.016821623402302074,0.0008771124171528637,burn-in
80,0.25,0.25,0.5,2.5312499999999987,1.0397207705399178,0.01732478004109171,0.0005031566387896369,burn-in
81,0.0,0.25,0.75,2.5874999999999986,0.5623351444188083,0.02026319871644672,0.0029384186753550097,burn-in
82,0.5,0.25,0.25,2.6624999999999988,1.0397207705399178,0.02278690535275775,0.0025237066363110287,burn-in
83,0.5,0.0,0.5,2.606249999999999,0.6931471803599453,0.022295472805905554,0.0004914325468521955,burn-in
84,0.5,0.25,0.25,2.549999999999999,1.0397207705399178,0.022066385005755033,0.00022908780015052158,burn-in
85,0.5,0.0,0.5,2.606249999999999,0.6931471803599453,0.021611709146252406,0.00045467585950262693,burn-in
86,0.5,0.25,0.25,2.6624999999999988,1.0397207705399178,0.02320665949978315,0.001594950353530744,burn-in
87,0.25,0.25,0.5,2.737499999999999,1.0397207705399178,0.02256442358682225,0.0006422359129608993,burn-in
88,0.0,0.25,0.75,2.7562499999999988,0.5623351444188083,0.02505223709238992,0.0024878135055676695,burn-in
89,0.75,0.25,0.0,2.831249999999999,0.5623351444188083,0.02479884349901968,0.0002533935933702394,burn-in
90,0.25,0.0,0.75,2.8499999999999988,0.5623351444188083,0.024573135243481387,0.00022570825553829346,burn-in
91,0.25,0.75,0.0,2.868749999999999,0.5623351444188083,0.02442320731508331,0.00014992792839807825,burn-in
92,0.25,0.75,0.0,2.924999999999999,0.5623351444188083,0.02977960857374618,0.005356401258662873,burn-in
93,0.75,0.0,0.25,2.999999999999999,0.5623351444188083,0.027031400529445686,0.002748208044300496,burn-in
94,0.25,0.25,0.5,2.9437499999999988,1.0397207705399178,0.02903479862595895,0.0020033980965132626,burn-in
95,0.25,0.25,0.5,2.962499999999999,1.0397207705399178,0.029368660663480303,0.0003338620375213548,burn-in
96,0.0,0.5,0.5,3.018749999999999,0.6931471803599453,0.02719681353884406,0.0021718471246362434,burn-in
97,0.25,0.25,0.5,2.9624999999999986,1.0397207705399178,0.02742648791922363,0.00022967438037957075,burn-in
98,0.5,0.5,0.0,3.018749999999999,0.6931471803599453,0.02790083506316984,0.0004743471439462091,burn-in
99,0.25,0.25,0.5,3.0374999999999988,1.0397207705399178,0.02813957184237544,0.00023873677920559916,burn-in
100,0.25,0.5,0.25,2.981249999999999,1.0397207705399178,0.02867051209673237,0.0005309402543569319,burn-in
101,0.5,0.0,0.5,2.906249999999999,0.6931471803599453,0.03008197711624377,0.0014114650195114,tail
102,0.0,0.5,0.5,2.9249999999999985,0.6931471803599453,0.030301752103724083,0.00021977498748031177,tail
103,0.5,0.5,0.0,2.9999999999999987,0.6931471803599453,0.028349290849449052,0.0019524612542750307,tail
104,0.75,0.25,0.0,3.018749999999998,0.5623351444188083,0.02823422463911859,0.00011506621033046185,tail
105,0.25,0.25,0.5,3.0374999999999983,1.0397207705399178,0.028666908913704964,0.0004326842745863736,tail
106,0.25,0.0,0.75,3.0937499999999982,0.5623351444188083,0.02787667377884619,0.0007902351348587737,tail
107,0.5,0.0,0.5,3.1499999999999986,0.6931471803599453,0.029620970776161437,0.001744296997315247,tail
108,0.5,0.0,0.5,3.2062499999999985,0.6931471803599453,0.029022956969440333,0.0005980138067211045,tail
109,0.5,0.0,0.5,3.2624999999999984,0.6931471803599453,0.028552377856318447,0.0004705791131218856,tail
110,0.5,0.25,0.25,3.2812499999999987,1.0397207705399178,0.028761199509446885,0.00020882165312843814,tail
111,0.0,0.5,0.5,3.299999999999998,0.6931471803599453,0.02889304690963222,0.0001318474001853337,tail
112,0.75,0.25,0.0,3.318749999999998,0.5623351444188083,0.028823193363928808,6.985354570341121e-05,tail
113,0.0,0.5,0.5,3.3749999999999982,0.6931471803599453,0.02847615657099002,0.00034703679293878603,tail
114,0.25,0.75,0.0,3.449999999999998,0.5623351444188083,0.02847359583407407,2.5607369159505455e-06,tail
115,0.5,0.25,0.25,3.468749999999998,1.0397207705399178,0.028507347067125224,3.3751233051153295e-05,tail
116,0.25,0.0,0.75,3.5249999999999977,0.5623351444188083,0.028922099633709147,0.000414752566583923,tail
117,0.25,0.5,0.25,3.581249999999998,1.0397207705399178,0.03015557893611384,0.0012334793024046942,tail
118,0.5,0.25,0.25,3.599999999999998,1.0397207705399178,0.029779193192935795,0.0003763857431780468,tail
119,0.25,0.5,0.25,3.618749999999998,1.0397207705399178,0.029878653600391585,9.946040745579046e-05,tail
120,0.25,0.25,0.5,3.618749999999998,1.0397207705399178,0.029878653600391585,0.0,tail
121,0.0,0.25,0.75,3.6374999999999984,0.5623351444188083,0.029982749670064417,0.00010409606967283144,tail
122,0.5,0.0,0.5,3.6937499999999983,0.6931471803599453,0.034594758403951126,0.004612008733886709,tail
123,0.25,0.0,0.75,3.7124999999999986,0.5623351444188083,0.03460529548630403,1.0537082352907179e-05,tail
124,0.5,0.0,0.5,3.7312499999999984,0.6931471803599453,0.034659729874884616,5.4434388580583415e-05,tail
125,0.5,0.5,0.0,3.6562499999999982,0.6931471803599453,0.03429713403154484,0.0003625958433397733,tail
126,0.25,0.0,0.75,3.7312499999999984,0.5623351444188083,0.03398679788617229,0.0003103361453725556,tail
127,0.25,0.25,0.5,3.7874999999999983,1.0397207705399178,0.035420569637884015,0.001433771751711728,tail
128,0.0,0.75,0.25,3.8062499999999986,0.5623351444188083,0.03569882093252093,0.0002782512946369123,tail
129,0.75,0.0,0.25,3.8812499999999983,0.5623351444188083,0.03538409654342487,0.0003147243890960563,tail
130,0.5,0.0,0.5,3.956249999999998,0.6931471803599453,0.038520596718220036,0.003136500174795165,tail
131,0.25,0.5,0.25,3.974999999999998,1.0397207705399178,0.03810168913942984,0.0004189075787901994,tail
132,0.25,0.25,0.5,4.049999999999998,1.0397207705399178,0.03873372193938687,0.0006320327999570358,tail
133,0.0,0.0,1.0,4.124999999999998,-1.000000082690371e-10,0.03908341106957388,0.00034968913018700726,tail
134,0.25,0.25,0.5,4.068749999999998,1.0397207705399178,0.03875282247785271,0.0003305885917211718,tail
135,0.5,0.25,0.25,4.124999999999998,1.0397207705399178,0.03916086504017001,0.0004080425623173012,tail
136,0.25,0.25,0.5,4.068749999999998,1.0397207705399178,0.03895726379993531,0.0002036012402346979,tail
137,0.25,0.5,0.25,4.124999999999998,1.0397207705399178,0.0405620719888389,0.0016048081889035865,tail
138,0.25,0.25,0.5,4.143749999999998,1.0397207705399178,0.04054068172835739,2.1390260481507495e-05,tail
139,0.5,0.25,0.25,4.199999999999998,1.0397207705399178,0.0421550801357318,0.001614398407374408,tail
140,0.5,0.5,0.0,4.256249999999998,0.6931471803599453,0.04178029817955097,0.0003747819561808266,tail
141,0.5,0.0,0.5,4.181249999999999,0.6931471803599453,0.04283211229614963,0.0010518141165986594,tail
142,0.5,0.5,0.0,4.1999999999999975,0.6931471803599453,0.04562809159997301,0.00279597930382338,tail
143,0.25,0.5,0.25,4.256249999999998,1.0397207705399178,0.041637693051355056,0.003990398548617956,tail
144,0.5,0.25,0.25,4.1999999999999975,1.0397207705399178,0.041958064381792476,0.00032037133043742033,tail
145,0.25,0.5,0.25,4.143749999999997,1.0397207705399178,0.04330868189039372,0.0013506175086012429,tail
146,0.0,0.5,0.5,4.162499999999997,0.6931471803599453,0.04373712112026665,0.00042843922987292893,tail
147,0.5,0.25,0.25,4.181249999999997,1.0397207705399178,0.0467045465681755,0.0029674254479088516,tail
148,0.25,0.25,0.5,4.237499999999997,1.0397207705399178,0.045973691336881714,0.0007308552312937852,tail
149,0.0,0.25,0.75,4.312499999999997,0.5623351444188083,0.04475369029631933,0.0012200010405623851,tail
150,0.25,0.75,0.0,4.256249999999997,0.5623351444188083,0.04634599647098847,0.001592306174669142,tail
151,0.75,0.0,0.25,4.312499999999997,0.5623351444188083,0.04558048151499578,0.0007655149559926896,tail
152,0.5,0.0,0.5,4.368749999999998,0.6931471803599453,0.04734253871754455,0.0017620572025487669,tail
153,0.25,0.5,0.25,4.424999999999997,1.0397207705399178,0.046584470021909685,0.0007580686956348628,tail
154,0.5,0.0,0.5,4.4812499999999975,0.6931471803599453,0.05266246769258161,0.006077997670671922,tail
155,0.75,0.0,0.25,4.556249999999999,0.5623351444188083,0.051074925388806945,0.0015875423037746625,tail
156,0.0,0.25,0.75,4.556249999999999,0.5623351444188083,0.051074925388806945,0.0,tail
157,0.75,0.0,0.25,4.612499999999998,0.5623351444188083,0.05044032244615605,0.0006346029426508928,tail
158,0.0,0.5,0.5,4.668749999999998,0.6931471803599453,0.049980968600280146,0.00045935384587590666,tail
159,0.25,0.75,0.0,4.724999999999998,0.5623351444188083,0.04955264281269151,0.00042832578758863343,tail
160,0.5,0.5,0.0,4.799999999999999,0.6931471803599453,0.04923525406713683,0.00031738874555468227,tail
161,0.25,0.5,0.25,4.856249999999998,1.0397207705399178,0.05477786185408767,0.005542607786950843,tail
162,0.75,0.25,0.0,4.912499999999998,0.5623351444188083,0.055236525820530916,0.0004586639664432429,tail
163,0.25,0.5,0.25,4.968749999999999,1.0397207705399178,0.056870096705610676,0.0016335708850797603,tail
164,0.25,0.0,0.75,5.024999999999999,0.5623351444188083,0.056686577384381806,0.00018351932122886994,tail
165,0.25,0.5,0.25,5.043749999999999,1.0397207705399178,0.05623464682446378,0.00045193055991802483,tail
166,0.75,0.0,0.25,5.118749999999999,0.5623351444188083,0.059710517667650814,0.003475870843187033,tail
167,0.5,0.25,0.25,5.174999999999999,1.0397207705399178,0.06134222082347121,0.0016317031558203965,tail
168,0.5,0.25,0.25,5.231249999999999,1.0397207705399178,0.06098047273968531,0.00036174808378590384,tail
169,0.25,0.25,0.5,5.306249999999999,1.0397207705399178,0.05817967858281746,0.0028007941568678474,tail
170,0.5,0.0,0.5,5.362499999999999,0.6931471803599453,0.05863021550479613,0.0004505369219786684,tail
171,0.75,0.0,0.25,5.418749999999998,0.5623351444188083,0.05908176126258284,0.00045154575778671296,tail
172,0.0,0.5,0.5,5.437499999999998,0.6931471803599453,0.05906322016021806,1.8541102364780238e-05,tail
173,0.25,0.5,0.25,5.456249999999999,1.0397207705399178,0.0591441822007405,8.09620405224365e-05,tail
174,0.25,0.5,0.25,5.381249999999999,1.0397207705399178,0.0595061526639142,0.0003619704631737039,tail
175,0.0,0.75,0.25,5.456249999999999,0.5623351444188083,0.056629886194628894,0.0028762664692853074,tail
176,0.0,0.5,0.5,5.474999999999998,0.6931471803599453,0.05937863292979271,0.002748746735163815,tail
177,0.0,0.5,0.5,5.493749999999999,0.6931471803599453,0.05933341014156974,4.5222788222970545e-05,tail
178,0.0,0.75,0.25,5.437499999999998,0.5623351444188083,0.05963331965017508,0.0002999095086053394,tail
179,0.25,0.25,0.5,5.456249999999999,1.0397207705399178,0.0597549103049742,0.00012159065479912246,tail
180,0.5,0.0,0.5,5.512499999999999,0.6931471803599453,0.059414829477206346,0.0003400808277678538,tail
181,0.25,0.25,0.5,5.531249999999998,1.0397207705399178,0.060267823118743714,0.0008529936415373682,tail
182,0.25,0.25,0.5,5.456249999999999,1.0397207705399178,0.061788804299852895,0.0015209811811091808,tail
183,0.0,0.25,0.75,5.512499999999998,0.5623351444188083,0.06121527147538853,0.0005735328244643664,tail
184,0.75,0.0,0.25,5.531249999999998,0.5623351444188083,0.060731249964266217,0.0004840215111223123,tail
185,0.25,0.25,0.5,5.587499999999999,1.0397207705399178,0.06024764071567877,0.0004836092485874452,tail
186,0.0,0.5,0.5,5.606249999999998,0.6931471803599453,0.060188130982038894,5.950973363987727e-05,tail
187,0.0,0.75,0.25,5.549999999999999,0.5623351444188083,0.06057082702758416,0.0003826960455452638,tail
188,0.25,0.25,0.5,5.606249999999999,1.0397207705399178,0.060155210128097096,0.0004156168994870618,tail
189,0.5,0.0,0.5,5.662499999999999,0.6931471803599453,0.061840075019943014,0.0016848648918459178,tail
190,0.25,0.0,0.75,5.737499999999999,0.5623351444188083,0.06127743504046851,0.0005626399794745052,tail
191,0.5,0.25,0.25,5.756249999999999,1.0397207705399178,0.061246116656940006,3.1318383528503024e-05,tail
192,0.25,0.0,0.75,5.774999999999999,0.5623351444188083,0.06397600529473665,0.0027298886377966486,tail
193,0.5,0.0,0.5,5.831249999999999,0.6931471803599453,0.0635885175638823,0.00038748773085435506,tail
194,0.75,0.0,0.25,5.906249999999998,0.5623351444188083,0.06340535584085535,0.000183161723026945,tail
195,0.5,0.25,0.25,5.924999999999999,1.0397207705399178,0.06340533188235076,2.39585045969104e-08,tail
196,1.0,0.0,0.0,5.981249999999999,-1.000000082690371e-10,0.0638456152512096,0.0004402833688588459,tail
197,0.5,0.25,0.25,5.924999999999999,1.0397207705399178,0.06421287905712912,0.00036726380591951824,tail
198,0.25,0.25,0.5,5.981249999999999,1.0397207705399178,0.0641835205138787,2.9358543250423974e-05,tail
199,0.5,0.25,0.25,6.037499999999999,1.0397207705399178,0.06574621411259222,0.001562693598713527,tail
200,0.75,0.0,0.25,6.056249999999999,0.5623351444188083,0.06837861812486852,0.002632404012276296,tail
201,0.5,0.5,0.0,6.112499999999999,0.6931471803599453,0.06882732078764568,0.00044870266277716175,tail
202,0.0,0.5,0.5,6.168749999999999,0.6931471803599453,0.06927690762841165,0.00044958684076597255,tail
203,0.25,0.0,0.75,6.225,0.5623351444188083,0.06897701786142597,0.00029988976698568093,tail
204,0.0,0.75,0.25,6.149999999999999,0.5623351444188083,0.06916517945188201,0.00018816159045603742,tail
205,0.0,0.0,1.0,6.224999999999999,-1.000000082690371e-10,0.06634246037501959,0.0028227190768624205,tail
206,0.5,0.5,0.0,6.243749999999999,0.6931471803599453,0.06643165608770783,8.9195712688242e-05,tail
207,0.75,0.25,0.0,6.262499999999999,0.5623351444188083,0.0665232898335441,9.163374583626149e-05,tail
208,0.5,0.0,0.5,6.318749999999999,0.6931471803599453,0.06641289264162267,0.00011039719192142139,tail
209,0.0,0.75,0.25,6.374999999999999,0.5623351444188083,0.0668458659280182,0.00043297328639552157,tail
210,0.25,0.0,0.75,6.4499999999999975,0.5623351444188083,0.0671321380438106,0.0002862721157924075,tail
211,0.5,0.25,0.25,6.468749999999998,1.0397207705399178,0.0671703466475342,3.82086037235968e-05,tail
212,0.25,0.25,0.5,6.524999999999999,1.0397207705399178,0.06758307002620237,0.00041272337866817,tail
213,0.75,0.25,0.0,6.543749999999998,0.5623351444188083,0.06786709591792804,0.0002840258917256727,tail
214,0.25,0.25,0.5,6.618749999999999,1.0397207705399178,0.06828109029348146,0.00041399437555342256,tail
215,0.75,0.0,0.25,6.637499999999998,0.5623351444188083,0.06850408670899308,0.0002229964155116143,tail
216,0.25,0.25,0.5,6.656249999999998,1.0397207705399178,0.06840541485328418,9.867185570890113e-05,tail
217,0.0,0.75,0.25,6.7312499999999975,0.5623351444188083,0.07168099723485466,0.0032755823815704826,tail
218,0.75,0.25,0.0,6.7312499999999975,0.5623351444188083,0.07168099723485466,0.0,tail
219,0.5,0.5,0.0,6.787499999999998,0.6931471803599453,0.07322308236933607,0.0015420851344814107,tail
220,0.0,1.0,0.0,6.862499999999998,-1.000000082690371e-10,0.07270207709473499,0.0005210052746010829,tail
221,0.0,0.5,0.5,6.881249999999998,0.6931471803599453,0.07272992456398694,2.784746925195425e-05,tail
222,0.25,0.5,0.25,6.899999999999999,1.0397207705399178,0.0727714774759155,4.15529119285607e-05,tail
223,0.0,0.5,0.5,6.974999999999998,0.6931471803599453,0.07018544693742042,0.002586030538495085,tail
224,0.5,0.25,0.25,7.031249999999998,1.0397207705399178,0.07108803472143145,0.000902587784011033,tail
225,0.5,0.25,0.25,7.087499999999998,1.0397207705399178,0.07163535229142486,0.0005473175699934052,tail
226,0.5,0.25,0.25,7.143749999999997,1.0397207705399178,0.07039100863904496,0.001244343652379895,tail
227,0.25,0.5,0.25,7.087499999999997,1.0397207705399178,0.07030052675833862,9.048188070634455e-05,tail
228,0.25,0.75,0.0,7.143749999999997,0.5623351444188083,0.07091663300527905,0.0006161062469404316,tail
229,0.0,0.25,0.75,7.087499999999998,0.5623351444188083,0.07039440599815597,0.00052222700712308,tail
230,0.25,0.0,0.75,7.162499999999997,0.5623351444188083,0.07153697688957698,0.0011425708914210159,tail
231,0.5,0.5,0.0,7.237499999999997,0.6931471803599453,0.06939928879118355,0.002137688098393431,tail
232,0.5,0.25,0.25,7.256249999999997,1.0397207705399178,0.06934818050164519,5.1108289538359664e-05,tail
233,0.0,0.5,0.5,7.274999999999998,0.6931471803599453,0.06946625942079032,0.00011807891914512869,tail
234,0.5,0.25,0.25,7.331249999999997,1.0397207705399178,0.07027120083410084,0.0008049414133105143,tail
235,0.25,0.5,0.25,7.349999999999998,1.0397207705399178,0.07040344118897786,0.00013224035487702235,tail
236,0.0,0.75,0.25,7.2937499999999975,0.5623351444188083,0.06965572581553334,0.0007477153734445213,tail
237,0.0,0.5,0.5,7.3124999999999964,0.6931471803599453,0.06932040206433443,0.0003353237511989071,tail
238,0.25,0.25,0.5,7.387499999999997,1.0397207705399178,0.07094544130781745,0.0016250392434830202,tail
239,0.5,0.5,0.0,7.443749999999997,0.6931471803599453,0.07205775075898709,0.0011123094511696352,tail
240,0.0,0.5,0.5,7.499999999999997,0.6931471803599453,0.07319825687151052,0.0011405061125234345,tail
241,0.25,0.25,0.5,7.556249999999997,1.0397207705399178,0.07565152197925447,0.002453265107743949,tail
242,0.0,0.25,0.75,7.5749999999999975,0.5623351444188083,0.0755560406438666,9.548133538786474e-05,tail
243,0.5,0.0,0.5,7.649999999999997,0.6931471803599453,0.07757970811437064,0.0020236674705040314,tail
244,0.0,0.5,0.5,7.649999999999997,0.6931471803599453,0.07757970811437064,0.0,tail
245,0.75,0.0,0.25,7.724999999999998,0.5623351444188083,0.07972404663030436,0.002144338515933722,tail
246,0.75,0.25,0.0,7.781249999999997,0.5623351444188083,0.08018245253448085,0.00045840590417649263,tail
247,0.25,0.25,0.5,7.8562499999999975,1.0397207705399178,0.08239005721431202,0.0022076046798311655,tail
248,0.25,0.5,0.25,7.8749999999999964,1.0397207705399178,0.0822984068969601,9.16503173519212e-05,tail
249,0.75,0.0,0.25,7.931249999999997,0.5623351444188083,0.08271913237643962,0.0004207254794795223,tail
250,0.0,0.5,0.5,7.987499999999997,0.6931471803599453,0.08389258436718575,0.00117345199074613,tail
251,0.25,0.25,0.5,8.043749999999996,1.0397207705399178,0.08503157093430283,0.001138986567117084,tail
252,0.25,0.25,0.5,8.099999999999996,1.0397207705399178,0.08529961746445965,0.00026804653015681523,tail
253,0.75,0.25,0.0,8.024999999999997,0.5623351444188083,0.08412600348171412,0.0011736139827455278,tail
254,0.25,0.0,0.75,8.081249999999997,0.5623351444188083,0.08516796109583723,0.0010419576141231096,tail
255,0.0,0.25,0.75,8.024999999999995,0.5623351444188083,0.08427369690231441,0.0008942641935228146,tail
256,0.25,0.5,0.25,8.081249999999997,1.0397207705399178,0.08460330993574158,0.0003296130334271702,tail
257,0.25,0.25,0.5,8.024999999999995,1.0397207705399178,0.08333750249987398,0.0012658074358675997,tail
258,0.75,0.25,0.0,8.043749999999996,0.5623351444188083,0.08346378331348174,0.000126280813607757,tail
259,0.0,0.25,0.75,8.062499999999996,0.5623351444188083,0.08359165430913974,0.00012787099565800264,tail
260,0.5,0.25,0.25,8.118749999999995,1.0397207705399178,0.08383033822929928,0.00023868392015953532,tail
261,0.25,0.0,0.75,8.174999999999995,0.5623351444188083,0.08409844852991469,0.0002681103006154095,tail
262,0.75,0.25,0.0,8.231249999999996,0.5623351444188083,0.08503968640516439,0.0009412378752497036,tail
263,0.25,0.0,0.75,8.249999999999996,0.5623351444188083,0.0868725843988695,0.0018328979937051043,tail
264,0.5,0.25,0.25,8.174999999999995,1.0397207705399178,0.08542832491578241,0.0014442594830870875,tail
265,0.0,0.25,0.75,8.193749999999994,0.5623351444188083,0.08507832635038823,0.00034999856539418006,tail
266,0.0,0.75,0.25,8.268749999999995,0.5623351444188083,0.0877734937091859,0.0026951673587976704,tail
267,0.25,0.25,0.5,8.212499999999995,1.0397207705399178,0.08645017531792427,0.0013233183912616242,tail
268,0.25,0.5,0.25,8.268749999999995,1.0397207705399178,0.08647470728484623,2.4531966921953474e-05,tail
269,0.5,0.5,0.0,8.287499999999994,0.6931471803599453,0.08646553684850307,9.170436343158839e-06,tail
270,0.5,0.25,0.25,8.306249999999995,1.0397207705399178,0.0861871877764056,0.00027834907209746407,tail
271,0.25,0.0,0.75,8.362499999999994,0.5623351444188083,0.08620975560692302,2.256783051741984e-05,tail
272,0.25,0.25,0.5,8.362499999999994,1.0397207705399178,0.08620975560692302,0.0,tail
273,0.25,0.75,0.0,8.287499999999994,0.5623351444188083,0.08542177068083903,0.0007879849260839927,tail
274,0.5,0.25,0.25,8.306249999999995,1.0397207705399178,0.08554140536167183,0.00011963468083280027,tail
275,0.75,0.25,0.0,8.324999999999996,0.5623351444188083,0.08794664773157689,0.002405242369905053,tail
276,0.25,0.5,0.25,8.399999999999995,1.0397207705399178,0.09110998580775184,0.003163338076174957,tail
277,0.25,0.5,0.25,8.474999999999994,1.0397207705399178,0.0943295880440247,0.0032196022362728643,tail
278,0.25,0.5,0.25,8.418749999999994,1.0397207705399178,0.09421925845173217,0.00011032959229254069,tail
279,0.5,0.25,0.25,8.474999999999994,1.0397207705399178,0.09277155615782402,0.001447702293908143,tail
280,0.0,0.75,0.25,8.531249999999995,0.5623351444188083,0.09292080754973178,0.00014925139190775927,tail
281,0.25,0.25,0.5,8.549999999999994,1.0397207705399178,0.09542628226658557,0.002505474716853792,tail
282,0.5,0.5,0.0,8.493749999999993,0.6931471803599453,0.09663485467929647,0.0012085724127108982,tail
283,0.5,0.25,0.25,8.418749999999994,1.0397207705399178,0.09764339526506009,0.0010085405857636204,tail
284,0.0,0.0,1.0,8.418749999999994,-1.000000082690371e-10,0.09764339526506009,0.0,tail
285,0.0,0.75,0.25,8.437499999999993,0.5623351444188083,0.09774608368113717,0.00010268841607707913,tail
286,0.25,0.25,0.5,8.456249999999994,1.0397207705399178,0.09785040311050722,0.00010431942937004501,tail
287,0.25,0.25,0.5,8.531249999999995,1.0397207705399178,0.09503248713524752,0.0028179159752596966,tail
288,0.0,0.5,0.5,8.549999999999994,0.6931471803599453,0.09513288403596243,0.00010039690071490803,tail
289,0.0,0.5,0.5,8.606249999999994,0.6931471803599453,0.09499693662824006,0.00013594740772236713,tail
290,0.25,0.0,0.75,8.662499999999993,0.5623351444188083,0.09132159006773731,0.0036753465605027513,tail
291,0.25,0.5,0.25,8.718749999999993,1.0397207705399178,0.09050817182258468,0.0008134182451526306,tail
292,0.25,0.0,0.75,8.737499999999994,0.5623351444188083,0.090549635808979,4.146398639431892e-05,tail
293,0.25,0.25,0.5,8.812499999999993,1.0397207705399178,0.09117318161136377,0.0006235458023847729,tail
294,0.0,0.75,0.25,8.887499999999992,0.5623351444188083,0.08875768990550027,0.0024154917058634984,tail
295,0.25,0.25,0.5,8.812499999999993,1.0397207705399178,0.08893812465619541,0.00018043475069513815,tail
296,0.5,0.25,0.25,8.831249999999994,1.0397207705399178,0.0889660637741834,2.7939117987985096e-05,tail
297,0.75,0.0,0.25,8.849999999999994,0.5623351444188083,0.08899590590224338,2.9842128059981432e-05,tail
298,0.0,0.5,0.5,8.906249999999993,0.6931471803599453,0.08937589354642593,0.0003799876441825528,tail
299,0.5,0.25,0.25,8.831249999999994,1.0397207705399178,0.08882093213939471,0.0005549614070312209,tail
300,0.75,0.0,0.25,8.849999999999994,0.5623351444188083,0.09126370949144427,0.0024427773520495633,tail
301,0.25,0.25,0.5,8.868749999999993,1.0397207705399178,0.09084783905581333,0.0004158704356309467,tail
302,0.25,0.0,0.75,8.887499999999992,0.5623351444188083,0.09073029563017383,0.0001175434256394936,tail
303,0.75,0.25,0.0,8.831249999999992,0.5623351444188083,0.09046444590126052,0.00026584972891331715,tail
304,0.5,0.0,0.5,8.887499999999992,0.6931471803599453,0.09090255628739599,0.00043811038613547626,tail
305,0.5,0.0,0.5,8.943749999999993,0.6931471803599453,0.09096387790399653,6.132161660053759e-05,tail
306,0.75,0.25,0.0,8.962499999999991,0.5623351444188083,0.09352571551079097,0.0025618376067944454,tail
307,0.0,0.75,0.25,9.018749999999992,0.5623351444188083,0.09396200103706144,0.00043628552627046624,tail
308,0.5,0.25,0.25,9.037499999999993,1.0397207705399178,0.09396974478004941,7.743742987967317e-06,tail
309,0.0,0.75,0.25,9.056249999999991,0.5623351444188083,0.09404178435600294,7.203957595353083e-05,tail
310,0.5,0.5,0.0,9.074999999999992,0.6931471803599453,0.09404952152988258,7.737173879640569e-06,tail
311,0.25,0.0,0.75,9.149999999999991,0.5623351444188083,0.09137225448071606,0.002677267049166515,tail
312,0.25,0.75,0.0,9.168749999999992,0.5623351444188083,0.09188921847650071,0.0005169639957846445,tail
313,0.75,0.25,0.0,9.224999999999993,0.5623351444188083,0.09195457863124515,6.53601547444399e-05,tail
314,0.5,0.25,0.25,9.281249999999993,1.0397207705399178,0.09171301621770951,0.000241562413535637,tail
315,0.75,0.0,0.25,9.337499999999991,0.5623351444188083,0.0914984844478303,0.00021453176987920597,tail
316,0.5,0.0,0.5,9.393749999999992,0.6931471803599453,0.09128574975120009,0.00021273469663021793,tail
317,0.75,0.25,0.0,9.449999999999992,0.5623351444188083,0.09112989860709121,0.00015585114410887613,tail
318,0.5,0.0,0.5,9.393749999999992,0.6931471803599453,0.09091592193400973,0.00021397667308148405,tail
319,0.0,0.75,0.25,9.412499999999993,0.5623351444188083,0.09340601011548606,0.0024900881814763354,tail
320,0.5,0.0,0.5,9.468749999999993,0.6931471803599453,0.09361695188669299,0.00021094177120692392,tail
321,0.25,0.25,0.5,9.524999999999991,1.0397207705399178,0.09346649262198396,0.00015045926470902415,tail
322,0.5,0.25,0.25,9.59999999999999,1.0397207705399178,0.09663174207468637,0.003165249452702412,tail
323,0.0,0.5,0.5,9.656249999999991,0.6931471803599453,0.09689713232842363,0.00026539025373725766,tail
324,0.5,0.0,0.5,9.656249999999991,0.6931471803599453,0.09689713232842363,0.0,tail
325,0.5,0.25,0.25,9.712499999999991,1.0397207705399178,0.09677878062091937,0.00011835170750426616,tail
326,0.75,0.0,0.25,9.731249999999992,0.5623351444188083,0.0970241168652003,0.0002453362442809276,tail
327,0.5,0.0,0.5,9.78749999999999,0.6931471803599453,0.0984973473275061,0.0014732304623058107,tail
328,0.5,0.25,0.25,9.843749999999993,1.0397207705399178,0.0983182368355142,0.00017911049199190177,tail
329,0.0,0.5,0.5,9.899999999999991,0.6931471803599453,0.09873059100752034,0.0004123541720061352,tail
330,0.25,0.75,0.0,9.843749999999993,0.5623351444188083,0.09894115859733577,0.00021056758981542745,tail
331,0.25,0.5,0.25,9.78749999999999,1.0397207705399178,0.0987810473344954,0.00016011126284036503,tail
332,0.5,0.25,0.25,9.843749999999991,1.0397207705399178,0.09897838612615738,0.00019733879166197732,tail
333,0.5,0.0,0.5,9.76874999999999,0.6931471803599453,0.09956254359348893,0.0005841574673315503,tail
334,0.75,0.25,0.0,9.712499999999991,0.5623351444188083,0.1009227070343376,0.0013601634408486746,tail
335,0.25,0.25,0.5,9.656249999999991,1.0397207705399178,0.10100158139575982,7.887436142221815e-05,tail
336,0.5,0.25,0.25,9.67499999999999,1.0397207705399178,0.1009845392628928,1.7042132867017834e-05,tail
337,0.25,0.5,0.25,9.73124999999999,1.0397207705399178,0.10258907883991392,0.0016045395770211135,tail
338,0.0,0.5,0.5,9.78749999999999,0.6931471803599453,0.10420058822677253,0.0016115093868586117,tail
339,0.0,0.5,0.5,9.73124999999999,0.6931471803599453,0.10474382812963183,0.0005432399028593021,tail
340,0.0,0.25,0.75,9.78749999999999,0.5623351444188083,0.1052035724995426,0.0004597443699107667,tail
341,0.25,0.0,0.75,9.78749999999999,0.5623351444188083,0.1052035724995426,0.0,tail
342,0.25,0.0,0.75,9.806249999999991,0.5623351444188083,0.10531752584446641,0.0001139533449238117,tail
343,0.5,0.0,0.5,9.82499999999999,0.6931471803599453,0.10543296975382493,0.00011544390935852578,tail
344,0.25,0.25,0.5,9.88124999999999,1.0397207705399178,0.10388327492444403,0.0015496948293809015,tail
345,0.0,0.5,0.5,9.89999999999999,0.6931471803599453,0.10399762325342322,0.00011434832897919134,tail
346,0.25,0.25,0.5,9.97499999999999,1.0397207705399178,0.10371819500788797,0.000279428245535257,tail
347,0.5,0.25,0.25,9.918749999999989,1.0397207705399178,0.10422839212850922,0.000510197120621253,tail
348,0.25,0.25,0.5,9.937499999999988,1.0397207705399178,0.10377412704737288,0.000454265081136343,tail
349,0.0,0.25,0.75,9.881249999999989,0.5623351444188083,0.1039210667171904,0.0001469396698175196,tail
350,0.0,0.5,0.5,9.899999999999988,0.6931471803599453,0.1038925142341292,2.8552483061203282e-05,tail
351,0.0,0.5,0.5,9.956249999999988,0.6931471803599453,0.10362700834067688,0.00026550589345231135,tail
352,0.5,0.25,0.25,10.012499999999989,1.0397207705399178,0.10325200302401907,0.0003750053166578088,tail
353,0.25,0.25,0.5,9.956249999999988,1.0397207705399178,0.10326225714170607,1.0254117687000242e-05,tail
354,0.0,0.25,0.75,10.031249999999988,0.5623351444188083,0.10667576458596313,0.003413507444257058,tail
355,0.25,0.25,0.5,10.106249999999989,1.0397207705399178,0.11012251699811361,0.003446752412150478,tail
356,0.25,0.25,0.5,10.124999999999988,1.0397207705399178,0.1102258177686952,0.00010330077058158527,tail
357,0.25,0.5,0.25,10.068749999999987,1.0397207705399178,0.11068935471185844,0.00046353694316324245,tail
358,0.25,0.25,0.5,10.087499999999986,1.0397207705399178,0.1108439844506175,0.00015462973875905728,tail
359,0.0,0.5,0.5,10.106249999999987,0.6931471803599453,0.11361875250212321,0.0027747680515057133,tail
360,0.25,0.5,0.25,10.162499999999987,1.0397207705399178,0.11408960294435173,0.00047085044222852646,tail
361,0.5,0.0,0.5,10.181249999999988,0.6931471803599453,0.11403980748393103,4.9795460420706816e-05,tail
362,0.5,0.25,0.25,10.237499999999986,1.0397207705399178,0.11375042734962382,0.00028938013430721,tail
363,0.0,0.5,0.5,10.181249999999986,0.6931471803599453,0.11612665200355772,0.0023762246539339033,tail
364,0.5,0.0,0.5,10.237499999999986,0.6931471803599453,0.11557029486661093,0.0005563571369467946,tail
365,0.5,0.0,0.5,10.312499999999986,0.6931471803599453,0.114966812844209,0.0006034820224019299,tail
366,0.5,0.25,0.25,10.331249999999986,1.0397207705399178,0.11492479991462455,4.2012929584445136e-05,tail
367,0.25,0.25,0.5,10.349999999999985,1.0397207705399178,0.11488406746948489,4.07324451396629e-05,tail
368,0.5,0.25,0.25,10.349999999999985,1.0397207705399178,0.11488406746948489,0.0,tail
369,0.25,0.25,0.5,10.368749999999986,1.0397207705399178,0.11484461687125512,3.945059822976771e-05,tail
370,0.75,0.0,0.25,10.387499999999985,0.5623351444188083,0.11480644944136699,3.816742988813071e-05,tail
371,0.5,0.0,0.5,10.406249999999986,0.6931471803599453,0.11494865059801866,0.00014220115665167232,tail
372,0.5,0.25,0.25,10.462499999999986,1.0397207705399178,0.11470448141007993,0.00024416918793873643,tail
373,0.25,0.5,0.25,10.518749999999986,1.0397207705399178,0.1131546020968403,0.0015498793132396188,tail
374,0.25,0.5,0.25,10.574999999999985,1.0397207705399178,0.11361485408802957,0.0004602519911892644,tail
375,0.5,0.5,0.0,10.631249999999985,0.6931471803599453,0.1131750196352722,0.0004398344527573733,tail
376,0.5,0.5,0.0,10.649999999999986,0.6931471803599453,0.11588766149511066,0.002712641859838466,tail
377,0.5,0.0,0.5,10.668749999999985,0.6931471803599453,0.11600390057199139,0.0001162390768807281,tail
378,0.75,0.25,0.0,10.724999999999984,0.5623351444188083,0.11580508873270068,0.00019881183929071344,tail
379,0.5,0.5,0.0,10.799999999999985,0.6931471803599453,0.11929919422634563,0.0034941054936449556,tail
380,0.75,0.0,0.25,10.856249999999987,0.5623351444188083,0.117756876052478,0.0015423181738676295,tail
381,0.0,0.25,0.75,10.874999999999986,0.5623351444188083,0.11860217590108545,0.000845299848607442,tail
382,0.5,0.25,0.25,10.893749999999985,1.0397207705399178,0.12134345625125313,0.0027412803501676852,tail
383,0.25,0.25,0.5,10.837499999999986,1.0397207705399178,0.12372616563403152,0.002382709382778389,tail
384,0.25,0.75,0.0,10.893749999999985,0.5623351444188083,0.12541242898433072,0.0016862633502991997,tail
385,0.25,0.5,0.25,10.949999999999985,1.0397207705399178,0.12503412034320788,0.0003783086411228431,tail
386,0.25,0.5,0.25,11.024999999999986,1.0397207705399178,0.12445719645725503,0.0005769238859528458,tail
387,0.75,0.0,0.25,11.081249999999986,0.5623351444188083,0.12492231787583831,0.00046512141858327805,tail
388,0.75,0.25,0.0,11.156249999999986,0.5623351444188083,0.1284860242210749,0.003563706345236603,tail
389,0.0,0.5,0.5,11.212499999999984,0.6931471803599453,0.12895420025686888,0.0004681760357939657,tail
390,0.25,0.25,0.5,11.268749999999985,1.0397207705399178,0.1283271356052126,0.0006270646516562672,tail
391,0.25,0.25,0.5,11.343749999999986,1.0397207705399178,0.128075456207029,0.00025167939818360185,tail
392,0.25,0.0,0.75,11.362499999999986,0.5623351444188083,0.12817644800397768,0.00010099179694866844,tail
393,0.5,0.25,0.25,11.437499999999986,1.0397207705399178,0.1280779944262468,9.845357773088925e-05,tail
394,0.5,0.0,0.5,11.493749999999986,0.6931471803599453,0.12851898098032805,0.0004409865540812574,tail
395,0.25,0.75,0.0,11.512499999999985,0.5623351444188083,0.12919700248608168,0.0006780215057536343,tail
396,0.25,0.0,0.75,11.568749999999985,0.5623351444188083,0.12915398627273797,4.301621334371064e-05,tail
397,0.25,0.0,0.75,11.568749999999985,0.5623351444188083,0.12915398627273797,0.0,tail
398,0.0,0.25,0.75,11.624999999999986,0.5623351444188083,0.1288152831388364,0.00033870313390158,tail
399,0.5,0.0,0.5,11.681249999999986,0.6931471803599453,0.13037437413293784,0.001559090994101453,tail
400,0.75,0.0,0.25,11.737499999999985,0.5623351444188083,0.13004425662271768,0.00033011751022016256,tail
401,0.0,0.25,0.75,11.737499999999985,0.5623351444188083,0.13004425662271768,0.0,tail
402,0.5,0.25,0.25,11.793749999999985,1.0397207705399178,0.13009420831917973,4.9951696462047224e-05,tail
403,0.5,0.25,0.25,11.812499999999986,1.0397207705399178,0.12966222477931616,0.0004319835398635674,tail
404,1.0,0.0,0.0,11.831249999999985,-1.000000082690371e-10,0.12923082915798695,0.0004313956213292114,tail
405,0.5,0.0,0.5,11.887499999999985,0.6931471803599453,0.12895659160105313,0.00027423755693381513,tail
406,0.25,0.5,0.25,11.943749999999985,1.0397207705399178,0.13047793422431295,0.0015213426232598137,tail
407,0.75,0.0,0.25,11.999999999999986,0.5623351444188083,0.1306060675407996,0.00012813331648664494,tail
408,0.75,0.0,0.25,12.074999999999985,0.5623351444188083,0.1338646591218356,0.003258591581036002,tail
409,0.5,0.0,0.5,12.149999999999986,0.6931471803599453,0.13122399378596344,0.00264066533587215,tail
410,0.0,0.5,0.5,12.224999999999984,0.6931471803599453,0.13448930054768385,0.0032653067617204046,tail
411,0.0,0.0,1.0,12.149999999999984,-1.000000082690371e-10,0.13532795972757244,0.0008386591798885956,tail
412,0.5,0.25,0.25,12.224999999999987,1.0397207705399178,0.1354410635074439,0.00011310377987144848,tail
413,0.0,0.5,0.5,12.281249999999986,0.6931471803599453,0.1369645318544578,0.0015234683470139176,tail
414,0.75,0.0,0.25,12.356249999999985,0.5623351444188083,0.1402695755302771,0.003305043675819297,tail
415,0.75,0.25,0.0,12.374999999999986,0.5623351444188083,0.1402775785545878,8.00302431069877e-06,tail
416,0.25,0.25,0.5,12.393749999999986,1.0397207705399178,0.14285184997635253,0.0025742714217647233,tail
417,0.25,0.25,0.5,12.449999999999985,1.0397207705399178,0.14254462934171294,0.0003072206346395878,tail
418,0.0,0.5,0.5,12.506249999999987,0.6931471803599453,0.14225454005642957,0.00029008928528337363,tail
419,0.5,0.5,0.0,12.562499999999986,0.6931471803599453,0.1423663984451726,0.00011185838874303022,tail
420,0.25,0.25,0.5,12.487499999999986,1.0397207705399178,0.1431469370015172,0.0007805385563446066,tail
421,0.0,0.25,0.75,12.506249999999984,0.5623351444188083,0.14312415696015549,2.2780041361719627e-05,tail
422,0.25,0.5,0.25,12.562499999999986,1.0397207705399178,0.14318127987362614,5.7122913470653014e-05,tail
423,0.25,0.25,0.5,12.581249999999986,1.0397207705399178,0.14574181652268844,0.002560536649062306,tail
424,0.25,0.5,0.25,12.656249999999986,1.0397207705399178,0.14590557734370416,0.00016376082101571265,tail
425,0.5,0.25,0.25,12.712499999999986,1.0397207705399178,0.1474197654304977,0.0015141880867935442,tail
426,0.0,0.5,0.5,12.731249999999987,0.6931471803599453,0.14995835069926605,0.0025385852687683508,tail
427,0.25,0.25,0.5,12.749999999999986,1.0397207705399178,0.15003187739980706,7.352670054100452e-05,tail
428,0.5,0.25,0.25,12.768749999999986,1.0397207705399178,0.15004428021189337,1.2402812086309556e-05,tail
429,0.5,0.0,0.5,12.693749999999987,0.6931471803599453,0.1509020719866389,0.0008577917747455421,tail
430,0.25,0.25,0.5,12.768749999999986,1.0397207705399178,0.1482017484597514,0.0027003235268875103,tail
431,0.25,0.25,0.5,12.824999999999987,1.0397207705399178,0.14974822330146054,0.001546474841709139,tail
432,0.25,0.5,0.25,12.843749999999988,1.0397207705399178,0.15233894472478385,0.002590721423323311,tail
433,0.5,0.0,0.5,12.862499999999986,0.6931471803599453,0.15233937351263416,4.2878785030953104e-07,tail
434,0.0,0.75,0.25,12.918749999999987,0.5623351444188083,0.1527787368972407,0.00043936338460653923,tail
435,1.0,0.0,0.0,12.974999999999987,-1.000000082690371e-10,0.15245254982425283,0.0003261870729878713,tail
436,0.5,0.5,0.0,13.031249999999988,0.6931471803599453,0.15214230163868392,0.00031024818556890654,tail
437,0.25,0.25,0.5,13.087499999999988,1.0397207705399178,0.15184809003710348,0.0002942116015804408,tail
438,0.0,0.0,1.0,13.143749999999986,-1.000000082690371e-10,0.15194292034071963,9.483030361615019e-05,tail
439,0.5,0.0,0.5,13.218749999999988,0.6931471803599453,0.14930986492488865,0.002633055415830976,tail
440,0.5,0.25,0.25,13.237499999999986,1.0397207705399178,0.14937392782041856,6.406289552990385e-05,tail
441,0.25,0.25,0.5,13.162499999999987,1.0397207705399178,0.15014066610367488,0.0007667382832563241,tail
442,0.25,0.5,0.25,13.162499999999987,1.0397207705399178,0.15014066610367488,0.0,tail
443,0.5,0.0,0.5,13.237499999999986,0.6931471803599453,0.15345748200958417,0.0033168159059092928,tail
444,0.0,0.5,0.5,13.293749999999985,0.6931471803599453,0.1519930082798937,0.0014644737296904686,tail
445,0.25,0.0,0.75,13.349999999999985,0.5623351444188083,0.15206973683514652,7.672855525281408e-05,tail
446,0.5,0.25,0.25,13.406249999999986,1.0397207705399178,0.1506271683223354,0.001442568512811132,tail
447,0.75,0.0,0.25,13.424999999999985,0.5623351444188083,0.15064442302156295,1.7254699227559067e-05,tail
448,0.5,0.0,0.5,13.481249999999985,0.6931471803599453,0.15079279640591675,0.00014837338435380598,tail
449,0.25,0.5,0.25,13.537499999999984,1.0397207705399178,0.15229318284698845,0.0015003864410716994,tail
450,0.25,0.25,0.5,13.593749999999986,1.0397207705399178,0.1527176114166442,0.0004244285696557437,tail
451,0.25,0.25,0.5,13.649999999999984,1.0397207705399178,0.15314257835610293,0.0004249669394587319,tail
452,0.25,0.5,0.25,13.668749999999985,1.0397207705399178,0.153163695507543,2.111715144006987e-05,tail
453,0.25,0.5,0.25,13.668749999999985,1.0397207705399178,0.153163695507543,0.0,tail
454,0.5,0.25,0.25,13.687499999999986,1.0397207705399178,0.1531857815874408,2.208607989781508e-05,tail
455,0.5,0.25,0.25,13.743749999999984,1.0397207705399178,0.15176334630354443,0.0014224352838963783,tail
456,0.25,0.25,0.5,13.818749999999984,1.0397207705399178,0.15213357189626556,0.000370225592721124,tail
457,0.25,0.25,0.5,13.837499999999984,1.0397207705399178,0.15218404912811107,5.047723184550823e-05,tail
458,0.5,0.0,0.5,13.837499999999984,0.6931471803599453,0.15218404912811107,0.0,tail
459,0.25,0.0,0.75,13.837499999999984,0.5623351444188083,0.15218404912811107,0.0,tail
460,0.25,0.75,0.0,13.856249999999985,0.5623351444188083,0.15258496750672174,0.0004009183786106707,tail
461,0.25,0.0,0.75,13.912499999999987,0.5623351444188083,0.15280816143579642,0.0002231939290746887,tail
462,0.25,0.25,0.5,13.968749999999986,1.0397207705399178,0.15305483795077637,0.0002466765149799488,tail
463,0.5,0.5,0.0,13.912499999999984,0.6931471803599453,0.15282847422755277,0.00022636372322359932,tail
464,0.25,0.25,0.5,13.837499999999984,1.0397207705399178,0.1524965875073552,0.0003318867201975717,tail
465,0.5,0.0,0.5,13.856249999999985,0.6931471803599453,0.15252237569224097,2.578818488577217e-05,tail
466,0.25,0.25,0.5,13.874999999999984,1.0397207705399178,0.15299765821782518,0.0004752825255842086,tail
467,0.0,0.0,1.0,13.818749999999985,-1.000000082690371e-10,0.1533570591358778,0.00035940091805261587,tail
468,0.5,0.25,0.25,13.837499999999986,1.0397207705399178,0.15343216498984752,7.510585396972025e-05,tail
469,0.25,0.25,0.5,13.856249999999987,1.0397207705399178,0.1534458769494226,1.3711959575085642e-05,tail
470,0.25,0.5,0.25,13.931249999999988,1.0397207705399178,0.15673741199676614,0.00329153504734353,tail
471,0.25,0.25,0.5,13.87499999999999,1.0397207705399178,0.15714849168063805,0.0004110796838719122,tail
472,0.5,0.25,0.25,13.893749999999988,1.0397207705399178,0.15715321859441153,4.726913773483998e-06,tail
473,0.25,0.5,0.25,13.912499999999987,1.0397207705399178,0.1567180766713117,0.0004351419230998188,tail
474,0.0,0.25,0.75,13.912499999999987,0.5623351444188083,0.1567180766713117,0.0,tail
475,0.25,0.25,0.5,13.931249999999988,1.0397207705399178,0.15735210759277576,0.0006340309214640516,tail
476,0.5,0.25,0.25,13.987499999999986,1.0397207705399178,0.15736482983862204,1.2722245846280567e-05,tail
477,0.25,0.5,0.25,14.043749999999989,1.0397207705399178,0.15699991568247776,0.0003649141561442859,tail
478,0.25,0.5,0.25,14.099999999999987,1.0397207705399178,0.15554804266331496,0.0014518730191628026,tail
479,0.5,0.25,0.25,14.043749999999989,1.0397207705399178,0.1559509582814048,0.000402915618089833,tail
480,0.75,0.0,0.25,14.118749999999988,0.5623351444188083,0.15927862554515945,0.0033276672637546634,tail
481,0.25,0.5,0.25,14.06249999999999,1.0397207705399178,0.1597307222979753,0.0004520967528158504,tail
482,0.5,0.5,0.0,14.118749999999988,0.6931471803599453,0.15838498061158726,0.0013457416863880411,tail
483,0.25,0.25,0.5,14.062499999999988,1.0397207705399178,0.15833109784605942,5.388276552784066e-05,tail
484,0.25,0.5,0.25,14.118749999999988,1.0397207705399178,0.15797701820597052,0.0003540796400889057,tail
485,0.25,0.25,0.5,14.17499999999999,1.0397207705399178,0.15840915399510214,0.0004321357891316213,tail
486,0.0,0.5,0.5,14.24999999999999,0.6931471803599453,0.1585963878406776,0.00018723384557545186,tail
487,0.25,0.0,0.75,14.306249999999991,0.5623351444188083,0.1601038901537393,0.0015075023130617093,tail
488,0.5,0.0,0.5,14.36249999999999,0.6931471803599453,0.16054748183515866,0.00044359168141935856,tail
489,0.0,0.25,0.75,14.38124999999999,0.5623351444188083,0.1606015763292625,5.40944941038457e-05,tail
490,0.25,0.25,0.5,14.38124999999999,1.0397207705399178,0.1606015763292625,0.0,tail
491,0.25,0.25,0.5,14.45624999999999,1.0397207705399178,0.15804593983149873,0.0025556364977637747,tail
492,0.25,0.0,0.75,14.531249999999991,0.5623351444188083,0.161206060981657,0.0031601211501582627,tail
493,0.25,0.25,0.5,14.531249999999991,1.0397207705399178,0.161206060981657,0.0,tail
494,0.25,0.5,0.25,14.58749999999999,1.0397207705399178,0.16635191764290458,0.005145856661247589,tail
495,0.25,0.5,0.25,14.60624999999999,1.0397207705399178,0.16592967783404694,0.00042223980885763845,tail
496,0.5,0.5,0.0,14.53124999999999,0.6931471803599453,0.16667369256024234,0.0007440147261953967,tail
497,0.75,0.0,0.25,14.58749999999999,0.5623351444188083,0.16678691105094598,0.00011321849070364265,tail
498,0.75,0.25,0.0,14.643749999999988,0.5623351444188083,0.16693691111215087,0.00015000006120488574,tail
499,0.5,0.5,0.0,14.587499999999988,0.6931471803599453,0.1667987562507738,0.00013815486137705446,tail
500,0.0,0.75,0.25,14.512499999999985,0.5623351444188083,0.16662344882373606,0.00017530742703775193,tail
501,0.25,0.0,0.75,14.53124999999999,0.5623351444188083,0.16917971008828178,0.0025562612645457228,tail
502,0.25,0.5,0.25,14.606249999999989,1.0397207705399178,0.17250580706811505,0.0033260969798332707,tail
503,0.0,0.0,1.0,14.662499999999989,-1.000000082690371e-10,0.17218405042924773,0.00032175663886732653,tail
504,0.0,1.0,0.0,14.71874999999999,-1.000000082690371e-10,0.1737289618058497,0.0015449113766019817,tail
505,0.5,0.0,0.5,14.71874999999999,0.6931471803599453,0.1737289618058497,0.0,tail
506,0.25,0.0,0.75,14.774999999999988,0.5623351444188083,0.17377994096541732,5.097915956761567e-05,tail
507,0.75,0.0,0.25,14.71874999999999,0.5623351444188083,0.1737344180163266,4.552294909071497e-05,tail
508,0.25,0.5,0.25,14.774999999999988,1.0397207705399178,0.17911358225221702,0.00537916423589041,tail
509,0.5,0.25,0.25,14.71874999999999,1.0397207705399178,0.1795713211373116,0.00045773888509459404,tail
510,0.75,0.0,0.25,14.774999999999988,0.5623351444188083,0.1792162189228405,0.00035510221447110357,tail
511,0.25,0.25,0.5,14.831249999999988,1.0397207705399178,0.18466004449054343,0.005443825567702926,tail
512,0.5,0.0,0.5,14.756249999999987,0.6931471803599453,0.18575928667715394,0.001099242186610505,tail
513,0.25,0.25,0.5,14.774999999999988,1.0397207705399178,0.18842938645698304,0.0026700997798290993,tail
514,0.5,0.25,0.25,14.831249999999988,1.0397207705399178,0.18681373949441824,0.001615646962564804,tail
515,0.5,0.25,0.25,14.90624999999999,1.0397207705399178,0.19022442429199696,0.0034106847975787224,tail
516,0.0,0.75,0.25,14.849999999999989,0.5623351444188083,0.19072877867246033,0.0005043543804633677,tail
517,0.25,0.5,0.25,14.90624999999999,1.0397207705399178,0.1903378529454621,0.0003909257269982258,tail
518,0.25,0.25,0.5,14.92499999999999,1.0397207705399178,0.19043800482192366,0.00010015187646156276,tail
519,0.25,0.25,0.5,14.943749999999989,1.0397207705399178,0.19049266695385922,5.466213193555669e-05,tail
520,0.25,0.25,0.5,14.999999999999991,1.0397207705399178,0.19004327106864818,0.0004493958852110347,tail
521,0.0,0.25,0.75,15.056249999999991,0.5623351444188083,0.19163579914485798,0.0015925280762097982,tail
522,0.0,0.5,0.5,15.11249999999999,0.6931471803599453,0.19154971635793408,8.608278692390225e-05,tail
523,0.25,0.25,0.5,15.16874999999999,1.0397207705399178,0.19005049584839726,0.001499220509536825,tail
524,0.25,0.0,0.75,15.187499999999993,0.5623351444188083,0.19075964734595996,0.0007091514975627045,tail
525,0.5,0.0,0.5,15.20624999999999,0.6931471803599453,0.19074649930346618,1.314804249377688e-05,tail
526,0.25,0.25,0.5,15.13124999999999,1.0397207705399178,0.19187740565809933,0.0011309063546331433,tail
527,0.0,0.0,1.0,15.20624999999999,-1.000000082690371e-10,0.19534545055384014,0.0034680448957408183,tail
528,0.75,0.0,0.25,15.262499999999992,0.5623351444188083,0.1958008417194753,0.0004553911656351439,tail
529,0.5,0.25,0.25,15.337499999999991,1.0397207705399178,0.19474723869458613,0.0010536030248891604,tail
530,0.0,0.25,0.75,15.41249999999999,0.5623351444188083,0.19458842115047018,0.00015881754411595228,tail
531,0.0,0.0,1.0,15.41249999999999,-1.000000082690371e-10,0.19458842115047018,0.0,tail
532,0.5,0.0,0.5,15.487499999999992,0.6931471803599453,0.19799996711910353,0.003411545968633356,tail
533,0.0,0.25,0.75,15.543749999999992,0.5623351444188083,0.19959015624210882,0.0015901891230052922,tail
534,0.25,0.75,0.0,15.562499999999993,0.5623351444188083,0.199576478657513,1.367758459583368e-05,tail
535,0.0,0.25,0.75,15.581249999999995,0.5623351444188083,0.19967665267877316,0.00010017402126016872,tail
536,0.5,0.5,0.0,15.599999999999994,0.6931471803599453,0.19966298101947377,1.3671659299385741e-05,tail
537,0.0,0.25,0.75,15.656249999999995,0.5623351444188083,0.19958813929495312,7.484172452065785e-05,tail
538,0.25,0.25,0.5,15.712499999999995,1.0397207705399178,0.1995515860710498,3.6553223903307286e-05,tail
539,0.5,0.0,0.5,15.768749999999994,0.6931471803599453,0.19806655727585734,0.0014850287951924668,tail
540,0.25,0.25,0.5,15.824999999999994,1.0397207705399178,0.19807173420849444,5.176932637102061e-06,tail
541,0.25,0.25,0.5,15.843749999999993,1.0397207705399178,0.1980650233439049,6.710864589531962e-06,tail
542,0.5,0.0,0.5,15.899999999999995,0.6931471803599453,0.19773892676891314,0.00032609657499177436,tail
543,0.0,0.5,0.5,15.956249999999995,0.6931471803599453,0.19817670088662015,0.0004377741177070127,tail
544,0.0,1.0,0.0,16.012499999999996,-1.000000082690371e-10,0.19821559880874778,3.889792212763421e-05,tail
545,0.5,0.25,0.25,16.031249999999996,1.0397207705399178,0.1982241591590311,8.560350283320917e-06,tail
546,0.25,0.75,0.0,16.087499999999995,0.5623351444188083,0.19793171982227833,0.00029243933675277,tail
547,0.25,0.5,0.25,16.143749999999997,1.0397207705399178,0.1980330710316374,0.00010135120935905739,tail
548,0.0,0.5,0.5,16.199999999999996,0.6931471803599453,0.19846134371185736,0.000428272680219971,tail
549,0.5,0.25,0.25,16.218749999999996,1.0397207705399178,0.19853120053735857,6.98568255012022e-05,tail
550,0.75,0.25,0.0,16.275,0.5623351444188083,0.19896039265949775,0.00042919212213918256,tail
551,0.75,0.25,0.0,16.349999999999998,0.5623351444188083,0.2022506395059231,0.003290246846425343,tail
552,0.0,0.0,1.0,16.406249999999996,-1.000000082690371e-10,0.20196861434528599,0.00028202516063710603,tail
553,0.5,0.25,0.25,16.424999999999997,1.0397207705399178,0.20198307757946335,1.4463234177364281e-05,tail
554,0.5,0.0,0.5,16.44375,0.6931471803599453,0.20252056115607503,0.0005374835766116803,tail
555,0.5,0.25,0.25,16.5,1.0397207705399178,0.20405985088462367,0.0015392897285486373,tail
556,0.25,0.5,0.25,16.44375,1.0397207705399178,0.20402771313155907,3.213775306459832e-05,tail
557,0.25,0.5,0.25,16.5,1.0397207705399178,0.20406903915845453,4.132602689546627e-05,tail
558,0.5,0.0,0.5,16.51875,0.6931471803599453,0.20407786015016796,8.820991713426318e-06,tail
559,0.5,0.25,0.25,16.5375,1.0397207705399178,0.2040874102117613,9.550061593338599e-06,tail
560,0.25,0.25,0.5,16.6125,1.0397207705399178,0.20338554870887554,0.0007018615028857589,tail
561,0.25,0.25,0.5,16.6875,1.0397207705399178,0.2036427994232639,0.00025725071438836844,tail
562,0.0,0.5,0.5,16.74375,0.6931471803599453,0.2022261812560775,0.001416618167186412,tail
563,0.5,0.0,0.5,16.8,0.6931471803599453,0.20741738440681848,0.005191203150740981,tail
564,0.5,0.25,0.25,16.818749999999998,1.0397207705399178,0.20734682787843473,7.055652838375281e-05,tail
565,0.25,0.0,0.75,16.89375,0.5623351444188083,0.21062117639951566,0.0032743485210809387,tail
566,0.25,0.25,0.5,16.9125,1.0397207705399178,0.21069207739185086,7.090099233519886e-05,tail
567,0.5,0.0,0.5,16.9875,0.6931471803599453,0.21399156772879394,0.003299490336943073,tail
568,0.25,0.25,0.5,17.00625,1.0397207705399178,0.21406691601284217,7.534828404823224e-05,tail
569,0.5,0.25,0.25,17.025000000000002,1.0397207705399178,0.21363318770473871,0.00043372830810345375,tail
570,0.0,0.5,0.5,17.043750000000003,0.6931471803599453,0.21620112345047893,0.002567935745740213,tail
571,0.0,0.25,0.75,17.118750000000002,0.5623351444188083,0.21547913846723663,0.000721984983242302,tail
572,0.5,0.0,0.5,17.137500000000003,0.6931471803599453,0.21601388542849714,0.0005347469612605182,tail
573,0.25,0.0,0.75,17.0625,0.5623351444188083,0.2159604325336892,5.3452894807931584e-05,tail
574,0.25,0.0,0.75,17.137500000000003,0.5623351444188083,0.2151833328895885,0.0007770996441007205,tail
575,0.5,0.0,0.5,17.156250000000004,0.6931471803599453,0.21776058384151897,0.002577250951930482,tail
576,0.75,0.0,0.25,17.212500000000002,0.5623351444188083,0.21931246437731078,0.0015518805357918053,tail
577,0.5,0.5,0.0,17.268750000000004,0.6931471803599453,0.21975090854318388,0.0004384441658731031,tail
578,0.5,0.0,0.5,17.343750000000004,0.6931471803599453,0.2189985809822096,0.0007523275609742919,tail
579,0.25,0.0,0.75,17.362500000000004,0.5623351444188083,0.21907276188517638,7.41809029667917e-05,tail
580,0.75,0.0,0.25,17.38125,0.5623351444188083,0.2196358491913358,0.000563087306159421,tail
581,0.25,0.25,0.5,17.437500000000004,1.0397207705399178,0.22119064352103415,0.0015547943296983502,tail
582,0.25,0.0,0.75,17.512500000000006,0.5623351444188083,0.22455279341671344,0.0033621498956792895,tail
583,0.25,0.25,0.5,17.531250000000007,1.0397207705399178,0.22455198838155563,8.05035157813716e-07,tail
584,0.0,0.75,0.25,17.606250000000006,0.5623351444188083,0.2245940357684882,4.204738693255883e-05,tail
585,0.25,0.75,0.0,17.681250000000006,0.5623351444188083,0.2275643546826353,0.0029703189141471187,tail
586,0.5,0.25,0.25,17.681250000000006,1.0397207705399178,0.2275643546826353,0.0,tail
587,0.25,0.25,0.5,17.737500000000004,1.0397207705399178,0.2276037031297475,3.934844711220298e-05,tail
588,0.0,0.5,0.5,17.793750000000006,0.6931471803599453,0.22792563095847443,0.00032192782872692005,tail
589,1.0,0.0,0.0,17.85000000000001,-1.000000082690371e-10,0.22646309520196325,0.001462535756511174,tail
590,0.5,0.25,0.25,17.868750000000006,1.0397207705399178,0.22647273428355594,9.639081592682786e-06,tail
591,0.5,0.5,0.0,17.88750000000001,0.6931471803599453,0.22654697567253052,7.424138897457744e-05,tail
592,0.75,0.0,0.25,17.812500000000007,0.5623351444188083,0.2273996288786504,0.0008526532061198799,tail
593,0.5,0.25,0.25,17.868750000000006,1.0397207705399178,0.22743081704995266,3.118817130226548e-05,tail
594,0.5,0.25,0.25,17.94375000000001,1.0397207705399178,0.22755886482551207,0.0001280477755594145,tail
595,0.0,0.0,1.0,18.018750000000008,-1.000000082690371e-10,0.2249052536636729,0.002653611161839181,tail
596,0.25,0.25,0.5,18.075000000000006,1.0397207705399178,0.22461527648643262,0.00028997717724027483,tail
597,0.5,0.25,0.25,18.093750000000007,1.0397207705399178,0.22418935585212663,0.0004259206343059929,tail
598,0.25,0.5,0.25,18.16875000000001,1.0397207705399178,0.22745088444225242,0.003261528590125795,tail
599,0.25,0.25,0.5,18.22500000000001,1.0397207705399178,0.22758796541931153,0.00013708097705911193,tail
600,0.5,0.25,0.25,18.24375000000001,1.0397207705399178,0.22761015794605813,2.2192526746594998e-05,tail
601,0.25,0.0,0.75,18.30000000000001,0.5623351444188083,0.22803496530995998,0.00042480736390185236,tail
602,0.25,0.25,0.5,18.35625000000001,1.0397207705399178,0.22935969034111936,0.0013247250311593795,tail
603,0.5,0.25,0.25,18.37500000000001,1.0397207705399178,0.22942389999018742,6.420964906805882e-05,tail
604,0.0,0.25,0.75,18.43125000000001,0.5623351444188083,0.23054102547784022,0.0011171254876528036,tail
605,0.5,0.0,0.5,18.506250000000012,0.6931471803599453,0.2329674464276948,0.0024264209498545686,tail
606,0.25,0.25,0.5,18.58125000000001,1.0397207705399178,0.23318846957995332,0.00022102315225852598,tail
607,0.5,0.25,0.25,18.637500000000014,1.0397207705399178,0.23430498476709255,0.0011165151871392331,tail
608,0.5,0.0,0.5,18.712500000000013,0.6931471803599453,0.23459795584511697,0.00029297107802442324,tail
609,0.5,0.25,0.25,18.768750000000015,1.0397207705399178,0.23379485499052532,0.0008031008545916485,tail
610,0.25,0.0,0.75,18.712500000000013,0.5623351444188083,0.23358076152386467,0.0002140934666606531,tail
611,0.0,0.25,0.75,18.768750000000015,0.5623351444188083,0.23337197396100806,0.0002087875628566105,tail
612,0.0,0.25,0.75,18.787500000000016,0.5623351444188083,0.23516978190391552,0.001797807942907459,tail
613,0.5,0.25,0.25,18.862500000000015,1.0397207705399178,0.23751869064153355,0.002348908737618033,tail
614,0.25,0.25,0.5,18.918750000000017,1.0397207705399178,0.23611456302792927,0.0014041276136042835,tail
615,0.75,0.25,0.0,18.86250000000002,0.5623351444188083,0.2363773633003263,0.0002628002723970291,tail
616,0.5,0.25,0.25,18.881250000000016,1.0397207705399178,0.23595836891086053,0.00041899438946577106,tail
617,0.25,0.25,0.5,18.937500000000018,1.0397207705399178,0.23455174724233196,0.0014066216685285626,tail
618,0.5,0.25,0.25,18.956250000000015,1.0397207705399178,0.2341343797466676,0.0004173674956643725,tail
619,0.5,0.25,0.25,19.012500000000017,1.0397207705399178,0.23273329454129918,0.001401085205368413,tail
620,0.75,0.0,0.25,19.031250000000014,0.5623351444188083,0.23231759231629392,0.00041570222500525444,tail
621,0.25,0.0,0.75,19.106250000000017,0.5623351444188083,0.23277522945889179,0.0004576371425978609,tail
622,0.75,0.0,0.25,19.05000000000002,0.5623351444188083,0.23254045474282714,0.00023477471606464517,tail
623,0.5,0.5,0.0,19.106250000000017,0.6931471803599453,0.23236955473340487,0.00017090000942227013,tail
624,0.0,0.25,0.75,19.16250000000002,0.5623351444188083,0.23278030336472813,0.00041074863132326,tail
625,0.5,0.5,0.0,19.23750000000002,0.6931471803599453,0.23239276839273962,0.0003875349719885124,tail
626,0.25,0.5,0.25,19.29375000000002,1.0397207705399178,0.23279902581455197,0.000406257421812356,tail
627,0.5,0.25,0.25,19.312500000000018,1.0397207705399178,0.23263874977290191,0.00016027604165005926,tail
628,0.5,0.5,0.0,19.36875000000002,0.6931471803599453,0.23408888427671856,0.0014501345038166469,tail
629,0.25,0.25,0.5,19.42500000000002,1.0397207705399178,0.2355441044697128,0.0014552201929942388,tail
630,0.25,0.25,0.5,19.48125000000002,1.0397207705399178,0.23595545776095045,0.0004113532912376483,tail
631,0.25,0.25,0.5,19.53750000000002,1.0397207705399178,0.23457339726508025,0.0013820604958701965,tail
632,0.25,0.25,0.5,19.46250000000002,1.0397207705399178,0.2350668822296068,0.0004934849645265582,tail
633,0.5,0.25,0.25,19.481250000000017,1.0397207705399178,0.2375288599642231,0.0024619777346162885,tail
634,0.25,0.25,0.5,19.406250000000018,1.0397207705399178,0.237223005745211,0.0003058542190121083,tail
635,0.0,0.25,0.75,19.462500000000016,0.5623351444188083,0.2375868041688755,0.00036379842366451864,tail
636,0.25,0.25,0.5,19.462500000000016,1.0397207705399178,0.2375868041688755,0.0,tail
637,0.25,0.0,0.75,19.40625000000002,0.5623351444188083,0.2378930645792387,0.0003062604103631905,tail
638,0.75,0.0,0.25,19.42500000000002,0.5623351444188083,0.23791453848560512,2.1473906366420437e-05,tail
639,0.5,0.0,0.5,19.50000000000002,0.6931471803599453,0.23734171886060687,0.0005728196249982498,tail
640,0.0,0.5,0.5,19.51875000000002,0.6931471803599453,0.23724594401734161,9.57748432652561e-05,tail
641,0.25,0.5,0.25,19.575000000000017,1.0397207705399178,0.2374240694073151,0.00017812538997349914,tail
642,0.25,0.25,0.5,19.63125000000002,1.0397207705399178,0.23722201096004894,0.0002020584472661735,tail
643,0.25,0.5,0.25,19.68750000000002,1.0397207705399178,0.23753090336496008,0.00030889240491113745,tail
644,0.25,0.0,0.75,19.70625000000002,0.5623351444188083,0.23792495501741864,0.00039405165245856577,tail
645,0.5,0.5,0.0,19.72500000000002,0.6931471803599453,0.23795235050825153,2.7395490832887726e-05,tail
646,0.25,0.75,0.0,19.74375000000002,0.5623351444188083,0.23837904376902588,0.0004266932607743523,tail
647,0.25,0.0,0.75,19.76250000000002,0.5623351444188083,0.23884279014462317,0.00046374637559729037,tail
648,0.75,0.25,0.0,19.70625000000002,0.5623351444188083,0.23874498144355866,9.780870106451678e-05,tail
649,0.25,0.5,0.25,19.78125000000002,1.0397207705399178,0.23809905337913612,0.0006459280644225407,tail
650,0.5,0.0,0.5,19.70625000000002,0.6931471803599453,0.23882527794751418,0.0007262245683780644,tail
651,0.5,0.5,0.0,19.762500000000017,0.6931471803599453,0.23914787132427004,0.00032259337675585864,tail
652,0.25,0.25,0.5,19.781250000000018,1.0397207705399178,0.2410630814123986,0.0019152100881285605,tail
653,0.25,0.0,0.75,19.725000000000023,0.5623351444188083,0.24096522830336073,9.785310903787092e-05,tail
654,0.5,0.0,0.5,19.74375000000002,0.6931471803599453,0.24096742846524272,2.2001618819877944e-06,tail
655,0.5,0.5,0.0,19.76250000000002,0.6931471803599453,0.2415865086557716,0.0006190801905288923,tail
656,0.5,0.0,0.5,19.78125000000002,0.6931471803599453,0.24167427326658014,8.776461080853282e-05,tail
657,0.75,0.25,0.0,19.800000000000022,0.5623351444188083,0.24168749536944897,1.3222102868831742e-05,tail
658,0.5,0.25,0.25,19.818750000000023,1.0397207705399178,0.2416830012825264,4.494086922574025e-06,tail
659,0.25,0.25,0.5,19.837500000000023,1.0397207705399178,0.24177301794483164,9.001666230523675e-05,tail
660,0.5,0.25,0.25,19.893750000000026,1.0397207705399178,0.24175450077945618,1.8517165375459e-05,tail
661,0.25,0.5,0.25,19.950000000000024,1.0397207705399178,0.24176407415779144,9.573378335264726e-06,tail
662,0.25,0.5,0.25,19.968750000000025,1.0397207705399178,0.2417678504438404,3.776286048945421e-06,tail
663,0.5,0.0,0.5,20.02500000000002,0.6931471803599453,0.24585456462253286,0.004086714178692469,tail
664,0.0,0.25,0.75,19.968750000000025,0.5623351444188083,0.24629675761932138,0.00044219299678852075,tail
665,0.25,0.25,0.5,19.987500000000026,1.0397207705399178,0.24697051232814027,0.0006737547088188911,tail
666,0.25,0.5,0.25,20.006250000000026,1.0397207705399178,0.24696242372865077,8.088599489503023e-06,tail
667,0.0,0.25,0.75,20.062500000000025,0.5623351444188083,0.24660371420343538,0.0003587095252153838,tail
668,0.25,0.5,0.25,20.118750000000027,1.0397207705399178,0.24780666225694908,0.0012029480535137027,tail
669,0.25,0.75,0.0,20.137500000000024,0.5623351444188083,0.2484569511819094,0.0006502889249603294,tail
670,0.25,0.75,0.0,20.15625000000003,0.5623351444188083,0.2500823549984723,0.0016254038165628981,tail
671,0.5,0.5,0.0,20.175000000000026,0.6931471803599453,0.24997546631769407,0.00010688868077823876,tail
672,0.5,0.0,0.5,20.231250000000028,0.6931471803599453,0.2502527364714381,0.00027727015374401365,tail
673,0.25,0.0,0.75,20.25000000000003,0.5623351444188083,0.25031132575737614,5.8589285938048796e-05,tail
674,0.0,0.25,0.75,20.25000000000003,0.5623351444188083,0.25031132575737614,0.0,tail
675,0.25,0.5,0.25,20.175000000000026,1.0397207705399178,0.2509847399017048,0.0006734141443286434,tail
676,0.25,0.0,0.75,20.231250000000024,0.5623351444188083,0.25086384720575633,0.00012089269594844909,tail
677,0.75,0.0,0.25,20.15625000000002,0.5623351444188083,0.25088956715372196,2.571994796563004e-05,tail
678,0.5,0.0,0.5,20.21250000000002,0.6931471803599453,0.2507432875114473,0.0001462796422746493,tail
679,0.5,0.0,0.5,20.287500000000023,0.6931471803599453,0.2497369275955421,0.0010063599159051972,tail
680,0.25,0.5,0.25,20.362500000000026,1.0397207705399178,0.2469744020097522,0.0027625255857899045,tail
681,0.5,0.25,0.25,20.381250000000023,1.0397207705399178,0.24696395586593367,1.0446143818537701e-05,tail
682,0.0,0.5,0.5,20.437500000000025,0.6931471803599453,0.24659205432456424,0.0003719015413694293,tail
683,0.0,0.75,0.25,20.456250000000026,0.5623351444188083,0.2466875418042797,9.5487479715467e-05,tail
684,0.25,0.0,0.75,20.400000000000027,0.5623351444188083,0.24717475108767067,0.0004872092833909658,tail
685,0.0,0.25,0.75,20.475000000000026,0.5623351444188083,0.24441961291921058,0.0027551381684600973,tail
686,0.5,0.5,0.0,20.493750000000027,0.6931471803599453,0.24441089733072138,8.715588489194293e-06,tail
687,0.25,0.5,0.25,20.568750000000026,1.0397207705399178,0.24435381180886492,5.708552185645921e-05,tail
688,0.25,0.25,0.5,20.625000000000025,1.0397207705399178,0.2497705448120059,0.005416733003140967,tail
689,0.5,0.0,0.5,20.643750000000026,0.6931471803599453,0.25179408287518873,0.0020235380631828392,tail
690,0.25,0.0,0.75,20.700000000000024,0.5623351444188083,0.25175287926318546,4.120361200327105e-05,tail
691,0.75,0.0,0.25,20.718750000000025,0.5623351444188083,0.25131108332509217,0.0004417959380932923,tail
692,0.25,0.0,0.75,20.775000000000027,0.5623351444188083,0.2509618748158561,0.0003492085092360875,tail
693,0.25,0.0,0.75,20.831250000000026,0.5623351444188083,0.25226351295216787,0.001301638136311789,tail
694,0.5,0.0,0.5,20.887500000000024,0.6931471803599453,0.253467224039358,0.0012037110871901402,tail
695,0.5,0.0,0.5,20.83125000000003,0.6931471803599453,0.2536026023704724,0.00013537833111437747,tail
696,0.25,0.0,0.75,20.775000000000027,0.5623351444188083,0.25493637770513505,0.001333775334662668,tail
697,0.25,0.5,0.25,20.700000000000024,1.0397207705399178,0.2547479168155448,0.00018846088959023621,tail
698,0.25,0.5,0.25,20.643750000000026,1.0397207705399178,0.2551244790681138,0.00037656225256899045,tail
699,0.5,0.25,0.25,20.71875000000003,1.0397207705399178,0.25399421019938895,0.0011302688687248597,tail
700,0.25,0.5,0.25,20.775000000000027,1.0397207705399178,0.25227509901140943,0.0017191111879795162,tail
701,0.75,0.0,0.25,20.71875000000003,0.5623351444188083,0.2525775292982485,0.0003024302868390727,tail
702,0.5,0.25,0.25,20.643750000000026,1.0397207705399178,0.2528665661051382,0.00028903680688968647,tail
703,0.75,0.25,0.0,20.700000000000024,0.5623351444188083,0.25267995280621464,0.00018661329892355472,tail
704,0.25,0.5,0.25,20.775000000000027,1.0397207705399178,0.25515305403418326,0.0024731012279686215,tail
705,0.0,0.75,0.25,20.831250000000026,0.5623351444188083,0.2536168258360032,0.0015362281981800563,tail
706,0.5,0.0,0.5,20.850000000000026,0.6931471803599453,0.25588962683520355,0.002272800999200353,tail
707,0.5,0.25,0.25,20.92500000000003,1.0397207705399178,0.25811046382997804,0.002220836994774489,tail
708,0.5,0.25,0.25,21.000000000000025,1.0397207705399178,0.2577711471765349,0.00033931665344316686,tail
709,0.5,0.5,0.0,21.07500000000003,0.6931471803599453,0.2604831669964997,0.002712019819964828,tail
710,0.0,0.25,0.75,21.09375000000003,0.5623351444188083,0.2604559408036271,2.7226192872598087e-05,tail
711,0.5,0.5,0.0,21.150000000000027,0.6931471803599453,0.26028129319083054,0.0001746476127965635,tail
712,0.75,0.0,0.25,21.20625000000003,0.5623351444188083,0.2587598716942985,0.0015214214965320605,tail
713,0.5,0.25,0.25,21.262500000000028,1.0397207705399178,0.25921192176280566,0.00045205006850718155,tail
714,0.0,0.25,0.75,21.206250000000026,0.5623351444188083,0.2610008193078598,0.0017888975450541245,tail
715,0.5,0.5,0.0,21.262500000000024,0.6931471803599453,0.2622751009005911,0.0012742815927312967,tail
716,0.25,0.25,0.5,21.337500000000027,1.0397207705399178,0.26452943560673026,0.0022543347061391716,tail
717,0.0,0.5,0.5,21.356250000000024,0.6931471803599453,0.2662844425302861,0.0017550069235558463,tail
718,0.25,0.75,0.0,21.431250000000027,0.5623351444188083,0.2659020865127719,0.0003823560175141849,tail
719,0.75,0.25,0.0,21.487500000000026,0.5623351444188083,0.26550318958978053,0.00039889692299138746,tail
720,0.5,0.0,0.5,21.543750000000028,0.6931471803599453,0.26508727702665197,0.00041591256312856206,tail
721,0.5,0.25,0.25,21.56250000000003,1.0397207705399178,0.2650704957386137,1.678128803828116e-05,tail
722,0.25,0.5,0.25,21.618750000000027,1.0397207705399178,0.2654210666938932,0.00035057095527951665,tail
723,0.75,0.0,0.25,21.63750000000003,0.5623351444188083,0.2649732492167555,0.0004478174771376797,tail
724,0.25,0.25,0.5,21.56250000000003,1.0397207705399178,0.2651854976499981,0.00021224843324257892,tail
725,0.25,0.0,0.75,21.618750000000027,0.5623351444188083,0.2636682556320269,0.0015172420179712098,tail
726,0.25,0.0,0.75,21.56250000000003,0.5623351444188083,0.2638034821572849,0.00013522652525799206,tail
727,0.0,0.0,1.0,21.618750000000027,-1.000000082690371e-10,0.26364412056500997,0.0001593615922749203,tail
728,0.0,0.5,0.5,21.618750000000027,0.6931471803599453,0.26364412056500997,0.0,tail
729,0.0,0.0,1.0,21.637500000000028,-1.000000082690371e-10,0.2661589205427159,0.0025147999777059282,tail
730,0.75,0.25,0.0,21.637500000000028,0.5623351444188083,0.2661589205427159,0.0,tail
731,0.25,0.5,0.25,21.656250000000032,1.0397207705399178,0.26627161542962907,0.0001126948869131783,tail
732,0.5,0.0,0.5,21.71250000000003,0.6931471803599453,0.267532204649435,0.0012605892198059299,tail
733,0.5,0.5,0.0,21.63750000000003,0.6931471803599453,0.26783185344785415,0.0002996487984191498,tail
734,0.25,0.25,0.5,21.712500000000027,1.0397207705399178,0.26501628947434286,0.0028155639735112925,tail
735,0.0,0.25,0.75,21.76875000000003,0.5623351444188083,0.2632150646236276,0.0018012248507152662,tail
736,0.25,0.25,0.5,21.76875000000003,1.0397207705399178,0.2632150646236276,0.0,tail
737,0.25,0.25,0.5,21.825000000000028,1.0397207705399178,0.26279967787533237,0.00041538674829522115,tail
738,0.25,0.25,0.5,21.84375000000003,1.0397207705399178,0.2629065092625916,0.00010683138725925412,tail
739,0.25,0.75,0.0,21.86250000000003,0.5623351444188083,0.2630139441392446,0.00010743487665298979,tail
740,0.0,0.25,0.75,21.91875000000003,0.5623351444188083,0.26346333414887774,0.0004493900096331216,tail
741,0.0,0.25,0.75,21.93750000000003,0.5623351444188083,0.26426654360619883,0.0008032094573210968,tail
742,0.5,0.5,0.0,21.956250000000033,0.6931471803599453,0.26510138852576914,0.00083484491957031,tail
743,0.5,0.25,0.25,22.01250000000003,1.0397207705399178,0.2655555701437964,0.00045418161802723844,tail
744,0.5,0.5,0.0,22.06875000000003,0.6931471803599453,0.26539017044390206,0.00016539969989431969,tail
745,0.0,0.5,0.5,21.993750000000027,0.6931471803599453,0.26665737460575833,0.0012672041618562724,tail
746,0.5,0.0,0.5,21.918750000000028,0.6931471803599453,0.2668860686430484,0.0002286940372900892,tail
747,0.25,0.5,0.25,21.93750000000003,1.0397207705399178,0.2690561221537013,0.0021700535106528585,tail
748,0.0,0.5,0.5,21.993750000000027,0.6931471803599453,0.2688306196096979,0.00022550254400338643,tail
749,0.5,0.25,0.25,22.050000000000026,1.0397207705399178,0.2701135457728539,0.0012829261631560063,tail
750,0.5,0.25,0.25,22.125000000000025,1.0397207705399178,0.26973932086645686,0.0003742249063970471,tail
751,0.0,0.25,0.75,22.181250000000027,0.5623351444188083,0.2695713440220307,0.00016797684442615424,tail
752,0.5,0.5,0.0,22.237500000000026,0.6931471803599453,0.2694142890455543,0.00015705497647638955,tail
753,0.75,0.25,0.0,22.256250000000026,0.5623351444188083,0.2693940556198255,2.0233425728821697e-05,tail
754,0.25,0.5,0.25,22.312500000000025,1.0397207705399178,0.2689116229484198,0.0004824326714056859,tail
755,0.0,0.75,0.25,22.368750000000027,0.5623351444188083,0.2692637179039383,0.00035209495551852266,tail
756,0.25,0.25,0.5,22.368750000000027,1.0397207705399178,0.2692637179039383,0.0,tail
757,0.25,0.5,0.25,22.387500000000028,1.0397207705399178,0.2713507561218932,0.002087038217954862,tail
758,0.25,0.25,0.5,22.443750000000026,1.0397207705399178,0.27170503206308033,0.00035427594118714323,tail
759,0.0,0.75,0.25,22.50000000000003,0.5623351444188083,0.2720596188113274,0.0003545867482470655,tail
760,0.25,0.25,0.5,22.556250000000027,1.0397207705399178,0.27241451515295384,0.0003548963416264428,tail
761,0.5,0.0,0.5,22.612500000000026,0.6931471803599453,0.2719281390215007,0.00048637613145313674,tail
762,0.25,0.5,0.25,22.668750000000024,1.0397207705399178,0.27042123251722133,0.0015069065042793706,tail
763,0.25,0.0,0.75,22.59375000000003,0.5623351444188083,0.2716225902865405,0.001201357769319178,tail
764,0.75,0.0,0.25,22.668750000000024,0.5623351444188083,0.2705444515624503,0.001078138724090183,tail
765,0.0,0.0,1.0,22.68750000000003,-1.000000082690371e-10,0.2706528957359732,0.00010844417352284808,tail
766,0.25,0.5,0.25,22.743750000000027,1.0397207705399178,0.27023784046063115,0.00041505527534202447,tail
767,0.75,0.25,0.0,22.800000000000026,0.5623351444188083,0.27489934905355345,0.004661508592922303,tail
768,0.5,0.5,0.0,22.743750000000027,0.6931471803599453,0.2750298299524504,0.00013048089889694525,tail
769,0.5,0.25,0.25,22.80000000000003,1.0397207705399178,0.2748760485331447,0.00015378141930572076,tail
770,0.75,0.0,0.25,22.818750000000026,0.5623351444188083,0.27495120422551106,7.515569236637987e-05,tail
771,0.5,0.25,0.25,22.893750000000033,1.0397207705399178,0.2774400613952469,0.0024888571697358475,tail
772,0.25,0.75,0.0,22.837500000000027,0.5623351444188083,0.2773595534110683,8.05079841785794e-05,tail
773,0.75,0.25,0.0,22.89375000000003,0.5623351444188083,0.27691299480151754,0.0004465586095507845,tail
774,0.0,0.5,0.5,22.95000000000003,0.6931471803599453,0.2781189680874966,0.001205973285979045,tail
775,0.5,0.25,0.25,22.96875000000003,1.0397207705399178,0.27819589029819247,7.692221069588445e-05,tail
776,1.0,0.0,0.0,23.025000000000027,-1.000000082690371e-10,0.2818754231217293,0.003679532823536835,tail
777,0.0,0.75,0.25,23.08125000000003,0.5623351444188083,0.28217682825948287,0.00030140513775356315,tail
778,0.25,0.5,0.25,23.15625000000003,1.0397207705399178,0.27937726744755387,0.0027995608119290027,tail
779,0.25,0.0,0.75,23.17500000000003,0.5623351444188083,0.27935042534731724,2.68421002366237e-05,tail
780,0.25,0.5,0.25,23.23125000000003,1.0397207705399178,0.280953987587523,0.001603562240205747,tail
781,0.75,0.0,0.25,23.287500000000026,0.5623351444188083,0.2824605357335065,0.0015065481459834995,tail
782,0.25,0.0,0.75,23.287500000000026,0.5623351444188083,0.2824605357335065,0.0,tail
783,0.5,0.25,0.25,23.306250000000027,1.0397207705399178,0.282428687982419,3.1847751087499265e-05,tail
784,0.25,0.25,0.5,23.362500000000026,1.0397207705399178,0.28189950191667684,0.0005291860657421488,tail
785,0.5,0.25,0.25,23.38125000000003,1.0397207705399178,0.2820180481284643,0.0001185462117874736,tail
786,0.0,0.75,0.25,23.437500000000032,0.5623351444188083,0.2816131274296177,0.0004049206988466225,tail
787,0.5,0.25,0.25,23.38125000000003,1.0397207705399178,0.28173828837162734,0.00012516094200965,tail
788,0.75,0.25,0.0,23.38125000000003,0.5623351444188083,0.28173828837162734,0.0,tail
789,0.25,0.25,0.5,23.30625000000003,1.0397207705399178,0.28300012691039544,0.0012618385387681008,tail
790,0.0,0.25,0.75,23.32500000000003,0.5623351444188083,0.28297186764550847,2.8259264886976165e-05,tail
791,0.25,0.75,0.0,23.400000000000027,0.5623351444188083,0.2818447872429865,0.0011270804025219627,tail
792,0.25,0.5,0.25,23.343750000000032,1.0397207705399178,0.2819883991081817,0.0001436118651951812,tail
793,0.0,1.0,0.0,23.362500000000033,-1.000000082690371e-10,0.2819626029452097,2.579616297199161e-05,tail
794,0.75,0.0,0.25,23.418750000000028,0.5623351444188083,0.28180932816974785,0.00015327477546184243,tail
795,0.75,0.0,0.25,23.47500000000003,0.5623351444188083,0.28167781260658653,0.00013151556316132185,tail
796,0.25,0.25,0.5,23.55000000000003,1.0397207705399178,0.2806439850274515,0.001033827579135005,tail
797,0.5,0.0,0.5,23.56875000000003,0.6931471803599453,0.28141436308845164,0.0007703780610001099,tail
798,0.25,0.0,0.75,23.62500000000003,0.5623351444188083,0.2826743710559822,0.001260007967530563,tail
799,0.5,0.5,0.0,23.56875000000003,0.6931471803599453,0.2832263160734577,0.0005519450174755192,tail
800,0.0,0.0,1.0,23.58750000000003,-1.000000082690371e-10,0.283205310066991,2.100600646670614e-05,tail
801,0.0,0.75,0.25,23.60625000000003,0.5623351444188083,0.28318482820729374,2.048185969727445e-05,tail
802,0.0,0.25,0.75,23.66250000000003,0.5623351444188083,0.2826998481649259,0.0004849800423678552,tail
803,0.5,0.0,0.5,23.68125000000003,0.6931471803599453,0.28280840116265876,0.0001085529977328803,tail
804,0.5,0.5,0.0,23.737500000000033,0.6931471803599453,0.2813061161802097,0.001502284982449087,tail
805,0.25,0.5,0.25,23.66250000000003,1.0397207705399178,0.2815255010699294,0.00021938488971973147,tail
806,0.25,0.25,0.5,23.737500000000033,1.0397207705399178,0.2812866422605037,0.0002388588094257016,tail
807,0.25,0.25,0.5,23.79375000000003,1.0397207705399178,0.2859655670835747,0.0046789248230709735,tail
808,0.75,0.25,0.0,23.812500000000032,0.5623351444188083,0.2859450598103029,2.0507273271797022e-05,tail
809,0.5,0.25,0.25,23.831250000000033,1.0397207705399178,0.2860560243151921,0.00011096450488923271,tail
810,0.25,0.5,0.25,23.906250000000036,1.0397207705399178,0.2832895917925775,0.0027664325226146036,tail
811,0.25,0.0,0.75,23.925000000000033,0.5623351444188083,0.2828428718583269,0.00044671993425060563,tail
812,0.0,0.0,1.0,23.981250000000035,-1.000000082690371e-10,0.2832895917925775,0.00044671993425060563,tail
813,0.0,0.25,0.75,24.037500000000033,0.5623351444188083,0.28304908145674396,0.00024051033583355474,tail
814,0.5,0.25,0.25,24.056250000000038,1.0397207705399178,0.2830393441411053,9.737315638636002e-06,tail
815,0.5,0.5,0.0,24.112500000000036,0.6931471803599453,0.2826012053632867,0.00043813877781861965,tail
816,0.5,0.0,0.5,24.187500000000036,0.6931471803599453,0.28255325510004237,4.7950263244334046e-05,tail
817,1.0,0.0,0.0,24.131250000000037,-1.000000082690371e-10,0.282567182582523,1.3927482480635689e-05,tail
818,0.25,0.25,0.5,24.150000000000038,1.0397207705399178,0.2825635252530756,3.657329447404045e-06,tail
819,0.5,0.25,0.25,24.20625000000004,1.0397207705399178,0.28258039154627623,1.6866293200634708e-05,tail
820,0.5,0.5,0.0,24.26250000000004,0.6931471803599453,0.2873416031967879,0.0047612116505116875,tail
821,0.25,0.5,0.25,24.28125000000004,1.0397207705399178,0.2880080051227004,0.0006664019259124965,tail
822,0.25,0.25,0.5,24.337500000000038,1.0397207705399178,0.28765148545821106,0.000356519664489352,tail
823,0.0,0.25,0.75,24.39375000000004,0.5623351444188083,0.2873033338788003,0.00034815157941076036,tail
824,0.0,0.25,0.75,24.412500000000037,0.5623351444188083,0.28730213089506923,1.202983731074525e-06,tail
825,0.25,0.25,0.5,24.48750000000004,1.0397207705399178,0.2899486829113048,0.0026465520162355927,tail
826,0.25,0.25,0.5,24.543750000000042,1.0397207705399178,0.28959135558759064,0.00035732732371418496,tail
827,1.0,0.0,0.0,24.48750000000004,-1.000000082690371e-10,0.2896074638842075,1.6108296616856865e-05,tail
828,0.5,0.25,0.25,24.41250000000004,1.0397207705399178,0.29066691423107077,0.0010594503468632777,tail
829,0.5,0.25,0.25,24.43125000000004,1.0397207705399178,0.2927528582503522,0.002085944019281416,tail
830,0.25,0.25,0.5,24.48750000000004,1.0397207705399178,0.2966136470827804,0.003860788832428186,tail
831,0.75,0.25,0.0,24.50625000000004,0.5623351444188083,0.2983834132087595,0.001769766125979122,tail
832,0.5,0.25,0.25,24.50625000000004,1.0397207705399178,0.2983834132087595,0.0,tail
833,0.25,0.75,0.0,24.58125000000004,0.5623351444188083,0.29564358500508053,0.0027398282036789623,tail
834,0.5,0.5,0.0,24.60000000000004,0.6931471803599453,0.2957491951211498,0.00010561011606924353,tail
835,0.25,0.5,0.25,24.65625000000004,1.0397207705399178,0.2956595709125932,8.962420855657127e-05,tail
836,0.25,0.25,0.5,24.712500000000038,1.0397207705399178,0.2955453058631113,0.00011426504948192084,tail
837,0.75,0.0,0.25,24.76875000000004,0.5623351444188083,0.2955717399392596,2.643407614832949e-05,tail
838,0.25,0.0,0.75,24.825000000000045,0.5623351444188083,0.29524574905454487,0.00032599088471474413,tail
839,0.0,0.25,0.75,24.881250000000044,0.5623351444188083,0.2954455160732357,0.000199767018690844,tail
840,0.5,0.0,0.5,24.900000000000045,0.6931471803599453,0.2960064986840171,0.0005609826107814131,tail
841,0.5,0.0,0.5,24.956250000000047,0.6931471803599453,0.2975137025070285,0.0015072038230113938,tail
842,0.0,0.75,0.25,25.012500000000045,0.5623351444188083,0.30192686388788614,0.004413161380857622,tail
843,0.5,0.25,0.25,25.068750000000044,1.0397207705399178,0.30211212822423306,0.00018526433634691308,tail
844,0.25,0.5,0.25,25.125000000000043,1.0397207705399178,0.3024348270134852,0.00032269878925211826,tail
845,0.25,0.5,0.25,25.068750000000044,1.0397207705399178,0.3037116539366122,0.001276826923127028,tail
846,0.5,0.25,0.25,25.143750000000043,1.0397207705399178,0.30110483018029444,0.0026068237563177665,tail
847,0.25,0.25,0.5,25.162500000000048,1.0397207705399178,0.3006841503778752,0.00042067980241922154,tail
848,0.5,0.0,0.5,25.237500000000047,0.6931471803599453,0.3009265978883307,0.00024244751045549018,tail
849,0.75,0.0,0.25,25.312500000000043,0.5623351444188083,0.3040748440503569,0.0031482461620261915,tail
850,0.25,0.25,0.5,25.38750000000005,1.0397207705399178,0.30663145577832535,0.0025566117279684497,tail
851,0.25,0.5,0.25,25.406250000000046,1.0397207705399178,0.30670612200370795,7.466622538260248e-05,tail
852,0.5,0.0,0.5,25.35000000000005,0.6931471803599453,0.30708749152368864,0.0003813695199806899,tail
853,0.5,0.25,0.25,25.35000000000005,1.0397207705399178,0.30708749152368864,0.0,tail
854,0.75,0.0,0.25,25.36875000000005,0.5623351444188083,0.3090909247371947,0.002003433213506045,tail
855,0.25,0.5,0.25,25.31250000000005,1.0397207705399178,0.30902425708483444,6.666765236024164e-05,tail
856,0.25,0.0,0.75,25.33125000000005,0.5623351444188083,0.30963935142311017,0.0006150943382757235,tail
857,0.5,0.0,0.5,25.38750000000005,0.6931471803599453,0.3108622256107045,0.0012228741875943139,tail
858,0.25,0.25,0.5,25.40625000000005,1.0397207705399178,0.3109500143884561,8.778877775161842e-05,tail
859,0.25,0.25,0.5,25.40625000000005,1.0397207705399178,0.3109500143884561,0.0,tail
860,0.0,0.25,0.75,25.42500000000005,0.5623351444188083,0.3105214086815514,0.00042860570690467226,tail
861,0.25,0.25,0.5,25.44375000000005,1.0397207705399178,0.31009305736275405,0.00042835131879737087,tail
862,0.25,0.5,0.25,25.518750000000054,1.0397207705399178,0.3101931366145303,0.00010007925177624166,tail
863,0.0,0.25,0.75,25.53750000000005,0.5623351444188083,0.31027504375664844,8.190714211814276e-05,tail
864,0.5,0.5,0.0,25.556250000000055,0.6931471803599453,0.31035747748587805,8.2433729229614e-05,tail
865,0.25,0.25,0.5,25.500000000000053,1.0397207705399178,0.3102576318466452,9.984563923287615e-05,tail
866,0.25,0.0,0.75,25.443750000000055,0.5623351444188083,0.3102657322268761,8.100380230913196e-06,tail
867,0.25,0.0,0.75,25.518750000000058,0.5623351444188083,0.31025061488919997,1.5117337676118225e-05,tail
868,0.25,0.25,0.5,25.537500000000055,1.0397207705399178,0.3109300669984873,0.0006794521092873262,tail
869,0.25,0.25,0.5,25.593750000000057,1.0397207705399178,0.3072780006104926,0.0036520663879947013,tail
870,0.0,0.25,0.75,25.61250000000006,0.5623351444188083,0.30727910654286317,1.1059323705708834e-06,tail
871,0.75,0.0,0.25,25.687500000000057,0.5623351444188083,0.30462210884944446,0.0026569976934187056,tail
872,0.25,0.5,0.25,25.743750000000055,1.0397207705399178,0.30465402764238886,3.191879294439648e-05,tail
873,0.25,0.25,0.5,25.668750000000056,1.0397207705399178,0.30563057171455577,0.0009765440721669072,tail
874,0.5,0.0,0.5,25.612500000000054,0.6931471803599453,0.305631744793842,1.1730792862096884e-06,tail
875,0.25,0.5,0.25,25.66875000000006,1.0397207705399178,0.30563229120105356,5.464072115879404e-07,tail
876,0.5,0.0,0.5,25.72500000000006,0.6931471803599453,0.3056567042183196,2.4413017266022852e-05,tail
877,0.5,0.25,0.25,25.74375000000006,1.0397207705399178,0.3056621398233192,5.435604999604049e-06,tail
878,0.25,0.25,0.5,25.81875000000006,1.0397207705399178,0.30893194935567064,0.003269809532351453,tail
879,0.5,0.0,0.5,25.893750000000058,0.6931471803599453,0.30628379753337237,0.0026481518222982725,tail
880,0.75,0.25,0.0,25.95000000000006,0.5623351444188083,0.30643842358941403,0.00015462605604166235,tail
881,0.75,0.25,0.0,26.025000000000063,0.5623351444188083,0.3066330458601598,0.0001946222707457923,tail
882,0.5,0.25,0.25,26.10000000000006,1.0397207705399178,0.3040564146777577,0.002576631182402145,tail
883,0.5,0.5,0.0,26.17500000000006,0.6931471803599453,0.3072409182297884,0.003184503552030704,tail
884,0.25,0.0,0.75,26.231250000000063,0.5623351444188083,0.3069128837749042,0.00032803445488416294,tail
885,0.5,0.25,0.25,26.287500000000062,1.0397207705399178,0.30659538194578756,0.000317501829116662,tail
886,0.5,0.0,0.5,26.34375000000006,0.6931471803599453,0.30309621284774924,0.003499169098038324,tail
887,0.25,0.25,0.5,26.400000000000063,1.0397207705399178,0.30171008435688745,0.0013861284908617821,tail
888,0.25,0.25,0.5,26.418750000000067,1.0397207705399178,0.30177676647650326,6.668211961580184e-05,tail
889,1.0,0.0,0.0,26.475000000000062,-1.000000082690371e-10,0.3019588911695773,0.00018212469307404833,tail
890,0.0,0.25,0.75,26.493750000000063,0.5623351444188083,0.3015495042290905,0.0004093869404868111,tail
891,0.25,0.25,0.5,26.512500000000063,1.0397207705399178,0.3015800292827534,3.052505366291092e-05,tail
892,0.0,0.75,0.25,26.437500000000064,0.5623351444188083,0.3012748915175509,0.00030513776520252334,tail
893,0.25,0.5,0.25,26.45625000000006,1.0397207705399178,0.30130057405264743,2.5682535096549497e-05,tail
894,0.25,0.75,0.0,26.40000000000006,0.5623351444188083,0.3025767178334403,0.0012761437807928822,tail
895,0.5,0.25,0.25,26.45625000000006,1.0397207705399178,0.30293228233857583,0.0003555645051355194,tail
896,0.5,0.0,0.5,26.475000000000062,0.6931471803599453,0.30537515510566343,0.0024428727670876005,tail
897,0.25,0.25,0.5,26.550000000000065,1.0397207705399178,0.30281978957811323,0.002555365527550202,tail
898,0.5,0.0,0.5,26.606250000000063,0.6931471803599453,0.3025576604660519,0.0002621291120613045,tail
899,0.25,0.25,0.5,26.662500000000065,1.0397207705399178,0.3015658224966746,0.0009918379693773516,tail
900,0.0,0.0,1.0,26.681250000000063,-1.000000082690371e-10,0.30162427694332034,5.845444664576149e-05,tail
901,0.5,0.5,0.0,26.73750000000006,0.6931471803599453,0.3030649552961935,0.0014406783528731482,tail
902,0.75,0.0,0.25,26.756250000000062,0.5623351444188083,0.3054749991069824,0.002410043810788909,tail
903,0.0,0.5,0.5,26.812500000000064,0.6931471803599453,0.3056859738780266,0.00021097477104420337,tail
904,0.25,0.0,0.75,26.83125000000006,0.5623351444188083,0.30572058777795835,3.46138999317569e-05,tail
905,0.0,0.5,0.5,26.75625000000006,0.6931471803599453,0.30638737683277756,0.0006667890548192057,tail
906,0.75,0.0,0.25,26.68125000000006,0.5623351444188083,0.30609554502597985,0.0002918318067977044,tail
907,0.0,0.5,0.5,26.70000000000006,0.6931471803599453,0.30612003906241136,2.449403643151049e-05,tail
908,0.25,0.25,0.5,26.718750000000064,1.0397207705399178,0.3057067292430219,0.00041330981938947353,tail
909,0.5,0.25,0.25,26.79375000000006,1.0397207705399178,0.30506330189095565,0.0006434273520662392,tail
910,0.75,0.25,0.0,26.850000000000062,0.5623351444188083,0.3054732311504497,0.00040992925949406844,tail
911,0.25,0.25,0.5,26.906250000000064,1.0397207705399178,0.3052306199147688,0.0002426112356809229,tail
912,0.25,0.5,0.25,26.962500000000063,1.0397207705399178,0.30563949686853126,0.00040887695376246036,tail
913,0.75,0.0,0.25,26.962500000000063,0.5623351444188083,0.30563949686853126,0.0,tail
914,0.25,0.25,0.5,26.981250000000063,1.0397207705399178,0.3055316646951865,0.00010783217334475736,tail
915,0.25,0.25,0.5,27.056250000000063,1.0397207705399178,0.3059184410529365,0.0003867763577499739,tail
916,0.0,0.75,0.25,27.112500000000065,0.5623351444188083,0.3050667429858544,0.000851698067082074,tail
917,0.25,0.5,0.25,27.131250000000062,1.0397207705399178,0.30466682893121544,0.00039991405463896124,tail
918,0.0,0.5,0.5,27.075000000000063,0.6931471803599453,0.3056123940231673,0.0009455650919518721,tail
919,0.25,0.25,0.5,27.150000000000063,1.0397207705399178,0.3031075235262724,0.0025048704968949065,tail
920,0.5,0.0,0.5,27.168750000000063,0.6931471803599453,0.3027034911889144,0.000404032337358029,tail
921,0.25,0.25,0.5,27.187500000000064,1.0397207705399178,0.303126202675301,0.0004227114863866177,tail
922,0.25,0.25,0.5,27.187500000000064,1.0397207705399178,0.303126202675301,0.0,tail
923,0.5,0.25,0.25,27.131250000000062,1.0397207705399178,0.3042654086395354,0.001139205964234391,tail
924,0.5,0.0,0.5,27.187500000000064,0.6931471803599453,0.30443629311553855,0.0001708844760031636,tail
925,0.0,0.5,0.5,27.206250000000065,0.6931471803599453,0.304464682673314,2.8389557775454488e-05,tail
926,0.5,0.0,0.5,27.262500000000067,0.6931471803599453,0.30487483740977117,0.00041015473645716893,tail
927,0.25,0.5,0.25,27.187500000000064,1.0397207705399178,0.3045966096771343,0.00027822773263685985,tail
928,0.25,0.25,0.5,27.20625000000006,1.0397207705399178,0.3046685436316372,7.193395450288964e-05,tail
929,0.5,0.0,0.5,27.262500000000067,0.6931471803599453,0.3032756752362506,0.001392868395386604,tail
930,0.25,0.75,0.0,27.318750000000062,0.5623351444188083,0.3022176538353479,0.00105802140090272,tail
931,0.0,0.25,0.75,27.262500000000067,0.5623351444188083,0.3017987788424046,0.00041887499294329666,tail
932,0.25,0.0,0.75,27.281250000000064,0.5623351444188083,0.30171532475261187,8.345408979271163e-05,tail
933,0.25,0.25,0.5,27.225000000000065,1.0397207705399178,0.3020803659480904,0.00036504119547853264,tail
934,0.5,0.25,0.25,27.300000000000065,1.0397207705399178,0.3052700767669887,0.0031897108188982948,tail
935,0.75,0.25,0.0,27.356250000000067,0.5623351444188083,0.305689021690047,0.00041894492305832864,tail
936,0.25,0.25,0.5,27.431250000000066,1.0397207705399178,0.30496379025343623,0.0007252314366107959,tail
937,0.75,0.0,0.25,27.375000000000068,0.5623351444188083,0.3063126946226318,0.0013489043691955471,tail
938,0.5,0.5,0.0,27.431250000000066,0.6931471803599453,0.30673449588777596,0.0004218012651441838,tail
939,0.75,0.25,0.0,27.450000000000067,0.5623351444188083,0.3073445939488528,0.0006100980610768136,tail
940,0.5,0.0,0.5,27.50625000000007,0.6931471803599453,0.307420691147049,7.60971981962344e-05,tail
941,0.0,0.0,1.0,27.52500000000007,-1.000000082690371e-10,0.3069989462424026,0.000421744904646415,tail
942,0.5,0.25,0.25,27.600000000000072,1.0397207705399178,0.3043979740833505,0.002600972159052084,tail
943,0.5,0.25,0.25,27.61875000000007,1.0397207705399178,0.30499452963772744,0.0005965555543769319,tail
944,0.75,0.0,0.25,27.61875000000007,0.5623351444188083,0.30499452963772744,0.0,tail
945,0.25,0.25,0.5,27.675000000000068,1.0397207705399178,0.30507833445737387,8.380481964642694e-05,tail
946,0.5,0.25,0.25,27.693750000000072,1.0397207705399178,0.3051592747719226,8.094031454874973e-05,tail
947,0.5,0.25,0.25,27.75000000000007,1.0397207705399178,0.30374698070586476,0.001412294066057862,tail
948,0.75,0.25,0.0,27.75000000000007,0.5623351444188083,0.30374698070586476,0.0,tail
949,0.25,0.25,0.5,27.768750000000068,1.0397207705399178,0.3043448850262687,0.0005979043204039636,tail
950,0.5,0.25,0.25,27.825000000000074,1.0397207705399178,0.3047667936376067,0.0004219086113380066,tail
951,0.25,0.75,0.0,27.75000000000007,0.5623351444188083,0.3057139541862729,0.0009471605486661705,tail
952,0.5,0.5,0.0,27.76875000000007,0.6931471803599453,0.3057202235519238,6.269365650901637e-06,tail
953,0.25,0.0,0.75,27.82500000000007,0.5623351444188083,0.30722924998537254,0.0015090264334487458,tail
954,0.5,0.25,0.25,27.75000000000007,1.0397207705399178,0.3072000070872579,2.9242898114623106e-05,tail
955,0.75,0.25,0.0,27.80625000000007,0.5623351444188083,0.31249210190351273,0.005292094816254811,tail
956,0.5,0.25,0.25,27.881250000000065,1.0397207705399178,0.31247989246817537,1.2209435337362518e-05,tail
957,0.5,0.25,0.25,27.90000000000007,1.0397207705399178,0.3124819717154695,2.079247294117792e-06,tail
958,0.25,0.25,0.5,27.97500000000007,1.0397207705399178,0.3115986890715545,0.0008832826439149621,tail
959,0.5,0.5,0.0,28.031250000000068,0.6931471803599453,0.31126158569227474,0.0003371033792797795,tail
960,0.75,0.0,0.25,28.050000000000068,0.5623351444188083,0.31083731094623374,0.000424274746041009,tail
961,0.5,0.25,0.25,28.12500000000007,1.0397207705399178,0.310981586385967,0.00014427543973327683,tail
962,0.75,0.25,0.0,28.18125000000007,0.5623351444188083,0.3124726802523205,0.0014910938663534878,tail
963,0.25,0.5,0.25,28.200000000000067,1.0397207705399178,0.3124268446759243,4.5835576396202615e-05,tail
964,0.75,0.0,0.25,28.218750000000064,0.5623351444188083,0.3124390666962604,1.2222020336127848e-05,tail
965,0.75,0.25,0.0,28.237500000000068,0.5623351444188083,0.31252198927055735,8.292257429692862e-05,tail
966,0.5,0.25,0.25,28.312500000000064,1.0397207705399178,0.3127000004889779,0.00017801121842053735,tail
967,0.5,0.25,0.25,28.368750000000066,1.0397207705399178,0.31311829014362647,0.0004182896546485737,tail
968,0.25,0.25,0.5,28.44375000000007,1.0397207705399178,0.31630680435373354,0.003188514210107074,tail
969,0.5,0.25,0.25,28.500000000000068,1.0397207705399178,0.31600135174082566,0.00030545261290787495,tail
970,0.75,0.0,0.25,28.518750000000068,0.5623351444188083,0.3165847827029691,0.0005834309621434164,tail
971,0.0,0.5,0.5,28.53750000000007,0.6931471803599453,0.31654091372953186,4.386897343722218e-05,tail
972,0.5,0.5,0.0,28.59375000000007,0.6931471803599453,0.3166325333049933,9.16195754614435e-05,tail
973,0.25,0.75,0.0,28.65000000000007,0.5623351444188083,0.31674715727101754,0.00011462396602424096,tail
974,0.5,0.25,0.25,28.65000000000007,1.0397207705399178,0.31674715727101754,0.0,tail
975,0.5,0.0,0.5,28.70625000000007,0.6931471803599453,0.3164111610831767,0.00033599618784085905,tail
976,0.5,0.0,0.5,28.76250000000007,0.6931471803599453,0.31501128249185406,0.001399878591322623,tail
977,0.5,0.0,0.5,28.818750000000072,0.6931471803599453,0.31515781139138743,0.00014652889953337134,tail
978,0.5,0.0,0.5,28.893750000000068,0.6931471803599453,0.3126074497349328,0.002550361656454614,tail
979,0.25,0.25,0.5,28.912500000000072,1.0397207705399178,0.3125158757076321,9.157402730070041e-05,tail
980,0.5,0.25,0.25,28.93125000000007,1.0397207705399178,0.31254090672060814,2.503101297601784e-05,tail
981,0.25,0.25,0.5,29.00625000000007,1.0397207705399178,0.3128782382736991,0.0003373315530909582,tail
982,0.75,0.25,0.0,28.93125000000007,0.5623351444188083,0.3136036533212324,0.0007254150475333176,tail
983,0.5,0.0,0.5,28.95000000000007,0.6931471803599453,0.31351479297343465,8.886034779775898e-05,tail
984,0.5,0.5,0.0,28.968750000000068,0.6931471803599453,0.3135390659397726,2.4272966337945956e-05,tail
985,0.5,0.0,0.5,28.893750000000068,0.6931471803599453,0.3133008577769576,0.00023820816281500123,tail
986,0.5,0.25,0.25,28.950000000000067,1.0397207705399178,0.31344804835502976,0.00014719057807216496,tail
987,0.5,0.25,0.25,29.006250000000065,1.0397207705399178,0.31386240528660664,0.0004143569315768758,tail
988,0.25,0.25,0.5,29.025000000000073,1.0397207705399178,0.31344804835502976,0.0004143569315768758,tail
989,0.25,0.25,0.5,29.081250000000068,1.0397207705399178,0.3136036533212324,0.0001556049662026493,tail
990,0.75,0.25,0.0,29.137500000000074,0.5623351444188083,0.31401575238933604,0.00041209906810363295,tail
991,0.5,0.0,0.5,29.193750000000072,0.6931471803599453,0.3126307804703845,0.0013849719189515386,tail
992,0.75,0.25,0.0,29.212500000000073,0.5623351444188083,0.31314670121937876,0.0005159207489942585,tail
993,0.75,0.0,0.25,29.231250000000074,0.5623351444188083,0.31306738125973893,7.931995963983418e-05,tail
994,0.25,0.25,0.5,29.250000000000075,1.0397207705399178,0.3136237342608515,0.0005563530011125639,tail
995,0.25,0.5,0.25,29.306250000000077,1.0397207705399178,0.31404117361209255,0.0004174393512410557,tail
996,0.75,0.25,0.0,29.381250000000072,0.5623351444188083,0.31330239930958054,0.000738774302512013,tail
997,0.0,0.5,0.5,29.437500000000075,0.6931471803599453,0.3137169638327963,0.00041456452321575465,tail
998,0.25,0.25,0.5,29.493750000000077,1.0397207705399178,0.31232367423843077,0.001393289594365521,tail
999,0.5,0.0,0.5,29.437500000000078,0.6931471803599453,0.3120320201023466,0.000291654136084174,tail
1000,0.5,0.0,0.5,29.38125000000008,0.6931471803599453,0.31184752337642363,0.00018449672592296684,tail
