round,p_aggressive,p_defensive,p_balanced,avg_reward,strategy_entropy,personality_norm,personality_velocity,phase
1,0.25,0.5,0.25,0.07500000000000001,1.0397207705399178,0.003167762968124684,0.003167762968124684,burn-in
2,0.25,0.25,0.5,0.09375000000000003,1.0397207705399178,0.0029243945242277574,0.00024336844389692648,burn-in
3,0.25,0.75,0.0,0.15000000000000002,0.5623351444188083,0.004207301853788119,0.0012829073295603619,burn-in
4,0.25,0.25,0.5,0.22500000000000003,1.0397207705399178,0.008140263441000474,0.003932961587212355,burn-in
5,0.25,0.25,0.5,0.28125,1.0397207705399178,0.009667025855395672,0.001526762414395198,burn-in
6,0.25,0.5,0.25,0.3375,1.0397207705399178,0.01121166307417806,0.0015446372187823878,burn-in
7,0.25,0.25,0.5,0.35625,1.0397207705399178,0.00992793040282475,0.001283732671353309,burn-in
8,0.75,0.25,0.0,0.41250000000000003,0.5623351444188083,0.009534704519688944,0.0003932258831358063,burn-in
9,0.5,0.25,0.25,0.43124999999999997,1.0397207705399178,0.00989574561364623,0.00036104109395728584,burn-in
10,0.0,0.25,0.75,0.48749999999999993,0.5623351444188083,0.00862046982478327,0.0012752757888629604,burn-in
11,0.25,0.25,0.5,0.54375,1.0397207705399178,0.015121900508864574,0.0065014306840813045,burn-in
12,0.25,0.5,0.25,0.5999999999999999,1.0397207705399178,0.01772534721882129,0.0026034467099567155,burn-in
13,0.0,0.0,1.0,0.54375,-1.000000082690371e-10,0.015544682459856662,0.002180664758964628,burn-in
14,0.25,0.5,0.25,0.5999999999999999,1.0397207705399178,0.012491264308618875,0.0030534181512377866,burn-in
15,0.0,0.25,0.75,0.5249999999999998,0.5623351444188083,0.00867650183125528,0.003814762477363596,burn-in
16,0.75,0.0,0.25,0.5437499999999997,0.5623351444188083,0.006222055584326074,0.0024544462469292053,burn-in
17,0.75,0.25,0.0,0.4687499999999998,0.5623351444188083,0.004211271663972464,0.0020107839203536105,burn-in
18,0.5,0.25,0.25,0.4874999999999998,1.0397207705399178,0.005113342093104217,0.0009020704291317532,burn-in
19,0.25,0.5,0.25,0.5437499999999997,1.0397207705399178,0.004587876536166902,0.000525465556937315,burn-in
20,0.0,0.25,0.75,0.5624999999999998,0.5623351444188083,0.004168593304567942,0.00041928323159895996,burn-in
21,0.25,0.25,0.5,0.6187499999999998,1.0397207705399178,0.0044465869401897565,0.00027799363562181455,burn-in
22,0.25,0.0,0.75,0.6374999999999997,0.5623351444188083,0.004401556306202023,4.503063398773356e-05,burn-in
23,0.5,0.5,0.0,0.7124999999999997,0.6931471803599453,0.0019008632907181343,0.0025006930154838885,burn-in
24,0.0,0.5,0.5,0.6374999999999996,0.6931471803599453,0.00431149344130841,0.002410630150590276,burn-in
25,0.25,0.5,0.25,0.6937499999999996,1.0397207705399178,0.004762410687409949,0.0004509172461015388,burn-in
26,0.5,0.0,0.5,0.6187499999999997,0.6931471803599453,0.00832603847376824,0.0035636277863582916,burn-in
27,0.25,0.25,0.5,0.6749999999999996,1.0397207705399178,0.005935599110920243,0.0023904393628479976,burn-in
28,0.5,0.25,0.25,0.7499999999999996,1.0397207705399178,0.003275871915315929,0.002659727195604314,burn-in
29,0.0,1.0,0.0,0.8249999999999996,-1.000000082690371e-10,0.006842885853611478,0.0035670139382955493,burn-in
30,0.25,0.25,0.5,0.8437499999999997,1.0397207705399178,0.0070785829659301205,0.00023569711231864222,burn-in
31,0.25,0.5,0.25,0.8999999999999997,1.0397207705399178,0.006543059830419104,0.0005355231355110169,burn-in
32,0.5,0.25,0.25,0.9749999999999996,1.0397207705399178,0.008015555622939825,0.0014724957925207217,burn-in
33,0.25,0.25,0.5,0.8999999999999997,1.0397207705399178,0.0077689620177558245,0.0002465936051840008,burn-in
34,0.25,0.0,0.75,0.9562499999999997,0.5623351444188083,0.013216398037412968,0.005447436019657143,burn-in
35,0.25,0.25,0.5,0.8812499999999998,1.0397207705399178,0.015700857527005806,0.002484459489592838,burn-in
36,0.25,0.75,0.0,0.9562499999999998,0.5623351444188083,0.01342932567906687,0.0022715318479389363,burn-in
37,0.5,0.25,0.25,1.0125,1.0397207705399178,0.013908711548682161,0.0004793858696152918,burn-in
38,0.25,0.5,0.25,0.9375,1.0397207705399178,0.01548859907767294,0.0015798875289907786,burn-in
39,1.0,0.0,0.0,0.9562499999999998,-1.000000082690371e-10,0.01766391488002851,0.0021753158023555715,burn-in
40,0.25,0.5,0.25,0.8812499999999999,1.0397207705399178,0.021283715084021014,0.003619800203992503,burn-in
41,0.5,0.25,0.25,0.9374999999999999,1.0397207705399178,0.019681546718944752,0.001602168365076262,burn-in
42,0.5,0.25,0.25,0.9562499999999999,1.0397207705399178,0.019413671085088603,0.0002678756338561489,burn-in
43,0.75,0.25,0.0,0.9,0.5623351444188083,0.021034868951471095,0.0016211978663824914,burn-in
44,0.75,0.25,0.0,0.91875,0.5623351444188083,0.02373913311332643,0.002704264161855336,burn-in
45,0.25,0.25,0.5,0.9937499999999999,1.0397207705399178,0.02015240327203921,0.0035867298412872207,burn-in
46,0.25,0.5,0.25,0.9374999999999999,1.0397207705399178,0.021855745494288707,0.0017033422222494966,burn-in
47,0.0,0.5,0.5,0.8812499999999999,0.6931471803599453,0.023736289902454105,0.0018805444081653987,burn-in
48,0.5,0.5,0.0,0.9562499999999997,0.6931471803599453,0.027251433448536456,0.0035151435460823513,burn-in
49,0.5,0.5,0.0,1.0124999999999997,0.6931471803599453,0.025636481167794396,0.001614952280742061,burn-in
50,0.5,0.0,0.5,1.0687499999999996,0.6931471803599453,0.027324987610549363,0.0016885064427549674,burn-in
51,0.75,0.0,0.25,1.0874999999999997,0.5623351444188083,0.027682232380777064,0.0003572447702277007,burn-in
52,0.25,0.5,0.25,1.0124999999999997,1.0397207705399178,0.03164747911015646,0.003965246729379396,burn-in
53,0.25,0.5,0.25,1.0875,1.0397207705399178,0.02881533186854624,0.002832147241610218,burn-in
54,0.5,0.5,0.0,1.1062499999999997,0.6931471803599453,0.029195142349465728,0.00037981048091948605,burn-in
55,0.25,0.0,0.75,1.18125,0.5623351444188083,0.025548471429052685,0.003646670920413042,burn-in
56,0.25,0.0,0.75,1.2374999999999996,0.5623351444188083,0.027206993330964026,0.0016585219019113404,burn-in
57,0.25,0.5,0.25,1.2937499999999997,1.0397207705399178,0.02329107967358148,0.003915913657382544,burn-in
58,0.75,0.25,0.0,1.2374999999999996,0.5623351444188083,0.025192324462136605,0.0019012447885551238,burn-in
59,0.75,0.0,0.25,1.1624999999999996,0.5623351444188083,0.028682294976847707,0.003489970514711102,burn-in
60,0.5,0.25,0.25,1.1812499999999997,1.0397207705399178,0.029075131663502635,0.00039283668665492794,burn-in
61,0.25,0.5,0.25,1.2562499999999996,1.0397207705399178,0.025219427655083913,0.003855704008418722,burn-in
62,0.25,0.25,0.5,1.3124999999999996,1.0397207705399178,0.02373098654127621,0.001488441113807703,burn-in
63,0.25,0.5,0.25,1.3687499999999997,1.0397207705399178,0.025300734577061175,0.0015697480357849646,burn-in
64,0.5,0.25,0.25,1.4249999999999996,1.0397207705399178,0.021621467277274032,0.003679267299787143,burn-in
65,0.0,0.25,0.75,1.4437499999999996,0.5623351444188083,0.021298749229708536,0.0003227180475654963,burn-in
66,1.0,0.0,0.0,1.4624999999999995,-1.000000082690371e-10,0.020978163249754343,0.0003205859799541924,burn-in
67,0.0,0.25,0.75,1.3874999999999995,0.5623351444188083,0.025279548167551753,0.004301384917797409,burn-in
68,0.5,0.0,0.5,1.4437499999999994,0.6931471803599453,0.021972807136827907,0.0033067410307238455,burn-in
69,0.25,0.25,0.5,1.4437499999999994,1.0397207705399178,0.021972807136827907,0.0,burn-in
70,0.0,1.0,0.0,1.5187499999999994,-1.000000082690371e-10,0.024945818022377386,0.002973010885549479,burn-in
71,0.25,0.25,0.5,1.5374999999999994,1.0397207705399178,0.026134750307036148,0.001188932284658762,burn-in
72,0.25,0.5,0.25,1.4812499999999993,1.0397207705399178,0.028149063779576818,0.00201431347254067,burn-in
73,0.5,0.0,0.5,1.4812499999999993,0.6931471803599453,0.028149063779576818,0.0,burn-in
74,0.5,0.0,0.5,1.4249999999999994,0.6931471803599453,0.030169874944498618,0.0020208111649217993,burn-in
75,0.25,0.25,0.5,1.4812499999999993,1.0397207705399178,0.030563792292606192,0.0003939173481075746,burn-in
76,0.5,0.25,0.25,1.5374999999999994,1.0397207705399178,0.02841009821446543,0.0021536940781407624,burn-in
77,0.25,0.25,0.5,1.4812499999999993,1.0397207705399178,0.0303703342895848,0.0019602360751193697,burn-in
78,0.5,0.25,0.25,1.5562499999999992,1.0397207705399178,0.026461966614054797,0.003908367675530003,burn-in
79,0.0,0.5,0.5,1.5749999999999993,0.6931471803599453,0.026129153045763017,0.00033281356829177947,burn-in
80,0.5,0.25,0.25,1.5749999999999993,1.0397207705399178,0.026129153045763017,0.0,burn-in
81,0.0,0.25,0.75,1.6312499999999994,0.5623351444188083,0.02402753592524428,0.0021016171205187374,burn-in
82,0.75,0.0,0.25,1.7062499999999994,0.5623351444188083,0.027299259439996497,0.0032717235147522172,burn-in
83,0.5,0.0,0.5,1.7624999999999995,0.6931471803599453,0.027740003830209088,0.00044074439021259126,burn-in
84,0.25,0.5,0.25,1.7812499999999996,1.0397207705399178,0.027431456560448868,0.0003085472697602204,burn-in
85,0.25,0.0,0.75,1.7062499999999994,0.5623351444188083,0.030874557183059644,0.0034431006226107765,burn-in
86,0.0,0.75,0.25,1.7062499999999994,0.5623351444188083,0.030874557183059644,0.0,burn-in
87,0.0,0.5,0.5,1.6312499999999996,0.6931471803599453,0.03448316945546725,0.003608612272407604,burn-in
88,0.25,0.25,0.5,1.6874999999999996,1.0397207705399178,0.03214043889712807,0.0023427305583391816,burn-in
89,0.5,0.5,0.0,1.7437499999999997,0.6931471803599453,0.030041962839502022,0.0020984760576260447,burn-in
90,1.0,0.0,0.0,1.7624999999999997,-1.000000082690371e-10,0.032637662506510935,0.0025956996670089133,burn-in
91,0.75,0.0,0.25,1.8187499999999996,0.5623351444188083,0.027635642432172657,0.005002020074338278,burn-in
92,0.0,0.25,0.75,1.8374999999999997,0.5623351444188083,0.02865591489262467,0.0010202724604520125,burn-in
93,0.0,0.5,0.5,1.8937499999999996,0.6931471803599453,0.027113933034204892,0.0015419818584197775,burn-in
94,0.25,0.75,0.0,1.9687499999999996,0.5623351444188083,0.0306425757389401,0.003528642704735206,burn-in
95,0.5,0.25,0.25,1.9874999999999998,1.0397207705399178,0.031006866679011806,0.00036429094007170773,burn-in
96,0.75,0.25,0.0,2.0437499999999997,0.5623351444188083,0.03147458189643776,0.00046771521742595273,burn-in
97,0.25,0.5,0.25,2.1187499999999995,1.0397207705399178,0.028221839454972295,0.0032527424414654643,burn-in
98,0.5,0.0,0.5,2.1374999999999997,0.6931471803599453,0.02774265574736269,0.00047918370760960394,burn-in
99,0.75,0.0,0.25,2.1937499999999996,0.5623351444188083,0.02603053095245416,0.0017121247949085303,burn-in
100,0.0,0.5,0.5,2.1937499999999996,0.6931471803599453,0.02603053095245416,0.0,burn-in
101,0.25,0.25,0.5,2.2125,1.0397207705399178,0.025799751358082823,0.00023077959437133727,tail
102,0.5,0.25,0.25,2.15625,1.0397207705399178,0.027201505013510017,0.0014017536554271938,tail
103,0.5,0.0,0.5,2.2125,0.6931471803599453,0.025540587592757954,0.001660917420752063,tail
104,0.25,0.25,0.5,2.1375,1.0397207705399178,0.028185559800188695,0.0026449722074307416,tail
105,0.5,0.5,0.0,2.15625,0.6931471803599453,0.02913489340788643,0.000949333607697736,tail
106,0.5,0.0,0.5,2.2125,0.6931471803599453,0.023759227008797314,0.005375666399089117,tail
107,0.5,0.25,0.25,2.26875,1.0397207705399178,0.02425156602904478,0.0004923390202474648,tail
108,0.5,0.5,0.0,2.2874999999999996,0.6931471803599453,0.0251039159738522,0.000852349944807422,tail
109,0.0,0.25,0.75,2.3437499999999996,0.5623351444188083,0.023605472161603316,0.0014984438122488848,tail
110,0.25,0.5,0.25,2.4187499999999997,1.0397207705399178,0.02056813499283152,0.003037337168771796,tail
111,0.25,0.25,0.5,2.4187499999999997,1.0397207705399178,0.02056813499283152,0.0,tail
112,0.75,0.25,0.0,2.3624999999999994,0.5623351444188083,0.026532286738676473,0.005964151745844953,tail
113,0.5,0.25,0.25,2.4187499999999997,1.0397207705399178,0.028197776212555255,0.0016654894738787826,tail
114,0.25,0.5,0.25,2.4749999999999996,1.0397207705399178,0.02417274528437635,0.004025030928178904,tail
115,0.0,0.25,0.75,2.3999999999999995,0.5623351444188083,0.026679204409364932,0.002506459124988581,tail
116,0.5,0.0,0.5,2.3437499999999996,0.6931471803599453,0.03075084687180746,0.004071642462442529,tail
117,0.75,0.0,0.25,2.3999999999999995,0.5623351444188083,0.032401674178711044,0.001650827306903583,tail
118,0.5,0.5,0.0,2.4749999999999996,0.6931471803599453,0.029136062813118948,0.0032656113655920964,tail
119,0.5,0.0,0.5,2.3999999999999995,0.6931471803599453,0.032959735800333644,0.0038236729872146956,tail
120,0.0,0.75,0.25,2.3249999999999997,0.5623351444188083,0.0360751109280657,0.0031153751277320577,tail
121,0.5,0.0,0.5,2.4,0.6931471803599453,0.03264578015311587,0.003429330774949828,tail
122,0.25,0.75,0.0,2.41875,0.5623351444188083,0.03217772909948773,0.0004680510536281407,tail
123,1.0,0.0,0.0,2.4937500000000004,-1.000000082690371e-10,0.02906924204951598,0.0031084870499717525,tail
124,0.25,0.5,0.25,2.5125,1.0397207705399178,0.02859390748286957,0.0004753345666464112,tail
125,0.0,0.5,0.5,2.4562500000000003,0.6931471803599453,0.03006670824091762,0.0014728007580480512,tail
126,0.0,0.75,0.25,2.5312500000000004,0.5623351444188083,0.027165708060797128,0.0029010001801204922,tail
127,0.25,0.5,0.25,2.60625,1.0397207705399178,0.02417894802876641,0.0029867600320307164,tail
128,0.25,0.25,0.5,2.6250000000000004,1.0397207705399178,0.027047676848791963,0.002868728820025552,tail
129,0.25,0.5,0.25,2.6437500000000003,1.0397207705399178,0.02733972390994891,0.0002920470611569477,tail
130,0.0,0.25,0.75,2.5875,0.5623351444188083,0.028844116781705755,0.001504392871756844,tail
131,0.0,0.25,0.75,2.60625,0.5623351444188083,0.029153188850259613,0.00030907206855385755,tail
132,0.0,1.0,0.0,2.625,-1.000000082690371e-10,0.02993637639969907,0.0007831875494394569,tail
133,0.5,0.25,0.25,2.68125,1.0397207705399178,0.03042133953831701,0.0004849631386179415,tail
134,0.25,0.25,0.5,2.625,1.0397207705399178,0.03179229466395935,0.0013709551256423404,tail
135,0.75,0.25,0.0,2.68125,0.5623351444188083,0.03227570169862937,0.00048340703467001506,tail
136,0.25,0.0,0.75,2.6999999999999997,0.5623351444188083,0.03203490663410108,0.00024079506452828747,tail
137,0.0,0.75,0.25,2.7562499999999996,0.5623351444188083,0.030593350993312497,0.0014415556407885825,tail
138,0.5,0.25,0.25,2.83125,1.0397207705399178,0.034339527151666126,0.003746176158353629,tail
139,0.5,0.0,0.5,2.8874999999999997,0.6931471803599453,0.032945326394649845,0.0013942007570162812,tail
140,0.25,0.25,0.5,2.83125,1.0397207705399178,0.034473904432274126,0.0015285780376242813,tail
141,0.5,0.25,0.25,2.9062499999999996,1.0397207705399178,0.03206864517674906,0.0024052592555250663,tail
142,0.5,0.0,0.5,2.9625,0.6931471803599453,0.03256012067442843,0.0004914754976793681,tail
143,0.0,0.5,0.5,3.01875,0.6931471803599453,0.031354298172481775,0.0012058225019466531,tail
144,0.75,0.25,0.0,3.0749999999999993,0.5623351444188083,0.0297038989794831,0.001650399192998673,tail
145,0.5,0.0,0.5,3.093749999999999,0.6931471803599453,0.02997068156502661,0.00026678258554350964,tail
146,0.75,0.0,0.25,3.1499999999999995,0.5623351444188083,0.027780310648410994,0.0021903709166156173,tail
147,0.25,0.25,0.5,3.2249999999999996,1.0397207705399178,0.026073730260977486,0.001706580387433508,tail
148,0.25,0.25,0.5,3.2812499999999996,1.0397207705399178,0.02553925355648068,0.0005344767044968071,tail
149,0.5,0.0,0.5,3.3374999999999995,0.6931471803599453,0.025094422382717023,0.00044483117376365594,tail
150,0.25,0.25,0.5,3.3562499999999993,1.0397207705399178,0.02520085977369265,0.00010643739097562777,tail
151,0.5,0.5,0.0,3.412499999999999,0.6931471803599453,0.02531915207516908,0.00011829230147642963,tail
152,0.25,0.5,0.25,3.468749999999999,1.0397207705399178,0.02571997980386248,0.0004008277286934002,tail
153,0.75,0.0,0.25,3.5437499999999993,0.5623351444188083,0.023312267276168967,0.0024077125276935132,tail
154,0.5,0.25,0.25,3.487499999999999,1.0397207705399178,0.025141233009186612,0.001828965733017645,tail
155,0.75,0.0,0.25,3.543749999999999,0.5623351444188083,0.021526681199669724,0.003614551809516888,tail
156,0.5,0.25,0.25,3.618749999999999,1.0397207705399178,0.021854444707477872,0.000327763507808148,tail
157,0.25,0.75,0.0,3.618749999999999,0.5623351444188083,0.021854444707477872,0.0,tail
158,0.0,0.0,1.0,3.562499999999999,-1.000000082690371e-10,0.02157128444251729,0.0002831602649605823,tail
159,0.25,0.5,0.25,3.618749999999999,1.0397207705399178,0.021936431597914564,0.0003651471553972746,tail
160,0.25,0.75,0.0,3.674999999999999,0.5623351444188083,0.02255323563260892,0.0006168040346943571,tail
161,0.0,0.5,0.5,3.6937499999999988,0.6931471803599453,0.022178460599945073,0.0003747750326638481,tail
162,0.25,0.5,0.25,3.637499999999999,1.0397207705399178,0.023709477491430708,0.001531016891485635,tail
163,0.0,0.75,0.25,3.6562499999999987,0.5623351444188083,0.023859951991313202,0.00015047449988249417,tail
164,0.0,0.0,1.0,3.674999999999999,-1.000000082690371e-10,0.0251340244296009,0.001274072438287699,tail
165,0.75,0.0,0.25,3.6937499999999988,0.5623351444188083,0.02506654338400528,6.748104559562221e-05,tail
166,0.25,0.75,0.0,3.749999999999999,0.5623351444188083,0.02658804327397722,0.0015214998899719424,tail
167,0.5,0.25,0.25,3.7687499999999994,1.0397207705399178,0.026155086344087333,0.000432956929889889,tail
168,0.5,0.25,0.25,3.8437499999999996,1.0397207705399178,0.02952585378387327,0.003370767439785937,tail
169,0.25,0.5,0.25,3.8624999999999994,1.0397207705399178,0.03221844521086567,0.002692591426992401,tail
170,0.25,0.25,0.5,3.8812499999999996,1.0397207705399178,0.0324347033690596,0.00021625815819392713,tail
171,1.0,0.0,0.0,3.9562499999999994,-1.000000082690371e-10,0.03150065447953232,0.000934048889527278,tail
172,0.75,0.0,0.25,3.974999999999999,0.5623351444188083,0.031064546936803702,0.00043610754272861707,tail
173,0.0,0.75,0.25,3.993749999999999,0.5623351444188083,0.0312663082446584,0.00020176130785469482,tail
174,0.5,0.5,0.0,3.9187499999999993,0.6931471803599453,0.032235603214199875,0.0009692949695414774,tail
175,0.5,0.0,0.5,3.937499999999999,0.6931471803599453,0.03177232919975775,0.0004632740144421277,tail
176,0.25,0.0,0.75,3.993749999999999,0.5623351444188083,0.031146209585241263,0.0006261196145164842,tail
177,0.25,0.25,0.5,4.049999999999999,1.0397207705399178,0.03070824852995968,0.000437961055281582,tail
178,0.5,0.25,0.25,4.106249999999999,1.0397207705399178,0.0304547635276941,0.0002534850022655813,tail
179,0.5,0.25,0.25,4.1625,1.0397207705399178,0.02906883891443415,0.00138592461325995,tail
180,1.0,0.0,0.0,4.218749999999999,-1.000000082690371e-10,0.029119522911327328,5.06839968931784e-05,tail
181,0.0,0.75,0.25,4.293749999999999,0.5623351444188083,0.0268290385408751,0.002290484370452227,tail
182,0.25,0.0,0.75,4.3687499999999995,0.5623351444188083,0.02968191467927502,0.0028528761383999172,tail
183,0.25,0.25,0.5,4.424999999999999,1.0397207705399178,0.03007317464673986,0.0003912599674648423,tail
184,0.25,0.5,0.25,4.44375,1.0397207705399178,0.03096957512355185,0.0008964004768119878,tail
185,0.75,0.0,0.25,4.499999999999999,0.5623351444188083,0.03094656152367938,2.3013599872469953e-05,tail
186,0.75,0.0,0.25,4.51875,0.5623351444188083,0.03186355322787375,0.0009169917041943719,tail
187,0.5,0.25,0.25,4.575,1.0397207705399178,0.03134555529585561,0.0005179979320181424,tail
188,0.0,0.75,0.25,4.65,0.5623351444188083,0.031651126943689274,0.0003055716478336662,tail
189,0.0,0.5,0.5,4.70625,0.6931471803599453,0.032011770838586855,0.0003606438948975804,tail
190,0.25,0.25,0.5,4.7250000000000005,1.0397207705399178,0.03208505136092681,7.328052233995797e-05,tail
191,0.25,0.75,0.0,4.78125,0.5623351444188083,0.03154444615670565,0.0005406052042211604,tail
192,0.25,0.5,0.25,4.8375,1.0397207705399178,0.03265888645657261,0.001114440299866959,tail
193,0.25,0.5,0.25,4.893750000000001,1.0397207705399178,0.032984502884771866,0.0003256164281992546,tail
194,0.0,0.5,0.5,4.9125000000000005,0.6931471803599453,0.033196555314101414,0.00021205242932954838,tail
195,0.25,0.5,0.25,4.8375,1.0397207705399178,0.03271612168420235,0.0004804336298990658,tail
196,0.5,0.0,0.5,4.85625,0.6931471803599453,0.032738262580740814,2.214089653846535e-05,tail
197,0.25,0.25,0.5,4.93125,1.0397207705399178,0.030394262582215174,0.00234399999852564,tail
198,0.5,0.0,0.5,4.987500000000001,0.6931471803599453,0.031721115470087824,0.0013268528878726503,tail
199,0.5,0.25,0.25,5.0062500000000005,1.0397207705399178,0.03163119586868815,8.991960139967392e-05,tail
200,0.25,0.0,0.75,5.025,0.5623351444188083,0.031601165810070025,3.0030058618124578e-05,tail
201,0.25,0.5,0.25,5.08125,1.0397207705399178,0.031179308933257897,0.0004218568768121281,tail
202,0.5,0.25,0.25,5.15625,1.0397207705399178,0.028813998816161528,0.0023653101170963697,tail
203,0.0,1.0,0.0,5.2125,-1.000000082690371e-10,0.02585859819662356,0.0029554006195379665,tail
204,0.25,0.5,0.25,5.156250000000001,1.0397207705399178,0.026161134301032306,0.0003025361044087446,tail
205,0.0,0.25,0.75,5.156250000000001,0.5623351444188083,0.026161134301032306,0.0,tail
206,0.25,0.0,0.75,5.175000000000001,0.5623351444188083,0.02621351631315382,5.238201212151572e-05,tail
207,0.25,0.5,0.25,5.193750000000001,1.0397207705399178,0.025872441835430988,0.00034107447772283375,tail
208,0.25,0.5,0.25,5.212500000000001,1.0397207705399178,0.02593501494119448,6.257310576349151e-05,tail
209,0.75,0.25,0.0,5.287500000000001,0.5623351444188083,0.025655841873191296,0.00027917306800318356,tail
210,0.5,0.25,0.25,5.343750000000001,1.0397207705399178,0.02836948520809259,0.002713643334901296,tail
211,0.0,0.25,0.75,5.400000000000001,0.5623351444188083,0.02876126741769528,0.0003917822096026896,tail
212,0.0,0.75,0.25,5.343750000000002,0.5623351444188083,0.02597280896544547,0.002788458452249811,tail
213,0.25,0.25,0.5,5.362500000000002,1.0397207705399178,0.025937692435697875,3.5116529747594716e-05,tail
214,0.25,0.0,0.75,5.418750000000002,0.5623351444188083,0.026108813433184875,0.00017112099748699955,tail
215,0.0,0.25,0.75,5.437500000000002,0.5623351444188083,0.025866913658614047,0.0002418997745708279,tail
216,0.5,0.5,0.0,5.362500000000002,0.6931471803599453,0.024793872450891798,0.0010730412077222494,tail
217,0.5,0.5,0.0,5.306250000000001,0.6931471803599453,0.024494569622106183,0.00029930282878561434,tail
218,0.25,0.5,0.25,5.381250000000001,1.0397207705399178,0.02741757692257909,0.0029230073004729053,tail
219,0.0,0.25,0.75,5.381250000000001,0.5623351444188083,0.02741757692257909,0.0,tail
220,0.25,0.25,0.5,5.4562500000000025,1.0397207705399178,0.027830674461324117,0.0004130975387450289,tail
221,0.25,0.25,0.5,5.475000000000002,1.0397207705399178,0.029979376591805756,0.0021487021304816382,tail
222,0.25,0.5,0.25,5.5500000000000025,1.0397207705399178,0.03296134889280643,0.0029819723010006717,tail
223,0.5,0.25,0.25,5.606250000000003,1.0397207705399178,0.033366097179205724,0.00040474828639929655,tail
224,0.5,0.5,0.0,5.662500000000003,0.6931471803599453,0.032959156384581634,0.0004069407946240902,tail
225,0.75,0.25,0.0,5.718750000000003,0.5623351444188083,0.03335405605852952,0.0003948996739478877,tail
226,0.25,0.0,0.75,5.775000000000003,0.5623351444188083,0.03366030390575442,0.00030624784722489695,tail
227,0.5,0.5,0.0,5.793750000000003,0.6931471803599453,0.03372149001584682,6.118611009239827e-05,tail
228,0.5,0.5,0.0,5.8125000000000036,0.6931471803599453,0.03352285316060893,0.0001986368552378895,tail
229,0.5,0.25,0.25,5.868750000000003,1.0397207705399178,0.03226100695025519,0.0012618462103537384,tail
230,0.75,0.0,0.25,5.887500000000004,0.5623351444188083,0.032323431956897616,6.242500664242756e-05,tail
231,0.25,0.0,0.75,5.962500000000004,0.5623351444188083,0.03521780567845652,0.0028943737215589016,tail
232,0.0,0.25,0.75,5.981250000000004,0.5623351444188083,0.03529303790134145,7.52322228849342e-05,tail
233,0.0,0.5,0.5,6.000000000000004,0.6931471803599453,0.035200837466363,9.220043497844971e-05,tail
234,0.25,0.25,0.5,5.925000000000004,1.0397207705399178,0.035251403636356295,5.0566169993292165e-05,tail
235,0.0,0.25,0.75,5.868750000000004,0.5623351444188083,0.0354846100737111,0.00023320643735480484,tail
236,0.0,0.75,0.25,5.925000000000004,0.5623351444188083,0.03345665339286004,0.0020279566808510605,tail
237,0.75,0.0,0.25,5.943750000000004,0.5623351444188083,0.033044057290565816,0.0004125961022942229,tail
238,0.75,0.25,0.0,6.0000000000000036,0.5623351444188083,0.03227850538240864,0.0007655519081571777,tail
239,0.0,0.75,0.25,6.018750000000004,0.5623351444188083,0.031925361903020776,0.00035314347938786295,tail
240,0.75,0.25,0.0,6.037500000000005,0.5623351444188083,0.03202394394997392,9.85820469531426e-05,tail
241,0.5,0.25,0.25,5.981250000000005,1.0397207705399178,0.032081764030883614,5.7820080909695704e-05,tail
242,0.75,0.25,0.0,5.925000000000005,0.5623351444188083,0.03227155287555851,0.00018978884467489576,tail
243,0.25,0.5,0.25,5.9812500000000055,1.0397207705399178,0.03265883329761,0.00038728042205148777,tail
244,0.25,0.25,0.5,6.037500000000006,1.0397207705399178,0.03244868411344904,0.00021014918416095707,tail
245,0.25,0.5,0.25,6.056250000000006,1.0397207705399178,0.03257395431936311,0.0001252702059140673,tail
246,0.0,0.25,0.75,6.075000000000006,0.5623351444188083,0.032703297117585316,0.00012934279822220812,tail
247,0.75,0.25,0.0,6.093750000000007,0.5623351444188083,0.03226017281416756,0.00044312430341775233,tail
248,0.5,0.0,0.5,6.037500000000007,0.6931471803599453,0.031004598953219324,0.0012555738609482392,tail
249,0.0,0.5,0.5,6.112500000000007,0.6931471803599453,0.03192918189133505,0.0009245829381157242,tail
250,0.0,0.5,0.5,6.168750000000007,0.6931471803599453,0.03079211772335325,0.0011370641679817987,tail
251,0.25,0.25,0.5,6.225000000000007,1.0397207705399178,0.03091896891697459,0.00012685119362134192,tail
252,0.0,0.0,1.0,6.281250000000007,-1.000000082690371e-10,0.031126729090748304,0.00020776017377371198,tail
253,0.25,0.25,0.5,6.300000000000008,1.0397207705399178,0.03128304502841669,0.00015631593766838453,tail
254,0.25,0.5,0.25,6.356250000000007,1.0397207705399178,0.03234111804911224,0.001058073020695549,tail
255,0.5,0.5,0.0,6.375000000000007,0.6931471803599453,0.034246407202069354,0.0019052891529571167,tail
256,0.5,0.25,0.25,6.4312500000000075,1.0397207705399178,0.03866401750982366,0.004417610307754304,tail
257,0.25,0.0,0.75,6.506250000000007,0.5623351444188083,0.04165620702048236,0.002992189510658702,tail
258,0.25,0.5,0.25,6.581250000000007,1.0397207705399178,0.044790600762510624,0.0031343937420282644,tail
259,0.25,0.25,0.5,6.637500000000007,1.0397207705399178,0.04521004701053069,0.0004194462480200667,tail
260,0.5,0.25,0.25,6.693750000000007,1.0397207705399178,0.04498735837092895,0.0002226886396017383,tail
261,0.75,0.25,0.0,6.7125000000000075,0.5623351444188083,0.0450271523021875,3.9793931258545745e-05,tail
262,0.5,0.5,0.0,6.768750000000008,0.6931471803599453,0.04648818641003743,0.0014610341078499303,tail
263,0.75,0.25,0.0,6.787500000000008,0.5623351444188083,0.04654592359672507,5.773718668763972e-05,tail
264,0.5,0.25,0.25,6.8062500000000075,1.0397207705399178,0.04660723987781001,6.13162810849388e-05,tail
265,0.5,0.5,0.0,6.8062500000000075,0.6931471803599453,0.04660723987781001,0.0,tail
266,0.5,0.25,0.25,6.862500000000008,1.0397207705399178,0.04683986646306454,0.000232626585254532,tail
267,0.5,0.25,0.25,6.8062500000000075,1.0397207705399178,0.047096347758846094,0.0002564812957815549,tail
268,0.75,0.25,0.0,6.825000000000008,0.5623351444188083,0.047128172785912595,3.182502706650103e-05,tail
269,0.0,0.5,0.5,6.8812500000000085,0.6931471803599453,0.048117189120820615,0.0009890163349080203,tail
270,0.75,0.25,0.0,6.937500000000008,0.5623351444188083,0.0484891749445738,0.000371985823753182,tail
271,0.0,0.25,0.75,6.956250000000008,0.5623351444188083,0.04857234366843308,8.316872385927959e-05,tail
272,0.0,0.75,0.25,7.031250000000009,0.5623351444188083,0.04979323567960169,0.0012208920111686158,tail
273,0.5,0.0,0.5,7.087500000000008,0.6931471803599453,0.049942692853352975,0.00014945717375128287,tail
274,0.25,0.0,0.75,7.143750000000008,0.5623351444188083,0.04886431131346064,0.0010783815398923355,tail
275,0.25,0.5,0.25,7.0687500000000085,1.0397207705399178,0.04751237503272088,0.0013519362807397628,tail
276,0.5,0.25,0.25,7.125000000000009,1.0397207705399178,0.04972510369521519,0.0022127286624943135,tail
277,0.0,0.5,0.5,7.181250000000008,0.6931471803599453,0.050027492441655504,0.000302388746440313,tail
278,0.5,0.5,0.0,7.237500000000008,0.6931471803599453,0.05113741444627301,0.001109922004617507,tail
279,0.0,0.25,0.75,7.1812500000000075,0.5623351444188083,0.05012217711641012,0.0010152373298628892,tail
280,0.25,0.25,0.5,7.200000000000008,1.0397207705399178,0.050037546666366325,8.46304500437961e-05,tail
281,0.5,0.0,0.5,7.256250000000008,0.6931471803599453,0.05038180612968119,0.0003442594633148652,tail
282,0.25,0.25,0.5,7.312500000000007,1.0397207705399178,0.05065865222386775,0.0002768460941865586,tail
283,0.25,0.5,0.25,7.331250000000008,1.0397207705399178,0.05083087425745959,0.00017222203359184424,tail
284,0.5,0.25,0.25,7.387500000000008,1.0397207705399178,0.05110846394488339,0.0002775896874237932,tail
285,0.25,0.25,0.5,7.4625000000000075,1.0397207705399178,0.05214661572192274,0.0010381517770393506,tail
286,0.0,0.25,0.75,7.387500000000007,0.5623351444188083,0.05100563779432078,0.001140977927601955,tail
287,0.25,0.5,0.25,7.4625000000000075,1.0397207705399178,0.052009535216843664,0.0010038974225228814,tail
288,0.5,0.25,0.25,7.518750000000007,1.0397207705399178,0.05292849277300555,0.0009189575561618854,tail
289,0.0,0.5,0.5,7.537500000000007,0.6931471803599453,0.052292534023349976,0.0006359587496555727,tail
290,0.25,0.25,0.5,7.593750000000007,1.0397207705399178,0.05257012512402302,0.00027759110067304693,tail
291,0.25,0.5,0.25,7.6500000000000075,1.0397207705399178,0.0562462228670107,0.0036760977429876746,tail
292,0.25,0.25,0.5,7.6500000000000075,1.0397207705399178,0.0562462228670107,0.0,tail
293,0.25,0.75,0.0,7.706250000000007,0.5623351444188083,0.0565404039099955,0.00029418104298480074,tail
294,0.0,0.5,0.5,7.725000000000007,0.6931471803599453,0.05840063825516799,0.00186023434517249,tail
295,0.0,0.0,1.0,7.781250000000007,-1.000000082690371e-10,0.059394181843051154,0.0009935435878831653,tail
296,0.25,0.25,0.5,7.8375000000000075,1.0397207705399178,0.0597014563380891,0.0003072744950379444,tail
297,0.5,0.0,0.5,7.893750000000008,0.6931471803599453,0.060690253399032314,0.0009887970609432153,tail
298,0.0,0.25,0.75,7.950000000000007,0.5623351444188083,0.06104047567097383,0.0003502222719415152,tail
299,0.25,0.5,0.25,8.006250000000007,1.0397207705399178,0.060106069438395235,0.000934406232578594,tail
300,0.5,0.25,0.25,7.9312500000000075,1.0397207705399178,0.0591261598429802,0.0009799095954150377,tail
301,0.5,0.0,0.5,7.856250000000007,0.6931471803599453,0.05759614546323477,0.0015300143797454258,tail
302,0.25,0.0,0.75,7.9312500000000075,0.5623351444188083,0.05930213365095238,0.0017059881877176108,tail
303,0.25,0.25,0.5,7.987500000000007,1.0397207705399178,0.060342486788376656,0.0010403531374242742,tail
304,0.0,0.0,1.0,8.006250000000007,-1.000000082690371e-10,0.060251285861104446,9.120092727221002e-05,tail
305,0.0,0.25,0.75,8.062500000000007,0.5623351444188083,0.05930769577194543,0.0009435900891590146,tail
306,0.5,0.5,0.0,8.118750000000006,0.6931471803599453,0.060469843695247195,0.0011621479233017637,tail
307,0.25,0.5,0.25,8.175000000000008,1.0397207705399178,0.061823688039275196,0.0013538443440280004,tail
308,0.0,0.5,0.5,8.193750000000007,0.6931471803599453,0.06096414303597615,0.0008595450032990448,tail
309,0.25,0.25,0.5,8.250000000000007,1.0397207705399178,0.06122745120654499,0.0002633081705688406,tail
310,0.25,0.25,0.5,8.306250000000007,1.0397207705399178,0.06254892529496726,0.0013214740884222725,tail
311,0.25,0.25,0.5,8.325000000000008,1.0397207705399178,0.06274492633870755,0.00019600104374029037,tail
312,0.5,0.0,0.5,8.381250000000009,0.6931471803599453,0.06299222835662484,0.00024730201791728357,tail
313,0.5,0.25,0.25,8.381250000000009,1.0397207705399178,0.06299222835662484,0.0,tail
314,0.25,0.5,0.25,8.456250000000008,1.0397207705399178,0.06544869173635041,0.0024564633797255764,tail
315,0.0,0.25,0.75,8.40000000000001,0.5623351444188083,0.06476458437208346,0.0006841073642669532,tail
316,0.25,0.25,0.5,8.325000000000008,1.0397207705399178,0.06348474226142717,0.001279842110656293,tail
317,0.25,0.5,0.25,8.400000000000007,1.0397207705399178,0.06192872246919441,0.0015560197922327573,tail
318,0.75,0.25,0.0,8.475000000000009,0.5623351444188083,0.06386819109175686,0.0019394686225624458,tail
319,0.25,0.25,0.5,8.531250000000007,1.0397207705399178,0.06506596212370308,0.0011977710319462237,tail
320,0.0,0.5,0.5,8.587500000000007,0.6931471803599453,0.06423919737330545,0.0008267647503976266,tail
321,0.25,0.25,0.5,8.531250000000007,1.0397207705399178,0.06309928312785996,0.0011399142454454891,tail
322,0.25,0.5,0.25,8.606250000000006,1.0397207705399178,0.06428921266109235,0.0011899295332323812,tail
323,0.0,0.25,0.75,8.625000000000007,0.5623351444188083,0.06449848593184045,0.00020927327074810043,tail
324,0.5,0.0,0.5,8.643750000000008,0.6931471803599453,0.06427317661854523,0.00022530931329521608,tail
325,0.25,0.25,0.5,8.662500000000009,1.0397207705399178,0.0640511744731407,0.00022200214540453456,tail
326,0.0,0.25,0.75,8.681250000000007,0.5623351444188083,0.06426665977804974,0.00021548530490904383,tail
327,0.5,0.25,0.25,8.700000000000008,1.0397207705399178,0.06448373368317034,0.00021707390512060165,tail
328,0.25,0.5,0.25,8.625000000000007,1.0397207705399178,0.06305032023665122,0.0014334134465191217,tail
329,0.25,0.5,0.25,8.700000000000006,1.0397207705399178,0.06431967012724484,0.0012693498905936157,tail
330,0.75,0.25,0.0,8.700000000000006,0.5623351444188083,0.06431967012724484,0.0,tail
331,0.5,0.25,0.25,8.756250000000007,1.0397207705399178,0.0651157056440886,0.0007960355168437627,tail
332,0.25,0.75,0.0,8.831250000000006,0.5623351444188083,0.06375487113742616,0.0013608345066624394,tail
333,0.75,0.0,0.25,8.887500000000006,0.5623351444188083,0.06434674744110853,0.000591876303682376,tail
334,0.25,0.25,0.5,8.906250000000007,1.0397207705399178,0.0655867481110139,0.0012400006699053723,tail
335,0.5,0.25,0.25,8.831250000000006,1.0397207705399178,0.0641738632327994,0.0014128848782145043,tail
336,0.25,0.25,0.5,8.775000000000006,1.0397207705399178,0.06306240364489803,0.0011114595879013756,tail
337,0.0,0.75,0.25,8.831250000000006,0.5623351444188083,0.06400621172111903,0.000943808076221006,tail
338,0.0,0.75,0.25,8.756250000000007,0.5623351444188083,0.0631093902592057,0.000896821461913333,tail
339,0.75,0.25,0.0,8.775000000000006,0.5623351444188083,0.06491917049621403,0.0018097802370083266,tail
340,0.25,0.5,0.25,8.793750000000006,1.0397207705399178,0.06443288928972582,0.0004862812064882066,tail
341,0.75,0.0,0.25,8.850000000000007,0.5623351444188083,0.06692293518273124,0.002490045893005416,tail
342,0.5,0.5,0.0,8.925000000000008,0.6931471803599453,0.06902756154951462,0.0021046263667833798,tail
343,0.0,0.75,0.25,8.981250000000006,0.5623351444188083,0.06928772037269122,0.00026015882317660666,tail
344,0.25,0.25,0.5,8.925000000000008,1.0397207705399178,0.06880104165877975,0.0004866787139114759,tail
345,0.25,0.5,0.25,8.868750000000007,1.0397207705399178,0.06837313373443171,0.0004279079243480338,tail
346,0.5,0.25,0.25,8.887500000000008,1.0397207705399178,0.06785708020047106,0.0005160535339606559,tail
347,0.75,0.25,0.0,8.943750000000009,0.5623351444188083,0.06885583709521766,0.0009987568947465997,tail
348,0.5,0.5,0.0,8.962500000000007,0.6931471803599453,0.06837354317460687,0.0004822939206107907,tail
349,0.0,0.5,0.5,9.018750000000008,0.6931471803599453,0.06867846025339826,0.00030491707879139185,tail
350,0.5,0.25,0.25,9.075000000000008,1.0397207705399178,0.06977911889689926,0.0011006586435010068,tail
351,0.25,0.5,0.25,9.075000000000008,1.0397207705399178,0.06977911889689926,0.0,tail
352,0.25,0.25,0.5,9.131250000000009,1.0397207705399178,0.06873416484301305,0.0010449540538862157,tail
353,0.5,0.5,0.0,9.206250000000008,0.6931471803599453,0.07114458576260853,0.0024104209195954795,tail
354,0.25,0.5,0.25,9.262500000000008,1.0397207705399178,0.07354139813454147,0.002396812371932941,tail
355,0.25,0.25,0.5,9.206250000000008,1.0397207705399178,0.07264535237867618,0.0008960457558652851,tail
356,0.5,0.0,0.5,9.26250000000001,0.6931471803599453,0.07294923379861755,0.0003038814199413653,tail
357,0.75,0.25,0.0,9.318750000000009,0.5623351444188083,0.0739230549663321,0.0009738211677145503,tail
358,0.5,0.5,0.0,9.375000000000009,0.6931471803599453,0.07421655917819013,0.0002935042118580311,tail
359,0.25,0.5,0.25,9.318750000000009,1.0397207705399178,0.07390437292072345,0.00031218625746667894,tail
360,0.0,0.5,0.5,9.375000000000009,0.6931471803599453,0.0741402603974747,0.00023588747675125366,tail
361,0.25,0.25,0.5,9.45000000000001,1.0397207705399178,0.07234996748540175,0.0017902929120729577,tail
362,0.25,0.0,0.75,9.468750000000009,0.5623351444188083,0.07177076983548095,0.0005791976499208012,tail
363,0.25,0.5,0.25,9.52500000000001,1.0397207705399178,0.07282878334853311,0.0010580135130521667,tail
364,0.5,0.0,0.5,9.600000000000009,0.6931471803599453,0.07374776656222512,0.0009189832136920068,tail
365,0.5,0.25,0.25,9.656250000000007,1.0397207705399178,0.07509700902092348,0.0013492424586983576,tail
366,0.25,0.0,0.75,9.600000000000009,0.5623351444188083,0.07453722387542572,0.0005597851454977598,tail
367,0.0,0.5,0.5,9.656250000000009,0.6931471803599453,0.07479053794412766,0.0002533140687019375,tail
368,0.25,0.25,0.5,9.600000000000009,1.0397207705399178,0.07429471916050745,0.0004958187836202055,tail
369,0.5,0.0,0.5,9.67500000000001,0.6931471803599453,0.07639431072930324,0.002099591568795786,tail
370,1.0,0.0,0.0,9.67500000000001,-1.000000082690371e-10,0.07639431072930324,0.0,tail
371,0.5,0.5,0.0,9.73125000000001,0.6931471803599453,0.07675994947724872,0.0003656387479454848,tail
372,0.5,0.5,0.0,9.78750000000001,0.6931471803599453,0.07703638773152591,0.0002764382542771865,tail
373,0.25,0.5,0.25,9.80625000000001,1.0397207705399178,0.07695221957307014,8.416815845577186e-05,tail
374,0.5,0.25,0.25,9.73125000000001,1.0397207705399178,0.07617629634604055,0.0007759232270295874,tail
375,0.25,0.25,0.5,9.75000000000001,1.0397207705399178,0.07799684210576739,0.0018205457597268437,tail
376,0.25,0.25,0.5,9.768750000000011,1.0397207705399178,0.07813502157945569,0.00013817947368829908,tail
377,0.5,0.25,0.25,9.712500000000011,1.0397207705399178,0.0773495543557141,0.0007854672237415927,tail
378,0.0,0.5,0.5,9.712500000000011,0.6931471803599453,0.0773495543557141,0.0,tail
379,0.0,0.0,1.0,9.65625000000001,-1.000000082690371e-10,0.07662271158446007,0.0007268427712540243,tail
380,0.75,0.25,0.0,9.712500000000011,0.5623351444188083,0.07695779473281887,0.0003350831483587974,tail
381,0.5,0.0,0.5,9.768750000000011,0.6931471803599453,0.07774697430697014,0.0007891795741512692,tail
382,0.25,0.75,0.0,9.82500000000001,0.5623351444188083,0.07666756396666792,0.0010794103403022198,tail
383,0.5,0.5,0.0,9.88125000000001,0.6931471803599453,0.07685671361099895,0.00018914964433103254,tail
384,0.25,0.5,0.25,9.80625000000001,1.0397207705399178,0.07541965636339118,0.001437057247607773,tail
385,0.25,0.25,0.5,9.86250000000001,1.0397207705399178,0.07961810431504893,0.004198447951657747,tail
386,0.25,0.5,0.25,9.93750000000001,1.0397207705399178,0.08236491992785529,0.002746815612806361,tail
387,0.25,0.25,0.5,9.95625000000001,1.0397207705399178,0.08236820280504561,3.2828771903276044e-06,tail
388,0.5,0.25,0.25,10.01250000000001,1.0397207705399178,0.0827364587989063,0.0003682559938606861,tail
389,0.25,0.0,0.75,10.06875000000001,0.5623351444188083,0.08337239709413422,0.0006359382952279141,tail
390,0.5,0.0,0.5,10.06875000000001,0.6931471803599453,0.08337239709413422,0.0,tail
391,0.25,0.5,0.25,10.01250000000001,1.0397207705399178,0.08283460396828801,0.0005377931258462032,tail
392,0.0,0.75,0.25,10.06875000000001,0.5623351444188083,0.08303153423298341,0.00019693026469540242,tail
393,0.25,0.5,0.25,10.12500000000001,1.0397207705399178,0.08380477064781627,0.0007732364148328591,tail
394,0.5,0.0,0.5,10.14375000000001,0.6931471803599453,0.08393099999652344,0.00012622934870716584,tail
395,0.5,0.0,0.5,10.20000000000001,0.6931471803599453,0.08426019452828361,0.00032919453176016855,tail
396,0.5,0.25,0.25,10.21875000000001,1.0397207705399178,0.08438631868525695,0.00012612415697334234,tail
397,0.5,0.25,0.25,10.275000000000011,1.0397207705399178,0.08471566003729948,0.0003293413520425309,tail
398,0.25,0.0,0.75,10.331250000000011,0.5623351444188083,0.08589778375180564,0.0011821237145061558,tail
399,0.25,0.5,0.25,10.38750000000001,1.0397207705399178,0.08710176240403307,0.0012039786522274332,tail
400,0.25,0.25,0.5,10.38750000000001,1.0397207705399178,0.08710176240403307,0.0,tail
401,0.0,0.25,0.75,10.443750000000012,0.5623351444188083,0.08722330258531044,0.00012154018127737143,tail
402,0.5,0.0,0.5,10.462500000000011,0.6931471803599453,0.08680437026968403,0.00041893231562641076,tail
403,0.5,0.25,0.25,10.462500000000011,1.0397207705399178,0.08680437026968403,0.0,tail
404,1.0,0.0,0.0,10.537500000000012,-1.000000082690371e-10,0.08828940780891964,0.001485037539235609,tail
405,0.25,0.25,0.5,10.556250000000011,1.0397207705399178,0.08842297927512173,0.00013357146620208982,tail
406,0.5,0.5,0.0,10.575000000000012,0.6931471803599453,0.08810294493517071,0.0003200343399510225,tail
407,0.0,0.25,0.75,10.631250000000012,0.5623351444188083,0.08835335121057153,0.00025040627540082183,tail
408,0.5,0.25,0.25,10.650000000000013,1.0397207705399178,0.08829356661869378,5.978459187774843e-05,tail
409,0.75,0.0,0.25,10.668750000000012,0.5623351444188083,0.08823566977214264,5.789684655113647e-05,tail
410,0.25,0.5,0.25,10.725000000000012,1.0397207705399178,0.0891645589704149,0.0009288891982722619,tail
411,0.75,0.0,0.25,10.78125000000001,0.5623351444188083,0.09024270178631702,0.001078142815902114,tail
412,0.5,0.5,0.0,10.800000000000011,0.6931471803599453,0.09200784990664733,0.0017651481203303093,tail
413,0.25,0.75,0.0,10.856250000000012,0.5623351444188083,0.09228255222112215,0.00027470231447482285,tail
414,0.25,0.5,0.25,10.912500000000012,1.0397207705399178,0.09258378337724231,0.0003012311561201575,tail
415,0.5,0.0,0.5,10.96875000000001,0.6931471803599453,0.09161509202530574,0.0009686913519365709,tail
416,0.25,0.25,0.5,11.025000000000011,1.0397207705399178,0.09066882082305981,0.0009462712022459269,tail
417,0.25,0.0,0.75,11.04375000000001,0.5623351444188083,0.0908411765535793,0.00017235573051949116,tail
418,0.25,0.25,0.5,11.10000000000001,1.0397207705399178,0.09111848875533017,0.0002773122017508678,tail
419,0.75,0.0,0.25,11.02500000000001,0.5623351444188083,0.09021586284973342,0.0009026259055967545,tail
420,0.5,0.25,0.25,11.08125000000001,1.0397207705399178,0.09124173526118352,0.0010258724114501072,tail
421,0.0,0.5,0.5,11.025000000000011,0.6931471803599453,0.09030476466296236,0.0009369705982211624,tail
422,0.5,0.0,0.5,11.081250000000011,0.6931471803599453,0.09060442295127216,0.0002996582883098009,tail
423,0.25,0.75,0.0,11.13750000000001,0.5623351444188083,0.09176974554784563,0.0011653225965734676,tail
424,0.25,0.75,0.0,11.19375000000001,0.5623351444188083,0.09289625149416054,0.0011265059463149152,tail
425,0.0,0.75,0.25,11.268750000000011,0.5623351444188083,0.09513649733409171,0.002240245839931168,tail
426,0.75,0.25,0.0,11.325000000000012,0.5623351444188083,0.09567114445821205,0.0005346471241203382,tail
427,0.5,0.5,0.0,11.268750000000011,0.6931471803599453,0.09280807602624944,0.002863068431962615,tail
428,0.0,0.0,1.0,11.28750000000001,-1.000000082690371e-10,0.09270483373544403,0.00010324229080541092,tail
429,0.5,0.0,0.5,11.34375000000001,0.6931471803599453,0.09297268490738847,0.0002678511719444443,tail
430,0.75,0.25,0.0,11.400000000000011,0.5623351444188083,0.09337365200573731,0.00040096709834884503,tail
431,0.5,0.25,0.25,11.456250000000011,1.0397207705399178,0.09661817884145049,0.003244526835713177,tail
432,0.5,0.0,0.5,11.456250000000011,0.6931471803599453,0.09661817884145049,0.0,tail
433,0.5,0.25,0.25,11.53125000000001,1.0397207705399178,0.0984820181520727,0.0018638393106222145,tail
434,0.5,0.25,0.25,11.550000000000008,1.0397207705399178,0.09836623081415165,0.00011578733792105833,tail
435,0.25,0.25,0.5,11.568750000000009,1.0397207705399178,0.09989943728292,0.0015332064687683528,tail
436,0.5,0.25,0.25,11.643750000000008,1.0397207705399178,0.10197988806350036,0.002080450780580362,tail
437,0.25,0.25,0.5,11.718750000000009,1.0397207705399178,0.10416584166339779,0.0021859535998974278,tail
438,0.5,0.25,0.25,11.77500000000001,1.0397207705399178,0.10454168742526511,0.0003758457618673189,tail
439,0.5,0.0,0.5,11.70000000000001,0.6931471803599453,0.10367511939681609,0.000866568028449019,tail
440,0.0,0.25,0.75,11.77500000000001,0.5623351444188083,0.10603256755329499,0.0023574481564788974,tail
441,0.25,0.25,0.5,11.700000000000008,1.0397207705399178,0.10547392631330305,0.0005586412399919416,tail
442,0.5,0.5,0.0,11.64375000000001,0.6931471803599453,0.10496910094297958,0.0005048253703234667,tail
443,0.5,0.5,0.0,11.662500000000009,0.6931471803599453,0.10708405682310555,0.002114955880125974,tail
444,0.25,0.25,0.5,11.68125000000001,1.0397207705399178,0.10717901853389283,9.496171078728077e-05,tail
445,0.25,0.5,0.25,11.70000000000001,1.0397207705399178,0.10717153468725675,7.483846636083258e-06,tail
446,1.0,0.0,0.0,11.62500000000001,-1.000000082690371e-10,0.10719246222721542,2.092753995866503e-05,tail
447,0.5,0.5,0.0,11.68125000000001,0.6931471803599453,0.1077285421886094,0.0005360799613939871,tail
448,0.5,0.0,0.5,11.737500000000011,0.6931471803599453,0.10790147294908893,0.00017293076047952827,tail
449,0.25,0.5,0.25,11.737500000000011,1.0397207705399178,0.10790147294908893,0.0,tail
450,0.0,0.5,0.5,11.79375000000001,0.6931471803599453,0.1091400333287453,0.0012385603796563754,tail
451,0.25,0.25,0.5,11.86875000000001,1.0397207705399178,0.11048828652093828,0.0013482531921929775,tail
452,0.25,0.5,0.25,11.92500000000001,1.0397207705399178,0.11128311187948933,0.000794825358551049,tail
453,0.75,0.0,0.25,12.000000000000009,0.5623351444188083,0.10928103304795114,0.00200207883153819,tail
454,0.25,0.0,0.75,12.075000000000008,0.5623351444188083,0.10985263368928312,0.0005716006413319791,tail
455,0.75,0.0,0.25,12.075000000000008,0.5623351444188083,0.10985263368928312,0.0,tail
456,0.5,0.0,0.5,12.093750000000009,0.6931471803599453,0.10941045655453517,0.00044217713474795084,tail
457,0.5,0.5,0.0,12.112500000000008,0.6931471803599453,0.10954969778471242,0.00013924123017725054,tail
458,0.5,0.25,0.25,12.112500000000008,1.0397207705399178,0.10954969778471242,0.0,tail
459,0.25,0.0,0.75,12.187500000000009,0.5623351444188083,0.11131136338242895,0.0017616655977165246,tail
460,0.25,0.75,0.0,12.24375000000001,0.5623351444188083,0.11232227667210604,0.00101091328967709,tail
461,0.25,0.75,0.0,12.300000000000008,0.5623351444188083,0.11268847060036609,0.0003661939282600529,tail
462,0.25,0.5,0.25,12.318750000000009,1.0397207705399178,0.11260329555629561,8.517504407047627e-05,tail
463,0.0,0.5,0.5,12.24375000000001,0.6931471803599453,0.11177237883367462,0.0008309167226209918,tail
464,0.75,0.0,0.25,12.187500000000009,0.5623351444188083,0.11090330263216609,0.0008690762015085285,tail
465,0.75,0.25,0.0,12.24375000000001,0.5623351444188083,0.1112125463639314,0.00030924373176530184,tail
466,0.25,0.5,0.25,12.300000000000008,1.0397207705399178,0.11152328714841792,0.0003107407844865212,tail
467,0.25,0.5,0.25,12.356250000000008,1.0397207705399178,0.11545410606660325,0.003930818918185336,tail
468,0.25,0.5,0.25,12.281250000000007,1.0397207705399178,0.11414471162069585,0.0013093944459073997,tail
469,0.5,0.25,0.25,12.225000000000009,1.0397207705399178,0.11402020905487005,0.00012450256582580144,tail
470,0.25,0.25,0.5,12.281250000000007,1.0397207705399178,0.11436916348192441,0.00034895442705436264,tail
471,0.25,0.0,0.75,12.300000000000008,0.5623351444188083,0.11645585305945402,0.00208668957752961,tail
472,0.25,0.25,0.5,12.318750000000009,1.0397207705399178,0.11644377331463282,1.2079744821202887e-05,tail
473,0.25,0.75,0.0,12.393750000000008,0.5623351444188083,0.11662283216694092,0.00017905885230809493,tail
474,0.0,0.5,0.5,12.412500000000009,0.6931471803599453,0.11647564160289114,0.0001471905640497706,tail
475,0.0,0.0,1.0,12.487500000000008,-1.000000082690371e-10,0.11777738571901283,0.0013017441161216892,tail
476,0.0,0.75,0.25,12.506250000000007,0.5623351444188083,0.11981249818871899,0.0020351124697061546,tail
477,0.5,0.25,0.25,12.562500000000007,1.0397207705399178,0.12105350092750364,0.0012410027387846495,tail
478,0.25,0.25,0.5,12.618750000000006,1.0397207705399178,0.11987578206209776,0.0011777188654058801,tail
479,0.5,0.0,0.5,12.637500000000006,0.6931471803599453,0.11998470135407818,0.00010891929198042494,tail
480,0.25,0.25,0.5,12.656250000000007,1.0397207705399178,0.11960096414744975,0.0003837372066284317,tail
481,0.25,0.25,0.5,12.675000000000006,1.0397207705399178,0.11958224084866635,1.8723298783399067e-05,tail
482,0.5,0.0,0.5,12.600000000000005,0.6931471803599453,0.11947047156677863,0.00011176928188771917,tail
483,0.25,0.25,0.5,12.618750000000006,1.0397207705399178,0.11956179575212057,9.132418534193998e-05,tail
484,0.25,0.5,0.25,12.675000000000006,1.0397207705399178,0.11992599714684984,0.0003642013947292716,tail
485,0.25,0.25,0.5,12.693750000000005,1.0397207705399178,0.12001737974548432,9.138259863447629e-05,tail
486,0.25,0.25,0.5,12.750000000000005,1.0397207705399178,0.1203815512524407,0.0003641715069563761,tail
487,0.25,0.25,0.5,12.806250000000006,1.0397207705399178,0.12104601433671869,0.0006644630842779914,tail
488,0.5,0.0,0.5,12.825000000000006,0.6931471803599453,0.12103532147740362,1.0692859315070136e-05,tail
489,0.25,0.5,0.25,12.843750000000007,1.0397207705399178,0.12317010595107705,0.0021347844736734345,tail
490,0.0,0.0,1.0,12.900000000000006,-1.000000082690371e-10,0.12378012575227712,0.0006100198012000679,tail
491,0.5,0.5,0.0,12.956250000000006,0.6931471803599453,0.12443660534585282,0.000656479593575704,tail
492,0.5,0.25,0.25,13.012500000000006,1.0397207705399178,0.1288183829321325,0.004381777586279667,tail
493,0.5,0.0,0.5,13.031250000000005,0.6931471803599453,0.12881366582576456,4.717106367929658e-06,tail
494,0.25,0.25,0.5,13.106250000000006,1.0397207705399178,0.12657984449054094,0.0022338213352236236,tail
495,0.5,0.0,0.5,13.162500000000005,0.6931471803599453,0.12664020591214997,6.036142160903424e-05,tail
496,0.25,0.5,0.25,13.181250000000006,1.0397207705399178,0.1267438155953425,0.00010360968319253483,tail
497,0.25,0.25,0.5,13.200000000000006,1.0397207705399178,0.12672672301605692,1.709257928558805e-05,tail
498,0.25,0.0,0.75,13.218750000000005,0.5623351444188083,0.12671097087027788,1.5752145779035498e-05,tail
499,0.25,0.25,0.5,13.275000000000006,1.0397207705399178,0.1279742287017393,0.0012632578314614173,tail
500,0.25,0.0,0.75,13.218750000000005,0.5623351444188083,0.12741869003189435,0.0005555386698449516,tail
501,0.5,0.25,0.25,13.275000000000006,1.0397207705399178,0.12778355078293124,0.00036486075103689397,tail
502,0.5,0.25,0.25,13.293750000000006,1.0397207705399178,0.12779429033552572,1.0739552594479784e-05,tail
503,0.75,0.25,0.0,13.312500000000005,0.5623351444188083,0.1278756737383124,8.138340278668332e-05,tail
504,0.25,0.75,0.0,13.331250000000006,0.5623351444188083,0.12794979212783072,7.41183895183184e-05,tail
505,0.0,0.25,0.75,13.387500000000006,0.5623351444188083,0.12790243202556817,4.7360102262555825e-05,tail
506,0.75,0.25,0.0,13.406250000000007,0.5623351444188083,0.1279821849717312,7.97529461630253e-05,tail
507,0.5,0.0,0.5,13.462500000000007,0.6931471803599453,0.1267282196934297,0.0012539652783014887,tail
508,0.75,0.0,0.25,13.481250000000008,0.5623351444188083,0.12681254449372012,8.4324800290414e-05,tail
509,0.5,0.5,0.0,13.500000000000009,0.6931471803599453,0.12901662993044977,0.002204085436729647,tail
510,0.5,0.25,0.25,13.55625000000001,1.0397207705399178,0.12775785982289814,0.0012587701075516267,tail
511,0.5,0.5,0.0,13.612500000000008,0.6931471803599453,0.12813095853353212,0.0003730987106339845,tail
512,0.25,0.25,0.5,13.631250000000009,1.0397207705399178,0.12813918620650816,8.22767297603555e-06,tail
513,0.25,0.75,0.0,13.55625000000001,0.5623351444188083,0.12733582158345252,0.0008033646230556357,tail
514,0.5,0.5,0.0,13.63125000000001,0.6931471803599453,0.1282314192193142,0.0008955976358616669,tail
515,0.75,0.25,0.0,13.70625000000001,0.5623351444188083,0.12822060118968376,1.0818029630432768e-05,tail
516,0.5,0.25,0.25,13.72500000000001,1.0397207705399178,0.12789679711316093,0.0003238040765228267,tail
517,0.25,0.25,0.5,13.78125000000001,1.0397207705399178,0.12854458397553717,0.0006477868623762373,tail
518,0.0,0.0,1.0,13.837500000000011,-1.000000082690371e-10,0.12890485058162746,0.00036026660609028704,tail
519,0.5,0.25,0.25,13.893750000000011,1.0397207705399178,0.13019037876211012,0.0012855281804826646,tail
520,0.75,0.0,0.25,13.893750000000011,0.5623351444188083,0.13019037876211012,0.0,tail
521,0.75,0.0,0.25,13.95000000000001,0.5623351444188083,0.1314884424710845,0.0012980637089743674,tail
522,0.25,0.5,0.25,13.96875000000001,1.0397207705399178,0.13367874529798635,0.0021903028269018576,tail
523,0.25,0.0,0.75,13.96875000000001,0.5623351444188083,0.13367874529798635,0.0,tail
524,0.25,0.25,0.5,13.987500000000011,1.0397207705399178,0.13590121801892446,0.002222472720938118,tail
525,0.0,0.75,0.25,14.00625000000001,0.5623351444188083,0.13601306967173135,0.00011185165280688802,tail
526,0.25,0.0,0.75,14.06250000000001,0.5623351444188083,0.13639908064715225,0.0003860109754209029,tail
527,0.0,0.75,0.25,14.118750000000011,0.5623351444188083,0.13689734882233032,0.0004982681751780627,tail
528,0.5,0.25,0.25,14.13750000000001,1.0397207705399178,0.13691110793392147,1.375911159115506e-05,tail
529,0.25,0.0,0.75,14.156250000000009,0.5623351444188083,0.13698539434512108,7.428641119960888e-05,tail
530,0.25,0.25,0.5,14.231250000000008,1.0397207705399178,0.1399110518527932,0.0029256575076721247,tail
531,0.75,0.0,0.25,14.175000000000008,0.5623351444188083,0.14002772232966149,0.00011667047686828025,tail
532,0.5,0.5,0.0,14.100000000000009,0.6931471803599453,0.1394115329548915,0.000616189374769982,tail
533,1.0,0.0,0.0,14.175000000000008,-1.000000082690371e-10,0.1369514277997435,0.0024601051551479958,tail
534,0.25,0.25,0.5,14.231250000000008,1.0397207705399178,0.13733672913732273,0.00038530133757921914,tail
535,0.0,0.0,1.0,14.250000000000009,-1.000000082690371e-10,0.13740059222235912,6.386308503639193e-05,tail
536,0.5,0.0,0.5,14.26875000000001,0.6931471803599453,0.13717735662323555,0.00022323559912357238,tail
537,0.25,0.25,0.5,14.287500000000009,1.0397207705399178,0.13720645591639757,2.9099293162027084e-05,tail
538,0.0,0.5,0.5,14.30625000000001,0.6931471803599453,0.13726650629341253,6.005037701495297e-05,tail
539,0.75,0.25,0.0,14.32500000000001,0.5623351444188083,0.13750769864811013,0.0002411923546976058,tail
540,0.25,0.5,0.25,14.381250000000009,1.0397207705399178,0.1379065942318871,0.00039889558377695367,tail
541,0.0,0.5,0.5,14.456250000000008,0.6931471803599453,0.13860303621964778,0.0006964419877606987,tail
542,0.5,0.5,0.0,14.512500000000008,0.6931471803599453,0.139078883242167,0.0004758470225192102,tail
543,0.25,0.25,0.5,14.58750000000001,1.0397207705399178,0.14001212125106038,0.0009332380088933889,tail
544,0.5,0.0,0.5,14.53125000000001,0.6931471803599453,0.13953820010374887,0.00047392114731151236,tail
545,0.0,0.5,0.5,14.58750000000001,0.6931471803599453,0.14006022390187678,0.0005220237981279074,tail
546,0.5,0.0,0.5,14.60625000000001,0.6931471803599453,0.14226510397503378,0.0022048800731570006,tail
547,0.25,0.5,0.25,14.66250000000001,1.0397207705399178,0.14264122509717034,0.0003761211221365579,tail
548,0.5,0.25,0.25,14.681250000000011,1.0397207705399178,0.14236874894822504,0.00027247614894529426,tail
549,0.0,0.5,0.5,14.606250000000012,0.6931471803599453,0.1416195617152379,0.0007491872329871418,tail
550,0.5,0.25,0.25,14.662500000000012,1.0397207705399178,0.14645654041102457,0.00483697869578667,tail
551,0.5,0.25,0.25,14.681250000000013,1.0397207705399178,0.14649339907388875,3.6858662864180936e-05,tail
552,0.5,0.0,0.5,14.700000000000012,0.6931471803599453,0.1463142264599815,0.00017917261390726358,tail
553,0.25,0.25,0.5,14.756250000000012,1.0397207705399178,0.14616421540371208,0.00015001105626941125,tail
554,0.0,0.0,1.0,14.831250000000011,-1.000000082690371e-10,0.14923320937797124,0.0030689939742591654,tail
555,0.25,0.75,0.0,14.887500000000012,0.5623351444188083,0.14963801809143532,0.0004048087134640721,tail
556,0.0,0.5,0.5,14.943750000000012,0.6931471803599453,0.15004348472701892,0.00040546663558360674,tail
557,0.75,0.25,0.0,15.00000000000001,0.5623351444188083,0.15148627092174774,0.0014427861947288179,tail
558,0.25,0.25,0.5,15.018750000000011,1.0397207705399178,0.15152855289927827,4.2281977530533865e-05,tail
559,0.5,0.25,0.25,14.962500000000013,1.0397207705399178,0.15250728722342877,0.000978734324150493,tail
560,0.5,0.25,0.25,14.981250000000014,1.0397207705399178,0.15253311343588263,2.5826212453866626e-05,tail
561,0.75,0.25,0.0,15.037500000000012,0.5623351444188083,0.15225888840137253,0.00027422503451010605,tail
562,0.0,0.5,0.5,15.093750000000014,0.6931471803599453,0.1508622051672189,0.0013966832341536228,tail
563,0.5,0.0,0.5,15.168750000000012,0.6931471803599453,0.1540426035157678,0.003180398348548885,tail
564,0.0,0.25,0.75,15.168750000000012,0.5623351444188083,0.1540426035157678,0.0,tail
565,0.0,0.0,1.0,15.112500000000013,-1.000000082690371e-10,0.15389772995311402,0.0001448735626537745,tail
566,0.5,0.5,0.0,15.168750000000014,0.6931471803599453,0.153642504201219,0.0002552257518950163,tail
567,0.25,0.75,0.0,15.243750000000013,0.5623351444188083,0.1540200485236308,0.00037754432241179914,tail
568,0.5,0.25,0.25,15.187500000000012,1.0397207705399178,0.15381847645168,0.00020157207195078963,tail
569,0.5,0.25,0.25,15.206250000000013,1.0397207705399178,0.15340300726807235,0.0004154691836076585,tail
570,0.25,0.25,0.5,15.225000000000012,1.0397207705399178,0.15343583106129935,3.282379322699924e-05,tail
571,0.5,0.25,0.25,15.168750000000012,1.0397207705399178,0.1532572954580319,0.00017853560326744344,tail
572,0.0,0.25,0.75,15.243750000000011,0.5623351444188083,0.15647126555519328,0.0032139700971613727,tail
573,0.75,0.25,0.0,15.300000000000011,0.5623351444188083,0.15291487425152758,0.0035563913036656958,tail
574,0.25,0.0,0.75,15.31875000000001,0.5623351444188083,0.1533921153743802,0.00047724112285260634,tail
575,0.75,0.0,0.25,15.37500000000001,0.5623351444188083,0.15489639234375505,0.001504276969374857,tail
576,0.0,0.75,0.25,15.39375000000001,0.5623351444188083,0.15491546613977875,1.907379602369974e-05,tail
577,1.0,0.0,0.0,15.45000000000001,-1.000000082690371e-10,0.1534905415788414,0.0014249245609373462,tail
578,0.75,0.0,0.25,15.46875000000001,0.5623351444188083,0.15599779506765982,0.0025072534888184173,tail
579,0.5,0.0,0.5,15.543750000000012,0.6931471803599453,0.15627962913520826,0.00028183406754844764,tail
580,0.25,0.75,0.0,15.600000000000012,0.5623351444188083,0.15602000990123885,0.0002596192339694159,tail
581,0.5,0.25,0.25,15.656250000000012,1.0397207705399178,0.1564346020617611,0.00041459216052225356,tail
582,0.25,0.25,0.5,15.581250000000011,1.0397207705399178,0.15613510219962787,0.00029949986213323454,tail
583,0.5,0.25,0.25,15.637500000000012,1.0397207705399178,0.15631540992004453,0.00018030772041666143,tail
584,0.5,0.25,0.25,15.693750000000012,1.0397207705399178,0.15608929096344681,0.00022611895659771508,tail
585,0.75,0.0,0.25,15.712500000000011,0.5623351444188083,0.15612256191940072,3.327095595390128e-05,tail
586,0.0,0.5,0.5,15.656250000000012,0.6931471803599453,0.1572635681304175,0.0011410062110167873,tail
587,0.5,0.25,0.25,15.675000000000013,1.0397207705399178,0.1572093617445801,5.42063858373909e-05,tail
588,0.25,0.25,0.5,15.750000000000014,1.0397207705399178,0.16049663185501717,0.003287270110437057,tail
589,0.5,0.25,0.25,15.768750000000013,1.0397207705399178,0.16050553815297813,8.906297960964427e-06,tail
590,0.25,0.0,0.75,15.693750000000014,0.5623351444188083,0.16045846857953075,4.7069573447383606e-05,tail
591,0.25,0.5,0.25,15.637500000000014,1.0397207705399178,0.16047848511257562,2.0016533044869833e-05,tail
592,0.5,0.0,0.5,15.693750000000016,0.6931471803599453,0.1589935358574172,0.0014849492551584076,tail
593,0.5,0.0,0.5,15.712500000000015,0.6931471803599453,0.15898993378556472,3.6020718524876205e-06,tail
594,0.5,0.25,0.25,15.768750000000015,1.0397207705399178,0.15863448744720754,0.00035544633835718487,tail
595,0.25,0.25,0.5,15.787500000000016,1.0397207705399178,0.1586354354767189,9.480295113661885e-07,tail
596,0.25,0.5,0.25,15.806250000000016,1.0397207705399178,0.15872519491246298,8.975943574407452e-05,tail
597,0.0,0.75,0.25,15.881250000000016,0.5623351444188083,0.15879845061166686,7.325569920388353e-05,tail
598,0.5,0.5,0.0,15.937500000000016,0.6931471803599453,0.15889318919612633,9.473858445946393e-05,tail
599,0.0,0.5,0.5,15.956250000000017,0.6931471803599453,0.1594518156385057,0.0005586264423793619,tail
600,0.25,0.25,0.5,16.012500000000017,1.0397207705399178,0.1591057270448539,0.0003460885936517888,tail
601,0.0,0.5,0.5,16.031250000000018,0.6931471803599453,0.15918210958024143,7.638253538752582e-05,tail
602,0.5,0.25,0.25,15.975000000000017,1.0397207705399178,0.15957946715290441,0.00039735757266298743,tail
603,0.5,0.25,0.25,16.050000000000015,1.0397207705399178,0.1628869498153189,0.003307482662414485,tail
604,0.25,0.25,0.5,16.125000000000014,1.0397207705399178,0.1662207433008033,0.0033337934854844042,tail
605,0.5,0.5,0.0,16.200000000000017,0.6931471803599453,0.16957929586716908,0.0033585525663657745,tail
606,0.5,0.25,0.25,16.218750000000014,1.0397207705399178,0.16960165748665765,2.2361619488570073e-05,tail
607,0.5,0.5,0.0,16.237500000000015,0.6931471803599453,0.17222855681114357,0.0026268993244859262,tail
608,1.0,0.0,0.0,16.256250000000016,-1.000000082690371e-10,0.17221783988599818,1.0716925145398681e-05,tail
609,0.25,0.75,0.0,16.312500000000014,0.5623351444188083,0.17266313868861777,0.00044529880261959254,tail
610,0.25,0.75,0.0,16.368750000000013,0.5623351444188083,0.1781575652492895,0.005494426560671728,tail
611,0.0,0.5,0.5,16.42500000000001,0.6931471803599453,0.17806287537497767,9.46898743118263e-05,tail
612,0.25,0.25,0.5,16.481250000000017,1.0397207705399178,0.1765608726571985,0.0015020027177791717,tail
613,0.0,0.5,0.5,16.537500000000016,0.6931471803599453,0.17658614762976585,2.5274972567351783e-05,tail
614,0.5,0.5,0.0,16.593750000000014,0.6931471803599453,0.17812937007309634,0.0015432224433304942,tail
615,0.75,0.0,0.25,16.650000000000013,0.5623351444188083,0.1835099788196492,0.005380608746552856,tail
616,0.75,0.0,0.25,16.725000000000016,0.5623351444188083,0.18688654042775463,0.0033765616081054273,tail
617,0.75,0.0,0.25,16.743750000000013,0.5623351444188083,0.18688063095380872,5.909473945908683e-06,tail
618,0.5,0.0,0.5,16.762500000000014,0.6931471803599453,0.1864377921646291,0.0004428387891796115,tail
619,0.0,0.75,0.25,16.818750000000012,0.5623351444188083,0.18642244882814551,1.5343336483591985e-05,tail
620,0.25,0.25,0.5,16.875000000000014,1.0397207705399178,0.18494817920989315,0.0014742696182523662,tail
621,0.5,0.25,0.25,16.931250000000013,1.0397207705399178,0.18347825593051822,0.001469923279374924,tail
622,0.75,0.25,0.0,16.950000000000014,0.5623351444188083,0.18304210533750995,0.00043615059300827763,tail
623,0.0,0.0,1.0,16.875000000000014,-1.000000082690371e-10,0.18399994102882294,0.0009578356913129971,tail
624,0.25,0.25,0.5,16.950000000000017,1.0397207705399178,0.18401064044943244,1.0699420609494581e-05,tail
625,0.25,0.5,0.25,17.006250000000016,1.0397207705399178,0.18365046434886773,0.00036017610056471305,tail
626,0.5,0.0,0.5,17.006250000000016,0.6931471803599453,0.18365046434886773,0.0,tail
627,1.0,0.0,0.0,17.062500000000014,-1.000000082690371e-10,0.18518691875635113,0.0015364544074834008,tail
628,0.25,0.25,0.5,17.118750000000013,1.0397207705399178,0.1856211933766043,0.00043427462025316665,tail
629,0.5,0.25,0.25,17.137500000000017,1.0397207705399178,0.1881953875796353,0.0025741942030310105,tail
630,0.0,0.0,1.0,17.156250000000014,-1.000000082690371e-10,0.18819933470480835,3.9471251730427426e-06,tail
631,0.25,0.5,0.25,17.17500000000002,1.0397207705399178,0.1882838430549863,8.45083501779531e-05,tail
632,0.5,0.25,0.25,17.231250000000017,1.0397207705399178,0.18845354639619993,0.00016970334121363395,tail
633,0.0,0.25,0.75,17.17500000000002,0.5623351444188083,0.1883689678677321,8.457852846782687e-05,tail
634,0.25,0.75,0.0,17.193750000000016,0.5623351444188083,0.18894811163091318,0.0005791437631810781,tail
635,0.75,0.0,0.25,17.250000000000014,0.5623351444188083,0.18900521400251905,5.7102371605860514e-05,tail
636,1.0,0.0,0.0,17.306250000000013,-1.000000082690371e-10,0.18910437667536123,9.916267284218461e-05,tail
637,0.75,0.0,0.25,17.325000000000017,0.5623351444188083,0.18912168724608153,1.731057072029696e-05,tail
638,0.25,0.25,0.5,17.400000000000016,1.0397207705399178,0.18649304262603417,0.00262864462004736,tail
639,0.0,0.25,0.75,17.343750000000018,0.5623351444188083,0.18684305630922268,0.0003500136831885159,tail
640,0.25,0.25,0.5,17.400000000000016,1.0397207705399178,0.1883584123235665,0.0015153560143438272,tail
641,0.75,0.0,0.25,17.325000000000017,0.5623351444188083,0.1882396406881081,0.00011877163545839786,tail
642,0.25,0.25,0.5,17.381250000000016,1.0397207705399178,0.1870367425281853,0.001202898159922805,tail
643,0.0,0.5,0.5,17.437500000000018,0.6931471803599453,0.18747023953631856,0.000433497008133249,tail
644,0.25,0.5,0.25,17.493750000000016,1.0397207705399178,0.1878862272094447,0.0004159876731261447,tail
645,1.0,0.0,0.0,17.493750000000016,-1.000000082690371e-10,0.1878862272094447,0.0,tail
646,0.75,0.0,0.25,17.512500000000017,0.5623351444188083,0.18831810410401978,0.0004318768945750784,tail
647,0.5,0.0,0.5,17.531250000000018,0.6931471803599453,0.18879683469715738,0.00047873059313760513,tail
648,0.0,0.75,0.25,17.587500000000016,0.5623351444188083,0.18894352317006202,0.00014668847290463805,tail
649,0.5,0.0,0.5,17.64375000000002,0.6931471803599453,0.1887040265479668,0.00023949662209521438,tail
650,0.25,0.75,0.0,17.58750000000002,0.5623351444188083,0.18901699865686447,0.00031297210889766336,tail
651,0.25,0.25,0.5,17.64375000000002,1.0397207705399178,0.1876019907795318,0.0014150078773326746,tail
652,0.5,0.25,0.25,17.700000000000017,1.0397207705399178,0.1873660331595445,0.0002359576199872926,tail
653,0.0,0.75,0.25,17.718750000000018,0.5623351444188083,0.18984228994637212,0.002476256786827613,tail
654,0.0,0.25,0.75,17.775000000000016,0.5623351444188083,0.19038572414530555,0.0005434341989334346,tail
655,0.5,0.5,0.0,17.83125000000002,0.6931471803599453,0.19017472320795228,0.0002110009373532673,tail
656,0.0,0.0,1.0,17.887500000000017,-1.000000082690371e-10,0.1904912201334111,0.00031649692545882013,tail
657,0.75,0.0,0.25,17.906250000000018,0.5623351444188083,0.1900880917861188,0.0004031283472923086,tail
658,0.5,0.5,0.0,17.850000000000016,0.6931471803599453,0.1898170228671231,0.0002710689189956983,tail
659,0.25,0.5,0.25,17.906250000000014,1.0397207705399178,0.1912615691852947,0.0014445463181715912,tail
660,0.5,0.25,0.25,17.92500000000002,1.0397207705399178,0.19085348897379706,0.0004080802114976301,tail
661,0.25,0.5,0.25,18.000000000000014,1.0397207705399178,0.19398228571222148,0.003128796738424422,tail
662,0.25,0.75,0.0,18.056250000000016,0.5623351444188083,0.1942655417063033,0.0002832559940818269,tail
663,0.5,0.25,0.25,18.000000000000018,1.0397207705399178,0.19402599182447505,0.00023954988182825487,tail
664,0.5,0.25,0.25,18.01875000000002,1.0397207705399178,0.19389270730082522,0.00013328452364982923,tail
665,0.0,0.25,0.75,18.03750000000002,0.5623351444188083,0.19394527122146007,5.25639206348516e-05,tail
666,0.5,0.25,0.25,18.09375000000002,1.0397207705399178,0.19374728492721052,0.0001979862942495525,tail
667,0.75,0.0,0.25,18.11250000000002,0.5623351444188083,0.19413203598538903,0.0003847510581785063,tail
668,0.25,0.0,0.75,18.16875000000002,0.5623351444188083,0.1956083226384187,0.0014762866530296792,tail
669,0.5,0.5,0.0,18.22500000000002,0.6931471803599453,0.19584003977878117,0.00023171714036246405,tail
670,0.25,0.25,0.5,18.30000000000002,1.0397207705399178,0.1953698815708271,0.00047015820795406893,tail
671,0.25,0.5,0.25,18.31875000000002,1.0397207705399178,0.19541348944645018,4.360787562307511e-05,tail
672,0.25,0.0,0.75,18.33750000000002,0.5623351444188083,0.1952612032637283,0.0001522861827218669,tail
673,0.5,0.0,0.5,18.39375000000002,0.6931471803599453,0.19554222489976175,0.00028102163603344055,tail
674,0.5,0.25,0.25,18.45000000000002,1.0397207705399178,0.19698173693898374,0.0014395120392219907,tail
675,0.25,0.25,0.5,18.37500000000002,1.0397207705399178,0.1965482142397441,0.00043352269923963016,tail
676,0.25,0.0,0.75,18.39375000000002,0.5623351444188083,0.1989986771923486,0.002450462952604482,tail
677,0.0,0.5,0.5,18.450000000000024,0.6931471803599453,0.1954976178279109,0.003501059364437703,tail
678,0.25,0.5,0.25,18.46875000000002,1.0397207705399178,0.19536900293809864,0.00012861488981225078,tail
679,0.0,0.25,0.75,18.52500000000002,0.5623351444188083,0.19560743842010914,0.00023843548201049614,tail
680,0.75,0.25,0.0,18.58125000000002,0.5623351444188083,0.19601811650081422,0.00041067808070507916,tail
681,0.5,0.25,0.25,18.637500000000024,1.0397207705399178,0.19583706667540438,0.00018104982540984027,tail
682,0.5,0.25,0.25,18.65625000000002,1.0397207705399178,0.19826032006906444,0.002423253393660063,tail
683,0.25,0.75,0.0,18.675000000000022,0.5623351444188083,0.19812796724907109,0.00013235281999335324,tail
684,0.0,0.25,0.75,18.731250000000024,0.5623351444188083,0.19854177597058642,0.0004138087215153352,tail
685,0.5,0.25,0.25,18.787500000000023,1.0397207705399178,0.19895604383499182,0.0004142678644054043,tail
686,0.5,0.25,0.25,18.84375000000002,1.0397207705399178,0.19937076798016043,0.00041472414516860456,tail
687,0.25,0.25,0.5,18.768750000000026,1.0397207705399178,0.19999684459316153,0.0006260766130010975,tail
688,0.25,0.25,0.5,18.693750000000023,1.0397207705399178,0.19976035555829585,0.0002364890348656723,tail
689,0.5,0.25,0.25,18.712500000000023,1.0397207705399178,0.19970171006646695,5.864549182890699e-05,tail
690,0.5,0.25,0.25,18.787500000000023,1.0397207705399178,0.20298730482505029,0.003285594758583338,tail
691,0.25,0.25,0.5,18.806250000000027,1.0397207705399178,0.20255577935472246,0.0004315254703278204,tail
692,0.0,0.5,0.5,18.881250000000026,0.6931471803599453,0.20586046548572406,0.0033046861310015996,tail
693,0.5,0.25,0.25,18.900000000000027,1.0397207705399178,0.2058376148761826,2.2850609541463784e-05,tail
694,0.5,0.0,0.5,18.918750000000024,0.6931471803599453,0.20540185037844205,0.0004357644977405484,tail
695,0.5,0.5,0.0,18.93750000000003,0.6931471803599453,0.20496644055423133,0.00043540982421072516,tail
696,0.0,0.25,0.75,18.862500000000026,0.5623351444188083,0.2049429428134251,2.3497740806233125e-05,tail
697,0.0,1.0,0.0,18.806250000000027,-1.000000082690371e-10,0.2049658211683628,2.28783549376943e-05,tail
698,0.5,0.25,0.25,18.825000000000024,1.0397207705399178,0.2056707923512426,0.0007049711828798211,tail
699,1.0,0.0,0.0,18.84375000000003,-1.000000082690371e-10,0.20571571053039886,4.491817915625029e-05,tail
700,0.5,0.5,0.0,18.862500000000026,0.6931471803599453,0.20526759296640398,0.00044811756399487646,tail
701,0.25,0.25,0.5,18.88125000000003,1.0397207705399178,0.2052545453465422,1.304761986178904e-05,tail
702,0.5,0.25,0.25,18.93750000000003,1.0397207705399178,0.20570220392934044,0.0004476585827982438,tail
703,0.5,0.25,0.25,18.86250000000003,1.0397207705399178,0.20684925779752747,0.0011470538681870313,tail
704,0.5,0.5,0.0,18.918750000000028,0.6931471803599453,0.20532933720915064,0.0015199205883768274,tail
705,0.5,0.25,0.25,18.97500000000003,1.0397207705399178,0.20578087008527937,0.0004515328761287296,tail
706,0.5,0.0,0.5,19.03125000000003,0.6931471803599453,0.20565965703377284,0.00012121305150653017,tail
707,0.0,0.5,0.5,19.050000000000033,0.6931471803599453,0.20564523076769628,1.44262660765615e-05,tail
708,0.5,0.0,0.5,19.10625000000003,0.6931471803599453,0.20556975891713508,7.547185056119843e-05,tail
709,0.5,0.25,0.25,19.12500000000003,1.0397207705399178,0.20566866831987624,9.890940274115412e-05,tail
710,0.25,0.25,0.5,19.18125000000003,1.0397207705399178,0.2052365727185314,0.0004320956013448285,tail
711,0.25,0.5,0.25,19.18125000000003,1.0397207705399178,0.2052365727185314,0.0,tail
712,0.5,0.25,0.25,19.20000000000003,1.0397207705399178,0.20522999251178645,6.580206744960515e-06,tail
713,0.25,0.5,0.25,19.25625000000003,1.0397207705399178,0.2052050094908453,2.4983020941143907e-05,tail
714,0.75,0.25,0.0,19.27500000000003,0.5623351444188083,0.2058849726468753,0.0006799631560300001,tail
715,0.5,0.5,0.0,19.331250000000033,0.6931471803599453,0.2058549625950247,3.0010051850604125e-05,tail
716,0.25,0.25,0.5,19.38750000000003,1.0397207705399178,0.2054590832643627,0.00039587933066198566,tail
717,0.0,0.5,0.5,19.44375000000003,0.6931471803599453,0.2039880117579737,0.0014710715063890045,tail
718,0.0,0.5,0.5,19.462500000000034,0.6931471803599453,0.20407448280284576,8.647104487205515e-05,tail
719,0.25,0.5,0.25,19.40625000000003,1.0397207705399178,0.2040730440103878,1.4387924579528644e-06,tail
720,0.25,0.25,0.5,19.46250000000003,1.0397207705399178,0.20372740160976302,0.00034564240062479046,tail
721,0.25,0.5,0.25,19.53750000000003,1.0397207705399178,0.20379110014914534,6.369853938231751e-05,tail
722,0.25,0.25,0.5,19.55625000000003,1.0397207705399178,0.20380115560100373,1.005545185839285e-05,tail
723,0.25,0.5,0.25,19.63125000000003,1.0397207705399178,0.20397871769943185,0.00017756209842811899,tail
724,1.0,0.0,0.0,19.55625000000003,-1.000000082690371e-10,0.2038135413445722,0.00016517635485965854,tail
725,0.25,0.0,0.75,19.63125000000003,0.5623351444188083,0.20400110102337424,0.00018755967880204616,tail
726,1.0,0.0,0.0,19.70625000000003,-1.000000082690371e-10,0.20429345021826387,0.0002923491948896295,tail
727,0.25,0.25,0.5,19.63125000000003,1.0397207705399178,0.2040244349387648,0.0002690152794990741,tail
728,0.75,0.25,0.0,19.65000000000003,0.5623351444188083,0.20360036043885651,0.00042407449990827795,tail
729,0.5,0.0,0.5,19.65000000000003,0.6931471803599453,0.20360036043885651,0.0,tail
730,0.25,0.5,0.25,19.66875000000003,1.0397207705399178,0.20366829053498584,6.793009612932055e-05,tail
731,0.25,0.75,0.0,19.743750000000034,0.5623351444188083,0.2069206814283597,0.0032523908933738688,tail
732,0.5,0.25,0.25,19.76250000000003,1.0397207705399178,0.2074677790411724,0.0005470976128126859,tail
733,0.25,0.25,0.5,19.81875000000003,1.0397207705399178,0.20789893774613463,0.0004311587049622423,tail
734,0.0,0.25,0.75,19.76250000000003,0.5623351444188083,0.20784778835724704,5.114938888758913e-05,tail
735,0.25,0.25,0.5,19.781250000000036,1.0397207705399178,0.2074136920989978,0.00043409625824925024,tail
736,0.25,0.0,0.75,19.837500000000034,0.5623351444188083,0.20595619224728098,0.0014574998517168092,tail
737,0.25,0.25,0.5,19.893750000000033,1.0397207705399178,0.20749259211174012,0.001536399864459137,tail
738,0.25,0.5,0.25,19.912500000000033,1.0397207705399178,0.20705878878687534,0.00043380332486478435,tail
739,0.5,0.25,0.25,19.931250000000034,1.0397207705399178,0.2071410005219179,8.22117350425533e-05,tail
740,0.25,0.5,0.25,19.987500000000033,1.0397207705399178,0.2075752760462898,0.00043427552437191874,tail
741,0.25,0.25,0.5,20.04375000000003,1.0397207705399178,0.20911783128444608,0.0015425552381562735,tail
742,0.0,0.5,0.5,20.100000000000033,0.6931471803599453,0.21066475988884978,0.0015469286044036967,tail
743,0.25,0.25,0.5,20.118750000000034,1.0397207705399178,0.21066796874597357,3.208857123793152e-06,tail
744,0.25,0.25,0.5,20.193750000000037,1.0397207705399178,0.21401059488310653,0.003342626137132959,tail
745,0.25,0.0,0.75,20.250000000000036,0.5623351444188083,0.2140245120388577,1.3917155751164145e-05,tail
746,0.5,0.25,0.25,20.306250000000034,1.0397207705399178,0.21446063239490162,0.0004361203560439286,tail
747,0.25,0.5,0.25,20.325000000000035,1.0397207705399178,0.2140245120388577,0.0004361203560439286,tail
748,0.5,0.25,0.25,20.400000000000034,1.0397207705399178,0.217363324114575,0.003338812075717318,tail
749,0.5,0.25,0.25,20.475000000000037,1.0397207705399178,0.21742235703074425,5.9032916169238225e-05,tail
750,0.5,0.0,0.5,20.531250000000036,0.6931471803599453,0.2178553570542186,0.0004330000234743503,tail
751,0.25,0.0,0.75,20.550000000000036,0.5623351444188083,0.21793594959299134,8.059253877273909e-05,tail
752,0.5,0.25,0.25,20.625000000000036,1.0397207705399178,0.22125709734378884,0.003321147750797504,tail
753,0.5,0.25,0.25,20.625000000000036,1.0397207705399178,0.22125709734378884,0.0,tail
754,0.25,0.5,0.25,20.70000000000004,1.0397207705399178,0.22135693037490112,9.983303111227304e-05,tail
755,0.5,0.25,0.25,20.756250000000037,1.0397207705399178,0.2228855946023628,0.0015286642274616735,tail
756,0.25,0.25,0.5,20.77500000000004,1.0397207705399178,0.22296382386717145,7.822926480866021e-05,tail
757,0.5,0.0,0.5,20.83125000000004,0.6931471803599453,0.22262297339054837,0.000340850476623078,tail
758,0.25,0.0,0.75,20.85000000000004,0.5623351444188083,0.2221929255861995,0.000430047804348882,tail
759,0.5,0.0,0.5,20.90625000000004,0.6931471803599453,0.22262297339054837,0.000430047804348882,tail
760,0.0,0.25,0.75,20.90625000000004,0.5623351444188083,0.22262297339054837,0.0,tail
761,0.5,0.0,0.5,20.92500000000004,0.6931471803599453,0.22319138543243291,0.0005684120418845418,tail
762,0.25,0.0,0.75,20.98125000000004,0.5623351444188083,0.2236250426992045,0.000433657266771581,tail
763,0.25,0.0,0.75,21.037500000000044,0.5623351444188083,0.22216771087057413,0.001457331828630365,tail
764,0.25,0.25,0.5,21.05625000000004,1.0397207705399178,0.22217723546378942,9.524593215293198e-06,tail
765,0.25,0.25,0.5,21.075000000000042,1.0397207705399178,0.22174518209252891,0.00043205337126051013,tail
766,0.25,0.25,0.5,21.131250000000044,1.0397207705399178,0.2218339281234173,8.874603088837585e-05,tail
767,1.0,0.0,0.0,21.20625000000004,-1.000000082690371e-10,0.22511668270772853,0.003282754584311237,tail
768,0.5,0.0,0.5,21.15000000000004,0.6931471803599453,0.22658598441503866,0.0014693017073101333,tail
769,0.5,0.25,0.25,21.168750000000042,1.0397207705399178,0.22614736488042467,0.00043861953461399317,tail
770,0.25,0.75,0.0,21.187500000000043,0.5623351444188083,0.22615074748997982,3.3826095551525714e-06,tail
771,0.25,0.0,0.75,21.112500000000043,0.5623351444188083,0.22621258323200957,6.183574202975328e-05,tail
772,0.75,0.0,0.25,21.168750000000045,0.5623351444188083,0.22665745902713577,0.00044487579512619835,tail
773,0.0,0.5,0.5,21.225000000000044,0.6931471803599453,0.22660570565043628,5.175337669949265e-05,tail
774,0.5,0.25,0.25,21.281250000000043,1.0397207705399178,0.22704787662792358,0.00044217097748730505,tail
775,0.5,0.25,0.25,21.356250000000045,1.0397207705399178,0.22702876733558558,1.910929233800429e-05,tail
776,0.5,0.25,0.25,21.281250000000043,1.0397207705399178,0.22704198878211426,1.3221446528682845e-05,tail
777,0.5,0.25,0.25,21.33750000000004,1.0397207705399178,0.22748396234679666,0.00044197356468239635,tail
778,0.25,0.0,0.75,21.356250000000042,0.5623351444188083,0.22747908080713689,4.881539659773448e-06,tail
779,0.75,0.0,0.25,21.375000000000043,0.5623351444188083,0.22818434254792025,0.0007052617407833639,tail
780,0.75,0.0,0.25,21.431250000000045,0.5623351444188083,0.2281352661312507,4.907641666954121e-05,tail
781,0.5,0.0,0.5,21.487500000000043,0.6931471803599453,0.22811815914400324,1.7106987247467176e-05,tail
782,0.25,0.25,0.5,21.543750000000045,1.0397207705399178,0.2281306163692168,1.2457225213563516e-05,tail
783,0.0,0.5,0.5,21.562500000000043,0.6931471803599453,0.22821703242503102,8.641605581422018e-05,tail
784,0.0,0.25,0.75,21.637500000000042,0.5623351444188083,0.22830456023089193,8.752780586090969e-05,tail
785,0.25,0.25,0.5,21.71250000000004,1.0397207705399178,0.22564855601871706,0.0026560042121748784,tail
786,0.25,0.5,0.25,21.768750000000043,1.0397207705399178,0.2259758727211426,0.00032731670242555633,tail
787,0.5,0.25,0.25,21.693750000000044,1.0397207705399178,0.22672536291948228,0.0007494901983396696,tail
788,0.5,0.25,0.25,21.71250000000004,1.0397207705399178,0.22674355313632982,1.8190216847541185e-05,tail
789,0.0,0.0,1.0,21.63750000000004,-1.000000082690371e-10,0.22757155468115683,0.0008280015448270117,tail
790,0.25,0.0,0.75,21.65625000000004,0.5623351444188083,0.22714181681917456,0.0004297378619822767,tail
791,0.25,0.5,0.25,21.712500000000038,1.0397207705399178,0.22569886833270883,0.0014429484864657283,tail
792,0.5,0.0,0.5,21.76875000000004,0.6931471803599453,0.2261274424427367,0.00042857411002786283,tail
793,0.25,0.5,0.25,21.82500000000004,1.0397207705399178,0.22622402974030673,9.658729757003326e-05,tail
794,1.0,0.0,0.0,21.881250000000037,-1.000000082690371e-10,0.2266499256608792,0.00042589592057246106,tail
795,0.25,0.0,0.75,21.806250000000038,0.5623351444188083,0.22650769068835383,0.00014223497252535688,tail
796,0.5,0.0,0.5,21.82500000000004,0.6931471803599453,0.22607671195304208,0.00043097873531175446,tail
797,0.5,0.0,0.5,21.881250000000037,0.6931471803599453,0.22760625094392453,0.0015295389908824564,tail
798,0.5,0.0,0.5,21.881250000000037,0.6931471803599453,0.22760625094392453,0.0,tail
799,0.5,0.25,0.25,21.95625000000004,1.0397207705399178,0.22775373041675678,0.0001474794728322515,tail
800,0.5,0.25,0.25,22.031250000000036,1.0397207705399178,0.225124397517545,0.0026293328992117726,tail
801,0.25,0.25,0.5,22.050000000000036,1.0397207705399178,0.22506021185081135,6.418566673366266e-05,tail
802,0.75,0.25,0.0,22.125000000000036,0.5623351444188083,0.22436752540938731,0.0006926864414240341,tail
803,0.5,0.0,0.5,22.14375000000004,0.6931471803599453,0.22488054699476653,0.0005130215853792197,tail
804,0.0,0.5,0.5,22.20000000000004,0.6931471803599453,0.22460408453914055,0.0002764624556259865,tail
805,0.0,0.5,0.5,22.256250000000037,0.6931471803599453,0.2250471275875686,0.00044304304842804343,tail
806,0.5,0.0,0.5,22.331250000000036,0.6931471803599453,0.22450839330232875,0.0005387342852398447,tail
807,0.0,0.75,0.25,22.38750000000004,0.5623351444188083,0.22479414966190933,0.00028575635958058565,tail
808,0.5,0.5,0.0,22.38750000000004,0.6931471803599453,0.22479414966190933,0.0,tail
809,0.25,0.25,0.5,22.443750000000037,1.0397207705399178,0.22508480944073253,0.00029065977882319904,tail
810,0.25,0.25,0.5,22.462500000000038,1.0397207705399178,0.22513244558604653,4.763614531400062e-05,tail
811,0.25,0.25,0.5,22.518750000000036,1.0397207705399178,0.22656199042087985,0.0014295448348333184,tail
812,0.25,0.25,0.5,22.537500000000037,1.0397207705399178,0.22895676751056632,0.0023947770896864673,tail
813,0.5,0.5,0.0,22.556250000000038,0.6931471803599453,0.22855044137667044,0.000406326133895879,tail
814,0.25,0.75,0.0,22.57500000000004,0.5623351444188083,0.2285942984822888,4.385710561835565e-05,tail
815,0.25,0.5,0.25,22.631250000000037,1.0397207705399178,0.2289192727145041,0.0003249742322153082,tail
816,0.75,0.0,0.25,22.70625000000004,0.5623351444188083,0.22855385963372138,0.0003654130807827227,tail
817,0.0,0.75,0.25,22.781250000000036,0.5623351444188083,0.2315980760645566,0.003044216430835217,tail
818,0.75,0.25,0.0,22.837500000000038,0.5623351444188083,0.23197083037707972,0.0003727543125231214,tail
819,0.25,0.5,0.25,22.89375000000004,1.0397207705399178,0.23182989977687113,0.0001409306002085886,tail
820,0.0,0.25,0.75,22.912500000000037,0.5623351444188083,0.23162557807836648,0.00020432169850465032,tail
821,0.5,0.25,0.25,22.85625000000004,1.0397207705399178,0.2317973449256525,0.000171766847286009,tail
822,0.75,0.25,0.0,22.85625000000004,0.5623351444188083,0.2317973449256525,0.0,tail
823,0.0,0.5,0.5,22.78125000000004,0.6931471803599453,0.23223296063106721,0.00043561570541472694,tail
824,1.0,0.0,0.0,22.70625000000004,-1.000000082690371e-10,0.2317732939944255,0.00045966663664170904,tail
825,0.25,0.0,0.75,22.76250000000004,0.5623351444188083,0.23683007750057714,0.00505678350615163,tail
826,0.75,0.0,0.25,22.81875000000004,0.5623351444188083,0.237917267624545,0.0010871901239678516,tail
827,0.5,0.0,0.5,22.83750000000004,0.6931471803599453,0.23974277198706212,0.001825504362517133,tail
828,0.5,0.25,0.25,22.89375000000004,1.0397207705399178,0.23951057486056948,0.00023219712649263924,tail
829,0.5,0.25,0.25,22.968750000000043,1.0397207705399178,0.23992623182978645,0.00041565696921697093,tail
830,0.5,0.0,0.5,22.968750000000043,0.6931471803599453,0.23992623182978645,0.0,tail
831,0.5,0.25,0.25,23.02500000000004,1.0397207705399178,0.24018532688590788,0.0002590950561214278,tail
832,0.5,0.0,0.5,23.043750000000042,0.6931471803599453,0.2402279072349523,4.2580349044418764e-05,tail
833,0.0,0.5,0.5,23.100000000000044,0.6931471803599453,0.2405430883696339,0.0003151811346815969,tail
834,0.25,0.25,0.5,23.11875000000004,1.0397207705399178,0.24230189667692417,0.0017588083072902772,tail
835,0.25,0.5,0.25,23.137500000000042,1.0397207705399178,0.2423465748572494,4.467818032521942e-05,tail
836,0.5,0.5,0.0,23.193750000000044,0.6931471803599453,0.24264824528273507,0.00030167042548567835,tail
837,0.25,0.25,0.5,23.250000000000043,1.0397207705399178,0.2412985973625777,0.0013496479201573763,tail
838,0.0,0.25,0.75,23.30625000000004,0.5623351444188083,0.24270200442657913,0.0014034070640014384,tail
839,0.5,0.0,0.5,23.36250000000004,0.6931471803599453,0.24305825530115271,0.0003562508745735826,tail
840,0.25,0.0,0.75,23.418750000000042,0.5623351444188083,0.24668483783978362,0.003626582538630907,tail
841,0.25,0.25,0.5,23.47500000000004,1.0397207705399178,0.24652621533021662,0.00015862250956699686,tail
842,0.5,0.0,0.5,23.418750000000042,0.6931471803599453,0.24624594772731526,0.00028026760290136843,tail
843,0.25,0.0,0.75,23.49375000000004,0.5623351444188083,0.2485462190863576,0.002300271359042344,tail
844,0.5,0.25,0.25,23.55000000000004,1.0397207705399178,0.24834427045526336,0.00020194863109423977,tail
845,0.5,0.5,0.0,23.60625000000004,0.6931471803599453,0.24864543258850272,0.0003011621332393577,tail
846,0.25,0.25,0.5,23.68125000000004,1.0397207705399178,0.24922584115039842,0.0005804085618957011,tail
847,0.25,0.5,0.25,23.756250000000037,1.0397207705399178,0.24889534231259006,0.00033049883780836287,tail
848,0.5,0.0,0.5,23.68125000000004,0.6931471803599453,0.2483026248516812,0.0005927174609088592,tail
849,0.25,0.25,0.5,23.70000000000004,1.0397207705399178,0.2483543220672528,5.169721557160556e-05,tail
850,0.0,0.5,0.5,23.718750000000043,0.6931471803599453,0.248391361756081,3.703968882820541e-05,tail
851,0.5,0.0,0.5,23.64375000000004,0.6931471803599453,0.2478682470599973,0.0005231146960837096,tail
852,0.0,0.25,0.75,23.700000000000042,0.5623351444188083,0.24816958024070127,0.00030133318070396653,tail
853,0.0,0.5,0.5,23.756250000000044,0.6931471803599453,0.2468191534560445,0.001350426784656772,tail
854,0.25,0.5,0.25,23.812500000000043,1.0397207705399178,0.2472201469446462,0.00040099348860170303,tail
855,0.25,0.25,0.5,23.86875000000004,1.0397207705399178,0.24852234997840794,0.0013022030337617452,tail
856,0.75,0.0,0.25,23.92500000000004,0.5623351444188083,0.2488743711650881,0.0003520211866801515,tail
857,0.25,0.25,0.5,23.943750000000044,1.0397207705399178,0.24892701149112237,5.26403260342756e-05,tail
858,0.5,0.25,0.25,24.01875000000004,1.0397207705399178,0.2511946057672578,0.002267594276135404,tail
859,0.0,0.25,0.75,24.037500000000044,0.5623351444188083,0.2507933041572385,0.0004013016100192779,tail
860,0.25,0.0,0.75,24.05625000000004,0.5623351444188083,0.25083270899777144,3.940484053294169e-05,tail
861,0.5,0.25,0.25,24.05625000000004,1.0397207705399178,0.25083270899777144,0.0,tail
862,0.25,0.0,0.75,24.075000000000042,0.5623351444188083,0.2504313422061978,0.00040136679157365407,tail
863,0.75,0.0,0.25,24.131250000000044,0.5623351444188083,0.25028488013001854,0.00014646207617924345,tail
864,0.25,0.0,0.75,24.187500000000043,0.5623351444188083,0.2506317832058571,0.00034690307583856717,tail
865,0.0,0.25,0.75,24.24375000000004,0.5623351444188083,0.25188068545672837,0.0012489022508712644,tail
866,0.0,0.25,0.75,24.31875000000004,0.5623351444188083,0.25257204936971545,0.0006913639129870752,tail
867,0.25,0.5,0.25,24.33750000000004,1.0397207705399178,0.25263340796643396,6.135859671851929e-05,tail
868,0.0,0.75,0.25,24.26250000000004,0.5623351444188083,0.2529634016428754,0.0003299936764414313,tail
869,0.25,0.25,0.5,24.28125000000004,1.0397207705399178,0.25301886564605813,5.546400318273692e-05,tail
870,0.0,0.0,1.0,24.30000000000004,-1.000000082690371e-10,0.2526230511574059,0.00039581448865222413,tail
871,0.25,0.25,0.5,24.35625000000004,1.0397207705399178,0.2512947684024368,0.0013282827549691012,tail
872,0.5,0.0,0.5,24.43125000000004,0.6931471803599453,0.25203085170226214,0.0007360832998253297,tail
873,0.5,0.25,0.25,24.43125000000004,1.0397207705399178,0.25203085170226214,0.0,tail
874,0.25,0.25,0.5,24.48750000000004,1.0397207705399178,0.25341017029699964,0.0013793185947374997,tail
875,0.25,0.0,0.75,24.506250000000044,0.5623351444188083,0.25520440034637193,0.0017942300493722918,tail
876,0.5,0.0,0.5,24.581250000000043,0.6931471803599453,0.25495586733684833,0.00024853300952359936,tail
877,0.25,0.25,0.5,24.637500000000042,1.0397207705399178,0.25850576137580494,0.0035498940389566136,tail
878,0.25,0.5,0.25,24.69375000000004,1.0397207705399178,0.2595449433582129,0.001039181982407933,tail
879,0.75,0.25,0.0,24.71250000000004,0.5623351444188083,0.2597815879852752,0.00023664462706229905,tail
880,0.5,0.25,0.25,24.78750000000004,1.0397207705399178,0.26206641675248016,0.0022848287672049827,tail
881,0.0,0.25,0.75,24.86250000000004,0.5623351444188083,0.26172337731645035,0.0003430394360298128,tail
882,0.5,0.25,0.25,24.93750000000004,1.0397207705399178,0.26400023907930276,0.0022768617628524113,tail
883,0.5,0.0,0.5,24.95625000000004,0.6931471803599453,0.26427779179100364,0.00027755271170087914,tail
884,0.5,0.25,0.25,25.03125000000004,1.0397207705399178,0.2666066882768117,0.002328896485808085,tail
885,0.25,0.25,0.5,25.087500000000034,1.0397207705399178,0.2704024511888327,0.0037957629120209946,tail
886,0.75,0.0,0.25,25.14375000000004,0.5623351444188083,0.27018999780614494,0.0002124533826877717,tail
887,0.25,0.25,0.5,25.20000000000004,1.0397207705399178,0.27050517606705404,0.00031517826090909917,tail
888,0.5,0.25,0.25,25.256250000000037,1.0397207705399178,0.2703451416089587,0.00016003445809537054,tail
889,0.0,0.0,1.0,25.27500000000004,-1.000000082690371e-10,0.27065520090895706,0.00031005929999838866,tail
890,0.0,0.25,0.75,25.33125000000004,0.5623351444188083,0.2717516401512625,0.001096439242305458,tail
891,0.5,0.0,0.5,25.387500000000042,0.6931471803599453,0.2728533513093335,0.001101711158071006,tail
892,0.25,0.5,0.25,25.406250000000043,1.0397207705399178,0.27244750256363254,0.0004058487457009874,tail
893,0.5,0.25,0.25,25.481250000000042,1.0397207705399178,0.27492947789167704,0.0024819753280445056,tail
894,0.75,0.0,0.25,25.481250000000042,0.5623351444188083,0.27492947789167704,0.0,tail
895,0.5,0.0,0.5,25.556250000000038,0.6931471803599453,0.27241383414612236,0.0025156437455546854,tail
896,0.0,0.5,0.5,25.57500000000004,0.6931471803599453,0.2724560500417085,4.221589558611738e-05,tail
897,0.5,0.5,0.0,25.631250000000044,0.6931471803599453,0.2710944443884789,0.0013616056532295695,tail
898,0.25,0.5,0.25,25.687500000000043,1.0397207705399178,0.27092061388587263,0.00017383050260627586,tail
899,0.5,0.0,0.5,25.74375000000004,0.6931471803599453,0.26956870773987096,0.001351906146001669,tail
900,0.5,0.0,0.5,25.74375000000004,0.6931471803599453,0.26956870773987096,0.0,tail
901,0.25,0.5,0.25,25.818750000000037,1.0397207705399178,0.27017865745196074,0.0006099497120897746,tail
902,0.75,0.0,0.25,25.87500000000004,0.5623351444188083,0.270537448144973,0.0003587906930122564,tail
903,0.0,0.75,0.25,25.93125000000004,0.5623351444188083,0.27040129241383387,0.00013615573113912038,tail
904,0.5,0.0,0.5,25.875000000000043,0.6931471803599453,0.27005902775193746,0.0003422646618964076,tail
905,0.0,0.5,0.5,25.93125000000004,0.6931471803599453,0.27145736306494817,0.0013983353130107012,tail
906,0.0,0.5,0.5,25.98750000000004,0.6931471803599453,0.2718526601509318,0.0003952970859836258,tail
907,0.5,0.0,0.5,26.04375000000004,0.6931471803599453,0.2717236534259357,0.00012900672499610577,tail
908,0.75,0.0,0.25,26.11875000000004,0.5623351444188083,0.2692969888254004,0.002426664600535311,tail
909,0.75,0.0,0.25,26.17500000000004,0.5623351444188083,0.2660034044357192,0.0032935843896811923,tail
910,0.0,0.75,0.25,26.193750000000044,0.5623351444188083,0.2660293074482449,2.590301252569649e-05,tail
911,0.25,0.5,0.25,26.250000000000043,1.0397207705399178,0.26472570747237567,0.0013035999758692074,tail
912,0.25,0.25,0.5,26.17500000000004,1.0397207705399178,0.26405548170597043,0.0006702257664052413,tail
913,0.25,0.75,0.0,26.19375000000004,0.5623351444188083,0.2641145060994691,5.90243934986967e-05,tail
914,0.25,0.0,0.75,26.21250000000004,0.5623351444188083,0.26417408084143396,5.957474196482959e-05,tail
915,0.5,0.25,0.25,26.23125000000004,1.0397207705399178,0.26420409603830236,3.0015196868404814e-05,tail
916,0.0,0.0,1.0,26.287500000000037,-1.000000082690371e-10,0.26288967403677616,0.0013144220015262054,tail
917,0.25,0.25,0.5,26.30625000000004,1.0397207705399178,0.2629187727462317,2.909870945555504e-05,tail
918,0.5,0.25,0.25,26.250000000000043,1.0397207705399178,0.2630739192036383,0.00015514645740660749,tail
919,0.25,0.0,0.75,26.30625000000004,0.5623351444188083,0.2629528167564714,0.00012110244716689866,tail
920,0.25,0.25,0.5,26.36250000000004,1.0397207705399178,0.2633440918175998,0.0003912750611284044,tail
921,0.25,0.5,0.25,26.30625000000004,1.0397207705399178,0.2630070549541459,0.00033703686345393224,tail
922,0.25,0.25,0.5,26.38125000000004,1.0397207705399178,0.2627073767840641,0.0002996781700818074,tail
923,0.5,0.25,0.25,26.43750000000004,1.0397207705399178,0.26260525009844,0.00010212668562409322,tail
924,0.25,0.5,0.25,26.49375000000004,1.0397207705399178,0.2630646465503885,0.00045939645194853496,tail
925,0.0,0.5,0.5,26.437500000000043,0.6931471803599453,0.2626784116268784,0.00038623492351014255,tail
926,0.0,0.0,1.0,26.456250000000043,-1.000000082690371e-10,0.26270331250309265,2.490087621426218e-05,tail
927,0.5,0.25,0.25,26.512500000000042,1.0397207705399178,0.2625979381135473,0.00010537438954533185,tail
928,0.0,0.25,0.75,26.512500000000042,0.5623351444188083,0.2625979381135473,0.0,tail
929,0.5,0.25,0.25,26.512500000000042,1.0397207705399178,0.2625979381135473,0.0,tail
930,0.25,0.25,0.5,26.58750000000004,1.0397207705399178,0.2624111887145773,0.00018674939897000975,tail
931,0.5,0.25,0.25,26.64375000000004,1.0397207705399178,0.26376504067752715,0.001353851962949848,tail
932,0.25,0.25,0.5,26.718750000000043,1.0397207705399178,0.26464584592800783,0.0008808052504806763,tail
933,0.5,0.0,0.5,26.737500000000043,0.6931471803599453,0.2646571537102415,1.1307782233682673e-05,tail
934,0.25,0.25,0.5,26.756250000000044,1.0397207705399178,0.26473351164348224,7.635793324073381e-05,tail
935,0.5,0.25,0.25,26.812500000000043,1.0397207705399178,0.265283115241488,0.0005496035980057656,tail
936,0.5,0.0,0.5,26.868750000000045,0.6931471803599453,0.2640297856736308,0.001253329567857231,tail
937,0.25,0.25,0.5,26.92500000000004,1.0397207705399178,0.2686279303764176,0.004598144702786799,tail
938,0.0,0.75,0.25,26.981250000000045,0.5623351444188083,0.26858844733312237,3.9483043295207576e-05,tail
939,0.25,0.5,0.25,27.000000000000043,1.0397207705399178,0.268666933472491,7.848613936861648e-05,tail
940,0.25,0.25,0.5,27.05625000000004,1.0397207705399178,0.2690422682290055,0.00037533475651452264,tail
941,0.25,0.25,0.5,27.112500000000043,1.0397207705399178,0.26955637003242594,0.0005141018034204303,tail
942,0.25,0.5,0.25,27.037500000000044,1.0397207705399178,0.2687008569281964,0.0008555131042295439,tail
943,0.25,0.25,0.5,27.05625000000004,1.0397207705399178,0.2688007645725369,9.990764434048005e-05,tail
944,0.0,0.75,0.25,27.000000000000043,0.5623351444188083,0.2683891034371705,0.00041166113536639237,tail
945,0.25,0.25,0.5,26.92500000000004,1.0397207705399178,0.268635781432836,0.00024667799566552295,tail
946,0.25,0.0,0.75,26.98125000000004,0.5623351444188083,0.26830056556536935,0.0003352158674666539,tail
947,0.0,0.5,0.5,26.906250000000043,0.6931471803599453,0.26755583998573995,0.0007447255796294017,tail
948,0.25,0.5,0.25,26.98125000000004,1.0397207705399178,0.26517340067457795,0.002382439311161999,tail
949,0.0,0.0,1.0,26.98125000000004,-1.000000082690371e-10,0.26517340067457795,0.0,tail
950,0.0,0.5,0.5,26.92500000000004,0.6931471803599453,0.26478096728640793,0.0003924333881700215,tail
951,0.25,0.25,0.5,26.98125000000004,1.0397207705399178,0.2659501019568817,0.0011691346704737482,tail
952,0.0,0.5,0.5,27.000000000000043,0.6931471803599453,0.266024843917951,7.474196106932451e-05,tail
953,0.5,0.0,0.5,27.07500000000004,0.6931471803599453,0.26593263338341316,9.22105345378399e-05,tail
954,0.25,0.25,0.5,27.07500000000004,1.0397207705399178,0.26593263338341316,0.0,tail
955,0.25,0.5,0.25,27.093750000000043,1.0397207705399178,0.26564863972253144,0.0002839936608817206,tail
956,0.0,0.25,0.75,27.168750000000045,0.5623351444188083,0.2685282570654395,0.0028796173429080363,tail
957,0.25,0.25,0.5,27.24375000000004,1.0397207705399178,0.27143373942598614,0.002905482360546663,tail
958,0.75,0.0,0.25,27.262500000000045,0.5623351444188083,0.2715052485414963,7.150911551018213e-05,tail
959,0.0,0.5,0.5,27.31875000000004,0.6931471803599453,0.27197757114205146,0.00047232260055513065,tail
960,0.25,0.25,0.5,27.33750000000004,1.0397207705399178,0.27198952358581896,1.1952443767504484e-05,tail
961,0.0,0.5,0.5,27.39375000000004,0.6931471803599453,0.2724800741048614,0.0004905505190424542,tail
962,0.0,0.25,0.75,27.412500000000044,0.5623351444188083,0.27248911672868636,9.042623824950802e-06,tail
963,0.75,0.25,0.0,27.43125000000004,0.5623351444188083,0.27256682520866266,7.77084799762906e-05,tail
964,0.5,0.25,0.25,27.375000000000043,1.0397207705399178,0.27211914195097564,0.0004476832576870149,tail
965,0.5,0.25,0.25,27.393750000000043,1.0397207705399178,0.27213147893225703,1.2336981281391157e-05,tail
966,0.25,0.75,0.0,27.412500000000044,0.5623351444188083,0.2722402099801279,0.00010873104787084698,tail
967,0.75,0.0,0.25,27.468750000000043,0.5623351444188083,0.27217851860961423,6.169137051365015e-05,tail
968,0.5,0.5,0.0,27.54375000000004,0.6931471803599453,0.26983197486096694,0.0023465437486472895,tail
969,0.25,0.25,0.5,27.562500000000043,1.0397207705399178,0.2698441461913865,1.2171330419585846e-05,tail
970,0.25,0.5,0.25,27.581250000000043,1.0397207705399178,0.26991923937696943,7.509318558290845e-05,tail
971,0.0,0.25,0.75,27.656250000000043,0.5623351444188083,0.26983306301666,8.617636030944231e-05,tail
972,0.5,0.25,0.25,27.73125000000004,1.0397207705399178,0.2675326940158038,0.002300369000856173,tail
973,0.5,0.5,0.0,27.656250000000043,0.6931471803599453,0.26760025251320585,6.755849740203157e-05,tail
974,0.5,0.0,0.5,27.71250000000004,0.6931471803599453,0.26893622805785183,0.0013359755446459842,tail
975,0.75,0.25,0.0,27.768750000000043,0.5623351444188083,0.2693140593977247,0.00037783133987284723,tail
976,0.25,0.75,0.0,27.825000000000045,0.5623351444188083,0.26981041537629924,0.0004963559785745586,tail
977,0.25,0.25,0.5,27.881250000000044,1.0397207705399178,0.27114268032080674,0.0013322649445074997,tail
978,0.25,0.5,0.25,27.900000000000045,1.0397207705399178,0.27076634271561206,0.0003763376051946765,tail
979,0.25,0.0,0.75,27.918750000000045,0.5623351444188083,0.2708442986953625,7.795597975041035e-05,tail
980,0.25,0.5,0.25,27.993750000000045,1.0397207705399178,0.2737257310861016,0.002881432390739125,tail
981,0.25,0.25,0.5,28.012500000000045,1.0397207705399178,0.27383407161141854,0.00010834052531694116,tail
982,0.0,0.25,0.75,27.937500000000043,0.5623351444188083,0.27309851732328466,0.0007355542881338772,tail
983,0.5,0.5,0.0,27.862500000000043,0.6931471803599453,0.2733858336729709,0.00028731634968626185,tail
984,0.5,0.25,0.25,27.918750000000045,1.0397207705399178,0.2738111443782086,0.0004253107052376581,tail
985,0.75,0.25,0.0,27.975000000000044,0.5623351444188083,0.27420050612178837,0.0003893617435797858,tail
986,0.5,0.0,0.5,28.031250000000046,0.6931471803599453,0.2745902720469112,0.0003897659251228536,tail
987,0.75,0.0,0.25,28.106250000000045,0.5623351444188083,0.27536868241104806,0.000778410364136839,tail
988,0.25,0.25,0.5,28.162500000000044,1.0397207705399178,0.27585763088984455,0.0004889484787964915,tail
989,1.0,0.0,0.0,28.21875000000005,-1.000000082690371e-10,0.27457759133543713,0.0012800395544074195,tail
990,0.75,0.25,0.0,28.29375000000005,0.5623351444188083,0.27549396831915746,0.0009163769837203239,tail
991,0.5,0.5,0.0,28.31250000000005,0.6931471803599453,0.27550268043606974,8.712116912279466e-06,tail
992,0.5,0.25,0.25,28.36875000000005,1.0397207705399178,0.2758775756900954,0.0003748952540256756,tail
993,0.25,0.0,0.75,28.443750000000048,0.5623351444188083,0.2768562903721789,0.0009787146820834924,tail
994,0.75,0.0,0.25,28.50000000000005,0.5623351444188083,0.2768858713025595,2.9580930380579407e-05,tail
995,0.5,0.5,0.0,28.44375000000005,0.6931471803599453,0.2755457379378741,0.0013401333646853586,tail
996,0.5,0.25,0.25,28.46250000000005,1.0397207705399178,0.27563150212392035,8.576418604622216e-05,tail
997,0.25,0.5,0.25,28.406250000000053,1.0397207705399178,0.275643185904007,1.16837800866465e-05,tail
998,0.75,0.25,0.0,28.462500000000052,0.5623351444188083,0.27563205640607963,1.1129497927364618e-05,tail
999,0.75,0.25,0.0,28.481250000000053,0.5623351444188083,0.27563351139144454,1.4549853649126199e-06,tail
1000,0.0,0.5,0.5,28.425000000000054,0.6931471803599453,0.2751434784443379,0.0004900329471066445,tail
