round,p_aggressive,p_defensive,p_balanced,avg_reward,strategy_entropy,personality_norm,personality_velocity,phase
1,0.25,0.25,0.5,0.0,1.0397207705399178,0.0,0.0,burn-in
2,0.5,0.25,0.25,0.018749999999999996,1.0397207705399178,0.0006187184335382525,0.0006187184335382525,burn-in
3,0.25,0.5,0.25,0.07499999999999997,1.0397207705399178,0.0031494357133461303,0.002530717279807878,burn-in
4,0.5,0.0,0.5,0.09374999999999994,0.6931471803599453,0.0021072327084353986,0.0010422030049107318,burn-in
5,0.25,0.5,0.25,0.14999999999999997,1.0397207705399178,0.0015094105844666891,0.0005978221239687095,burn-in
6,0.0,0.25,0.75,0.09374999999999992,0.5623351444188083,0.0026960257208528404,0.0011866151363861513,burn-in
7,0.25,0.5,0.25,0.14999999999999986,1.0397207705399178,0.011413653419260655,0.008717627698407815,burn-in
8,0.25,0.5,0.25,0.16874999999999987,1.0397207705399178,0.015905083454276523,0.004491430035015868,burn-in
9,0.25,0.5,0.25,0.09374999999999989,1.0397207705399178,0.02117696548581741,0.0052718820315408865,burn-in
10,0.5,0.25,0.25,0.037499999999999825,1.0397207705399178,0.023714447073461414,0.002537481587644004,burn-in
11,0.5,0.25,0.25,0.09374999999999983,1.0397207705399178,0.026235952342396566,0.002521505268935152,burn-in
12,0.25,0.5,0.25,0.03749999999999981,1.0397207705399178,0.028965311284578056,0.0027293589421814902,burn-in
13,0.25,0.5,0.25,0.0562499999999998,1.0397207705399178,0.02851253836034252,0.0004527729242355359,burn-in
14,0.25,0.25,0.5,0.1312499999999998,1.0397207705399178,0.023514373928514524,0.004998164431827996,burn-in
15,0.75,0.0,0.25,0.05624999999999984,0.5623351444188083,0.029179335046398944,0.005664961117884421,burn-in
16,0.25,0.25,0.5,-0.01875000000000014,1.0397207705399178,0.03521635140456786,0.006037016358168914,burn-in
17,0.0,0.25,0.75,0.0374999999999997,0.5623351444188083,0.03295470672472306,0.0022616446798447987,burn-in
18,0.75,0.25,0.0,0.11249999999999975,0.5623351444188083,0.027678345693204032,0.005276361031519027,burn-in
19,0.5,0.5,0.0,0.05624999999999976,0.6931471803599453,0.03016937861889117,0.0024910329256871387,burn-in
20,0.5,0.5,0.0,0.1124999999999998,0.6931471803599453,0.02790527013957232,0.0022641084793188528,burn-in
21,0.5,0.25,0.25,0.18749999999999983,1.0397207705399178,0.033113338159456336,0.005208068019884018,burn-in
22,0.5,0.0,0.5,0.24374999999999986,0.6931471803599453,0.03381140247756676,0.0006980643181104251,burn-in
23,0.5,0.25,0.25,0.2624999999999998,1.0397207705399178,0.033385663675633385,0.00042573880193337577,burn-in
24,0.0,0.75,0.25,0.3187499999999998,0.5623351444188083,0.031043127762034634,0.002342535913598752,burn-in
25,0.5,0.5,0.0,0.3937499999999998,0.6931471803599453,0.03640875796082593,0.005365630198791299,burn-in
26,0.25,0.25,0.5,0.33749999999999986,1.0397207705399178,0.03890991448606007,0.0025011565252341383,burn-in
27,0.5,0.0,0.5,0.26249999999999984,0.6931471803599453,0.04386303478229146,0.004953120296231392,burn-in
28,0.25,0.25,0.5,0.18749999999999978,1.0397207705399178,0.05012949052516407,0.006266455742872608,burn-in
29,0.5,0.25,0.25,0.2437499999999998,1.0397207705399178,0.05078912438947944,0.000659633864315369,burn-in
30,0.5,0.0,0.5,0.2624999999999998,0.6931471803599453,0.052528535771640496,0.001739411382161056,burn-in
31,0.5,0.25,0.25,0.33749999999999986,1.0397207705399178,0.04689254879842331,0.005635986973217183,burn-in
32,0.25,0.25,0.5,0.3937499999999998,1.0397207705399178,0.0438567893119185,0.0030357594865048146,burn-in
33,0.0,0.5,0.5,0.44999999999999984,0.6931471803599453,0.041364471847831055,0.002492317464087443,burn-in
34,0.5,0.25,0.25,0.5062499999999999,1.0397207705399178,0.04205916823728815,0.0006946963894570932,burn-in
35,0.5,0.25,0.25,0.5249999999999998,1.0397207705399178,0.04160676683996255,0.0004524013973256011,burn-in
36,0.75,0.25,0.0,0.5437499999999997,0.5623351444188083,0.041157531301239454,0.00044923553872309313,burn-in
37,0.25,0.75,0.0,0.46874999999999967,0.5623351444188083,0.047258483448080604,0.00610095214684115,burn-in
38,0.25,0.0,0.75,0.5437499999999997,0.5623351444188083,0.04185891715408448,0.0053995662939961275,burn-in
39,0.25,0.5,0.25,0.5624999999999997,1.0397207705399178,0.04342002796089619,0.0015611108068117122,burn-in
40,0.5,0.25,0.25,0.6374999999999996,1.0397207705399178,0.04879310994520648,0.005373081984310288,burn-in
41,0.0,0.5,0.5,0.6937499999999995,0.6931471803599453,0.05132474541765901,0.002531635472452533,burn-in
42,0.0,1.0,0.0,0.7687499999999995,-1.000000082690371e-10,0.04647852116502319,0.004846224252635818,burn-in
43,0.25,0.75,0.0,0.8249999999999995,0.5623351444188083,0.04411371137469626,0.0023648097903269313,burn-in
44,0.5,0.5,0.0,0.8999999999999995,0.6931471803599453,0.03960513105962413,0.004508580315072133,burn-in
45,0.5,0.5,0.0,0.9187499999999995,0.6931471803599453,0.04005104165312065,0.0004459105934965235,burn-in
46,0.75,0.25,0.0,0.9937499999999995,0.5623351444188083,0.03593668477336221,0.004114356879758439,burn-in
47,0.25,0.5,0.25,0.9187499999999994,1.0397207705399178,0.040566207457685834,0.004629522684323623,burn-in
48,0.25,0.25,0.5,0.9749999999999994,1.0397207705399178,0.038851731380338844,0.0017144760773469894,burn-in
49,0.5,0.25,0.25,0.8999999999999995,1.0397207705399178,0.04247651005261625,0.0036247786722774025,burn-in
50,0.5,0.25,0.25,0.9562499999999995,1.0397207705399178,0.045122976495489645,0.0026464664428733978,burn-in
51,0.75,0.0,0.25,0.9749999999999994,0.5623351444188083,0.0447663857919646,0.0003565907035250476,burn-in
52,0.25,0.25,0.5,0.9749999999999994,1.0397207705399178,0.0447663857919646,0.0,burn-in
53,0.0,0.25,0.75,1.0312499999999996,0.5623351444188083,0.042590677622133546,0.0021757081698310504,burn-in
54,0.5,0.25,0.25,1.0874999999999995,1.0397207705399178,0.04047831691937064,0.002112360702762904,burn-in
55,0.25,0.25,0.5,1.1437499999999994,1.0397207705399178,0.03794850283196303,0.002529814087407614,burn-in
56,0.75,0.0,0.25,1.0874999999999995,0.5623351444188083,0.03969611127050114,0.0017476084385381133,burn-in
57,0.0,0.25,0.75,1.1624999999999994,0.5623351444188083,0.03506667755861689,0.004629433711884248,burn-in
58,0.0,0.25,0.75,1.2187499999999993,0.5623351444188083,0.03771807683740659,0.0026513992787896984,burn-in
59,0.5,0.5,0.0,1.2937499999999993,0.6931471803599453,0.03440369540925082,0.003314381428155773,burn-in
60,0.75,0.0,0.25,1.3124999999999991,0.5623351444188083,0.035279935205793755,0.0008762397965429367,burn-in
61,0.25,0.0,0.75,1.3312499999999992,0.5623351444188083,0.038349543673947495,0.0030696084681537394,burn-in
62,1.0,0.0,0.0,1.3499999999999992,-1.000000082690371e-10,0.0380506062082131,0.0002989374657343946,burn-in
63,0.25,0.0,0.75,1.4062499999999991,0.5623351444188083,0.03629081753694733,0.0017597886712657704,burn-in
64,0.0,0.25,0.75,1.462499999999999,0.5623351444188083,0.03472831213955702,0.001562505397390307,burn-in
65,0.5,0.25,0.25,1.481249999999999,1.0397207705399178,0.03744711114108142,0.0027187990015243996,burn-in
66,0.0,0.5,0.5,1.5374999999999992,0.6931471803599453,0.031300147264030624,0.006146963877050798,burn-in
67,0.0,0.5,0.5,1.5937499999999991,0.6931471803599453,0.03201996752516317,0.0007198202611325491,burn-in
68,0.25,0.0,0.75,1.6124999999999992,0.5623351444188083,0.03241757878161947,0.00039761125645629974,burn-in
69,0.25,0.25,0.5,1.556249999999999,1.0397207705399178,0.04032394459638724,0.007906365814767766,burn-in
70,0.0,0.5,0.5,1.612499999999999,0.6931471803599453,0.03794506720247055,0.0023788773939166855,burn-in
71,0.5,0.25,0.25,1.6687499999999988,1.0397207705399178,0.03559501204961876,0.0023500551528517905,burn-in
72,0.5,0.25,0.25,1.724999999999999,1.0397207705399178,0.03807296654123509,0.0024779544916163285,burn-in
73,0.25,0.25,0.5,1.7812499999999991,1.0397207705399178,0.03572121054517197,0.002351755996063118,burn-in
74,0.25,0.25,0.5,1.7999999999999987,1.0397207705399178,0.03538115560400768,0.0003400549411642917,burn-in
75,0.75,0.25,0.0,1.8562499999999988,0.5623351444188083,0.03607732310174224,0.0006961674977345594,burn-in
76,0.0,0.5,0.5,1.781249999999999,0.6931471803599453,0.04006034266812389,0.003983019566381647,burn-in
77,0.25,0.0,0.75,1.799999999999999,0.5623351444188083,0.044179830487169246,0.004119487819045357,burn-in
78,0.25,0.5,0.25,1.8562499999999988,1.0397207705399178,0.04178064229176601,0.0023991881954032387,burn-in
79,0.75,0.25,0.0,1.8749999999999987,0.5623351444188083,0.04551640543872622,0.003735763146960211,burn-in
80,0.5,0.25,0.25,1.9499999999999988,1.0397207705399178,0.041258628358956696,0.004257777079769522,burn-in
81,0.25,0.25,0.5,1.8937499999999987,1.0397207705399178,0.04369671978893275,0.002438091429976051,burn-in
82,0.5,0.0,0.5,1.9124999999999985,0.6931471803599453,0.044194184872701395,0.0004974650837686473,burn-in
83,0.25,0.0,0.75,1.9312499999999986,0.5623351444188083,0.045468223794206085,0.0012740389215046902,burn-in
84,0.25,0.75,0.0,1.9499999999999984,0.5623351444188083,0.0459808681342035,0.0005126443399974118,burn-in
85,0.25,0.25,0.5,1.9687499999999982,1.0397207705399178,0.04978865489496588,0.003807786760762384,burn-in
86,0.0,1.0,0.0,1.9124999999999983,-1.000000082690371e-10,0.05937685852354444,0.00958820362857856,burn-in
87,0.0,0.25,0.75,1.9312499999999984,0.5623351444188083,0.06347391196389277,0.004097053440348324,burn-in
88,0.5,0.25,0.25,1.8562499999999984,1.0397207705399178,0.06967351317035775,0.006199601206464983,burn-in
89,0.25,0.5,0.25,1.8749999999999982,1.0397207705399178,0.06902907137802532,0.0006444417923324314,burn-in
90,0.75,0.25,0.0,1.893749999999998,0.5623351444188083,0.06838719612434781,0.0006418752536775096,burn-in
91,0.0,0.25,0.75,1.912499999999998,0.5623351444188083,0.0679366447163275,0.00045055140802030547,burn-in
92,0.5,0.25,0.25,1.9687499999999982,1.0397207705399178,0.06539176559638461,0.002544879119942889,burn-in
93,0.5,0.0,0.5,2.024999999999998,0.6931471803599453,0.0676985505753263,0.002306784978941684,burn-in
94,0.25,0.25,0.5,2.081249999999998,1.0397207705399178,0.06835475162936747,0.0006562010540411695,burn-in
95,0.75,0.25,0.0,2.156249999999998,0.5623351444188083,0.06323422635576809,0.00512052527359938,burn-in
96,0.25,0.0,0.75,2.2124999999999977,0.5623351444188083,0.06390315548742499,0.0006689291316569063,burn-in
97,0.25,0.5,0.25,2.268749999999998,1.0397207705399178,0.06131418034139829,0.002588975146026705,burn-in
98,0.0,0.25,0.75,2.3249999999999975,0.5623351444188083,0.061989965795885164,0.0006757854544868769,burn-in
99,0.75,0.0,0.25,2.381249999999998,0.5623351444188083,0.0626678916865528,0.0006779258906676397,burn-in
100,0.25,0.25,0.5,2.3062499999999977,1.0397207705399178,0.06856434449433262,0.005896452807779812,burn-in
101,0.25,0.5,0.25,2.381249999999998,1.0397207705399178,0.06328086419635494,0.005283480297977677,tail
102,0.0,0.25,0.75,2.437499999999998,0.5623351444188083,0.06091695967924299,0.0023639045171119505,tail
103,0.25,0.25,0.5,2.437499999999998,1.0397207705399178,0.06091695967924299,0.0,tail
104,0.5,0.25,0.25,2.3812499999999983,1.0397207705399178,0.06322590944383495,0.0023089497645919638,tail
105,0.5,0.0,0.5,2.399999999999998,0.6931471803599453,0.06726769196882348,0.0040417825249885325,tail
106,1.0,0.0,0.0,2.418749999999998,-1.000000082690371e-10,0.06687085267513806,0.00039683929368541926,tail
107,0.75,0.0,0.25,2.474999999999998,0.5623351444188083,0.06438559530525842,0.0024852573698796454,tail
108,0.75,0.25,0.0,2.5312499999999982,0.5623351444188083,0.06685718220580357,0.00247158690054515,tail
109,0.25,0.0,0.75,2.5874999999999977,0.5623351444188083,0.0648731936164701,0.001983988589333463,tail
110,0.75,0.25,0.0,2.662499999999998,0.5623351444188083,0.060555114358739476,0.004318079257730631,tail
111,0.25,0.0,0.75,2.718749999999998,0.5623351444188083,0.06124927454927541,0.0006941601905359335,tail
112,0.5,0.25,0.25,2.737499999999998,1.0397207705399178,0.06176585227949598,0.0005165777302205687,tail
113,0.0,0.75,0.25,2.7562499999999974,0.5623351444188083,0.061395585906073226,0.0003702663734227521,tail
114,0.0,1.0,0.0,2.6999999999999975,-1.000000082690371e-10,0.07070486358359672,0.009309277677523493,tail
115,0.25,0.25,0.5,2.7562499999999974,1.0397207705399178,0.07138369446825742,0.0006788308846606972,tail
116,0.5,0.25,0.25,2.7749999999999972,1.0397207705399178,0.07098222708889897,0.00040146737935845,tail
117,0.25,0.5,0.25,2.699999999999997,1.0397207705399178,0.07546434381547373,0.004482116726574767,tail
118,0.0,1.0,0.0,2.643749999999997,-1.000000082690371e-10,0.07798566950688782,0.0025213256914140836,tail
119,0.5,0.25,0.25,2.662499999999997,1.0397207705399178,0.08211014063629735,0.004124471129409529,tail
120,0.25,0.25,0.5,2.7187499999999973,1.0397207705399178,0.07659529909694214,0.005514841539355206,tail
121,0.5,0.25,0.25,2.7937499999999975,1.0397207705399178,0.07266594693355356,0.0039293521633885775,tail
122,0.0,1.0,0.0,2.8124999999999973,-1.000000082690371e-10,0.07641997576100457,0.003754028827451003,tail
123,0.25,0.75,0.0,2.737499999999997,0.5623351444188083,0.08271886805809503,0.006298892297090464,tail
124,0.25,0.5,0.25,2.7937499999999975,1.0397207705399178,0.08497750161807557,0.002258633559980544,tail
125,0.5,0.25,0.25,2.868749999999997,1.0397207705399178,0.07959524071042211,0.005382260907653466,tail
126,0.5,0.0,0.5,2.868749999999997,0.6931471803599453,0.07959524071042211,0.0,tail
127,0.5,0.25,0.25,2.924999999999997,1.0397207705399178,0.0802465256744025,0.0006512849639803975,tail
128,0.75,0.25,0.0,2.943749999999997,0.5623351444188083,0.08440450294378576,0.004157977269383259,tail
129,0.0,0.5,0.5,3.018749999999997,0.6931471803599453,0.07886907540150025,0.005535427542285518,tail
130,0.25,0.5,0.25,3.037499999999997,1.0397207705399178,0.07943571128001899,0.0005666358785187398,tail
131,0.25,0.5,0.25,3.1124999999999963,1.0397207705399178,0.08448313094377205,0.005047419663753064,tail
132,0.25,0.5,0.25,3.1687499999999966,1.0397207705399178,0.08175367919855368,0.002729451745218367,tail
133,0.0,0.75,0.25,3.224999999999997,0.5623351444188083,0.0731224625628133,0.008631216635740388,tail
134,0.5,0.25,0.25,3.243749999999997,1.0397207705399178,0.07720688648244102,0.004084423919627725,tail
135,0.5,0.25,0.25,3.187499999999997,1.0397207705399178,0.07953980184866592,0.0023329153662249025,tail
136,0.75,0.0,0.25,3.2437499999999972,0.5623351444188083,0.07747053371282554,0.0020692681358403797,tail
137,0.75,0.25,0.0,3.318749999999997,0.5623351444188083,0.07234566007197692,0.005124873640848626,tail
138,0.0,0.0,1.0,3.393749999999997,-1.000000082690371e-10,0.06736731751190654,0.004978342560070376,tail
139,0.5,0.25,0.25,3.412499999999997,1.0397207705399178,0.06700668256086499,0.00036063495104154963,tail
140,0.25,0.25,0.5,3.431249999999997,1.0397207705399178,0.0675091790633876,0.0005024965025226119,tail
141,0.75,0.25,0.0,3.3749999999999973,0.5623351444188083,0.06967624628863867,0.0021670672252510625,tail
142,0.25,0.5,0.25,3.431249999999997,1.0397207705399178,0.06377460462686171,0.005901641661776952,tail
143,0.25,0.0,0.75,3.487499999999997,0.5623351444188083,0.06449091505785938,0.0007163104309976659,tail
144,0.25,0.5,0.25,3.412499999999997,1.0397207705399178,0.06822217839529927,0.003731263337439894,tail
145,0.25,0.5,0.25,3.4687499999999973,1.0397207705399178,0.06582888714548148,0.002393291249817797,tail
146,0.25,0.25,0.5,3.5249999999999972,1.0397207705399178,0.05808900935471816,0.007739877790763315,tail
147,0.75,0.0,0.25,3.5437499999999975,0.5623351444188083,0.05777164096682759,0.00031736838789057226,tail
148,0.5,0.5,0.0,3.5999999999999974,0.6931471803599453,0.05566800479460829,0.0021036361722193003,tail
149,0.75,0.25,0.0,3.656249999999997,0.5623351444188083,0.05378770479858785,0.0018802999960204417,tail
150,0.25,0.25,0.5,3.712499999999997,1.0397207705399178,0.051385919231950364,0.0024017855666374835,tail
151,0.25,0.5,0.25,3.7312499999999966,1.0397207705399178,0.05230674998267459,0.0009208307507242233,tail
152,0.0,0.75,0.25,3.787499999999997,0.5623351444188083,0.05302178392238919,0.0007150339397146016,tail
153,1.0,0.0,0.0,3.731249999999997,-1.000000082690371e-10,0.06104196974469726,0.008020185822308068,tail
154,0.25,0.25,0.5,3.787499999999997,1.0397207705399178,0.05883413191443412,0.00220783783026314,tail
155,0.25,0.5,0.25,3.806249999999997,1.0397207705399178,0.06304291538061622,0.0042087834661821075,tail
156,0.75,0.0,0.25,3.7312499999999966,0.5623351444188083,0.06815786907751405,0.005114953696897823,tail
157,0.5,0.25,0.25,3.806249999999997,1.0397207705399178,0.0637925332988708,0.004365335778643245,tail
158,0.25,0.5,0.25,3.8249999999999966,1.0397207705399178,0.06428155383982674,0.0004890205409559395,tail
159,0.25,0.25,0.5,3.7687499999999963,1.0397207705399178,0.06675894573716355,0.0024773918973368114,tail
160,0.25,0.5,0.25,3.824999999999996,1.0397207705399178,0.064395081819189,0.0023638639179745513,tail
161,0.5,0.0,0.5,3.881249999999996,0.6931471803599453,0.06228152439728851,0.002113557421900489,tail
162,0.0,0.75,0.25,3.9374999999999964,0.5623351444188083,0.060351096782184,0.0019304276151045144,tail
163,0.75,0.25,0.0,3.9562499999999963,0.5623351444188083,0.060065946831378905,0.0002851499508050928,tail
164,0.5,0.25,0.25,3.9749999999999965,1.0397207705399178,0.05936790253632458,0.0006980442950543231,tail
165,0.5,0.25,0.25,4.0312499999999964,1.0397207705399178,0.06185034230907731,0.002482439772752726,tail
166,0.5,0.5,0.0,4.087499999999997,0.6931471803599453,0.060148124451224895,0.001702217857852413,tail
167,0.5,0.0,0.5,4.106249999999997,0.6931471803599453,0.059879591094859165,0.00026853335636572995,tail
168,0.75,0.0,0.25,4.181249999999997,0.5623351444188083,0.05556663897688551,0.0043129521179736535,tail
169,0.5,0.25,0.25,4.237499999999996,1.0397207705399178,0.049225693954605916,0.0063409450222795954,tail
170,0.5,0.5,0.0,4.3124999999999964,0.6931471803599453,0.04742985157379812,0.001795842380807794,tail
171,0.25,0.0,0.75,4.368749999999997,0.5623351444188083,0.055666382078863604,0.008236530505065481,tail
172,0.0,1.0,0.0,4.424999999999996,-1.000000082690371e-10,0.05635404440066862,0.0006876623218050187,tail
173,0.0,0.75,0.25,4.4999999999999964,0.5623351444188083,0.05351946382216963,0.002834580578498995,tail
174,0.25,0.25,0.5,4.518749999999996,1.0397207705399178,0.05342978745512678,8.967636704284437e-05,tail
175,0.25,0.25,0.5,4.537499999999996,1.0397207705399178,0.05334623968999617,8.35477651306149e-05,tail
176,0.5,0.5,0.0,4.5937499999999964,0.6931471803599453,0.05287618201988506,0.0004700576701111084,tail
177,0.25,0.25,0.5,4.518749999999996,1.0397207705399178,0.05298134990258384,0.00010516788269877841,tail
178,0.75,0.25,0.0,4.5937499999999964,0.5623351444188083,0.05290852955809692,7.282034448691938e-05,tail
179,0.5,0.0,0.5,4.537499999999996,0.6931471803599453,0.05283014682984061,7.838272825631126e-05,tail
180,0.25,0.25,0.5,4.612499999999996,1.0397207705399178,0.05140951737336689,0.0014206294564737196,tail
181,0.5,0.25,0.25,4.668749999999996,1.0397207705399178,0.051991811254273615,0.0005822938809067271,tail
182,0.25,0.25,0.5,4.6874999999999964,1.0397207705399178,0.05204798904916993,5.617779489631297e-05,tail
183,0.0,0.5,0.5,4.706249999999995,0.6931471803599453,0.05303570620640887,0.0009877171572389432,tail
184,0.0,0.0,1.0,4.631249999999996,-1.000000082690371e-10,0.05516216328075362,0.002126457074344751,tail
185,0.5,0.0,0.5,4.631249999999996,0.6931471803599453,0.05516216328075362,0.0,tail
186,0.5,0.25,0.25,4.649999999999996,1.0397207705399178,0.05539381381864788,0.00023165053789425682,tail
187,0.5,0.25,0.25,4.706249999999995,1.0397207705399178,0.05447175300098229,0.0009220608176655903,tail
188,0.5,0.25,0.25,4.649999999999996,1.0397207705399178,0.05933727419906506,0.00486552119808277,tail
189,0.5,0.0,0.5,4.668749999999996,0.6931471803599453,0.05966184003406226,0.0003245658349972022,tail
190,0.5,0.5,0.0,4.612499999999996,0.6931471803599453,0.061352544899335976,0.001690704865273715,tail
191,0.5,0.0,0.5,4.631249999999996,0.6931471803599453,0.061703740263455986,0.0003511953641200105,tail
192,0.25,0.0,0.75,4.649999999999997,0.5623351444188083,0.06438420747260186,0.002680467209145873,tail
193,0.0,0.25,0.75,4.668749999999996,0.5623351444188083,0.06368828967861784,0.0006959177939840216,tail
194,0.25,0.25,0.5,4.612499999999995,1.0397207705399178,0.0709080128692276,0.007219723190609761,tail
195,0.25,0.5,0.25,4.668749999999996,1.0397207705399178,0.07339450869274929,0.0024864958235216866,tail
196,0.75,0.0,0.25,4.724999999999996,0.5623351444188083,0.07148507001028291,0.0019094386824663745,tail
197,0.25,0.75,0.0,4.724999999999996,0.5623351444188083,0.07148507001028291,0.0,tail
198,0.5,0.0,0.5,4.743749999999996,0.6931471803599453,0.07078187085820453,0.0007031991520783792,tail
199,0.5,0.25,0.25,4.799999999999995,1.0397207705399178,0.07949590938768519,0.008714038529480661,tail
200,0.5,0.25,0.25,4.874999999999996,1.0397207705399178,0.07508488685731003,0.004411022530375161,tail
201,1.0,0.0,0.0,4.874999999999996,-1.000000082690371e-10,0.07508488685731003,0.0,tail
202,0.25,0.5,0.25,4.931249999999996,1.0397207705399178,0.07579564296308564,0.0007107561057756034,tail
203,0.25,0.5,0.25,4.949999999999996,1.0397207705399178,0.07553468263817656,0.0002609603249090764,tail
204,0.25,0.75,0.0,4.968749999999995,0.5623351444188083,0.07482446254609884,0.000710220092077718,tail
205,0.25,0.25,0.5,4.912499999999995,1.0397207705399178,0.07696811560842938,0.002143653062330539,tail
206,0.0,0.25,0.75,4.931249999999995,0.5623351444188083,0.08117895932752561,0.004210843719096233,tail
207,0.5,0.25,0.25,4.874999999999995,1.0397207705399178,0.08284594253982847,0.0016669832123028527,tail
208,0.25,0.5,0.25,4.8937499999999945,1.0397207705399178,0.08391336678384476,0.0010674242440162907,tail
209,0.0,0.25,0.75,4.949999999999994,0.5623351444188083,0.08646328361832302,0.0025499168344782636,tail
210,0.5,0.25,0.25,5.024999999999994,1.0397207705399178,0.0919895597421934,0.005526276123870383,tail
211,0.25,0.25,0.5,4.949999999999995,1.0397207705399178,0.0954486987944968,0.0034591390523033977,tail
212,0.5,0.5,0.0,4.968749999999995,0.6931471803599453,0.09472323995461764,0.0007254588398791645,tail
213,0.25,0.0,0.75,5.024999999999994,0.5623351444188083,0.0954486987944968,0.0007254588398791645,tail
214,0.0,0.25,0.75,5.0812499999999945,0.5623351444188083,0.09362519296542236,0.0018235058290744371,tail
215,0.25,0.25,0.5,5.0812499999999945,1.0397207705399178,0.09362519296542236,0.0,tail
216,0.25,0.5,0.25,5.099999999999994,1.0397207705399178,0.0940955351042895,0.0004703421388671386,tail
217,0.5,0.5,0.0,5.156249999999995,0.6931471803599453,0.0922910065109953,0.0018045285932942051,tail
218,0.5,0.25,0.25,5.212499999999994,1.0397207705399178,0.09012236689981613,0.002168639611179163,tail
219,0.5,0.25,0.25,5.287499999999994,1.0397207705399178,0.08671943130363038,0.0034029355961857494,tail
220,0.25,0.5,0.25,5.343749999999994,1.0397207705399178,0.08487937212597692,0.0018400591776534664,tail
221,0.25,0.25,0.5,5.362499999999994,1.0397207705399178,0.08462671365510163,0.00025265847087528603,tail
222,0.5,0.25,0.25,5.381249999999993,1.0397207705399178,0.08437726848802385,0.0002494451670777831,tail
223,0.0,0.5,0.5,5.437499999999994,0.6931471803599453,0.08070979673535646,0.0036674717526673922,tail
224,0.0,0.5,0.5,5.456249999999994,0.6931471803599453,0.08052193024263671,0.00018786649271974876,tail
225,0.5,0.25,0.25,5.399999999999993,1.0397207705399178,0.08371662697942724,0.0031946967367905282,tail
226,0.5,0.0,0.5,5.343749999999993,0.6931471803599453,0.08517202262186845,0.0014553956424412096,tail
227,0.5,0.5,0.0,5.362499999999993,0.6931471803599453,0.08491572683586102,0.0002562957860074294,tail
228,0.5,0.25,0.25,5.362499999999993,1.0397207705399178,0.08491572683586102,0.0,tail
229,0.0,0.75,0.25,5.418749999999992,0.5623351444188083,0.0832123131663822,0.0017034136694788204,tail
230,0.5,0.5,0.0,5.437499999999993,0.6931471803599453,0.08612927465806888,0.002916961491686687,tail
231,0.25,0.5,0.25,5.3812499999999925,1.0397207705399178,0.08765974814766793,0.0015304734895990463,tail
232,0.0,0.0,1.0,5.324999999999992,-1.000000082690371e-10,0.08981291862289398,0.002153170475226049,tail
233,0.75,0.0,0.25,5.343749999999992,0.5623351444188083,0.08953196443868566,0.0002809541842083152,tail
234,0.5,0.0,0.5,5.3999999999999915,0.6931471803599453,0.0877954887882206,0.001736475650465058,tail
235,0.5,0.25,0.25,5.418749999999992,1.0397207705399178,0.09207787974046792,0.00428239095224732,tail
236,0.25,0.25,0.5,5.362499999999992,1.0397207705399178,0.09366634288292983,0.0015884631424619017,tail
237,0.25,0.75,0.0,5.437499999999991,0.5623351444188083,0.09924780086512032,0.005581457982190494,tail
238,0.75,0.0,0.25,5.4937499999999915,0.5623351444188083,0.09736157541447024,0.001886225450650078,tail
239,0.25,0.5,0.25,5.512499999999992,1.0397207705399178,0.09778396648511747,0.00042239107064723225,tail
240,0.5,0.25,0.25,5.437499999999992,1.0397207705399178,0.1009052822034733,0.0031213157183558327,tail
241,0.25,0.25,0.5,5.456249999999992,1.0397207705399178,0.10017044068736088,0.0007348415161124305,tail
242,0.75,0.25,0.0,5.3999999999999915,0.5623351444188083,0.10197466846140069,0.00180422777403981,tail
243,0.0,0.5,0.5,5.418749999999991,0.6931471803599453,0.10632359583483854,0.0043489273734378525,tail
244,0.0,0.5,0.5,5.437499999999991,0.6931471803599453,0.10678038575155128,0.0004567899167127465,tail
245,0.25,0.25,0.5,5.4937499999999915,1.0397207705399178,0.10462073897386502,0.002159646777686264,tail
246,0.5,0.5,0.0,5.568749999999992,0.6931471803599453,0.11026221853353757,0.005641479559672549,tail
247,0.25,0.25,0.5,5.5874999999999915,1.0397207705399178,0.11070578353370975,0.0004435650001721747,tail
248,0.25,0.75,0.0,5.643749999999992,0.5623351444188083,0.10900429589441693,0.0017014876392928147,tail
249,0.0,0.75,0.25,5.6624999999999925,0.5623351444188083,0.10870999623424746,0.0002942996601694725,tail
250,0.25,0.25,0.5,5.718749999999991,1.0397207705399178,0.10687356998312346,0.0018364262511239987,tail
251,0.25,0.0,0.75,5.7749999999999915,0.5623351444188083,0.10761384778166375,0.000740277798540287,tail
252,0.75,0.25,0.0,5.831249999999992,0.5623351444188083,0.11024159814216049,0.0026277503604967417,tail
253,0.75,0.0,0.25,5.831249999999992,0.5623351444188083,0.11024159814216049,0.0,tail
254,0.5,0.25,0.25,5.7749999999999915,1.0397207705399178,0.11191430873664057,0.001672710594480084,tail
255,0.25,0.0,0.75,5.831249999999992,0.5623351444188083,0.12105192019465293,0.009137611458012354,tail
256,0.25,0.0,0.75,5.756249999999992,0.5623351444188083,0.12583063471513062,0.004778714520477692,tail
257,0.0,0.5,0.5,5.812499999999992,0.6931471803599453,0.12657478335454556,0.0007441486394149377,tail
258,0.75,0.25,0.0,5.7562499999999925,0.5623351444188083,0.12842677494758503,0.001851991593039476,tail
259,0.5,0.25,0.25,5.812499999999992,1.0397207705399178,0.1266748305517424,0.0017519443958426417,tail
260,0.75,0.25,0.0,5.887499999999991,0.5623351444188083,0.12302297883043088,0.003651851721311508,tail
261,0.5,0.25,0.25,5.943749999999991,1.0397207705399178,0.1256664421693403,0.002643463338909427,tail
262,0.25,0.5,0.25,5.9624999999999915,1.0397207705399178,0.12537472348548828,0.00029171868385202693,tail
263,0.5,0.25,0.25,5.887499999999991,1.0397207705399178,0.1301327184610491,0.004757994975560814,tail
264,0.75,0.0,0.25,5.943749999999992,0.5623351444188083,0.13277174374655237,0.002639025285503277,tail
265,0.5,0.0,0.5,5.9624999999999915,0.6931471803599453,0.13246471007050395,0.0003070336760484238,tail
266,0.5,0.0,0.5,6.018749999999991,0.6931471803599453,0.1299608564866751,0.0025038535838288467,tail
267,0.0,0.25,0.75,6.074999999999992,0.5623351444188083,0.13911096416732463,0.009150107680649527,tail
268,0.5,0.5,0.0,6.131249999999992,0.6931471803599453,0.1417612429403756,0.0026502787730509625,tail
269,0.25,0.25,0.5,6.149999999999992,1.0397207705399178,0.14101343921436238,0.0007478037260132131,tail
270,0.25,0.0,0.75,6.093749999999991,0.5623351444188083,0.14578819986113484,0.004774760646772458,tail
271,0.25,0.25,0.5,6.037499999999992,1.0397207705399178,0.14810950604620288,0.0023213061850680394,tail
272,0.5,0.25,0.25,6.093749999999991,1.0397207705399178,0.14579150553423098,0.002318000511971896,tail
273,0.25,0.5,0.25,6.112499999999992,1.0397207705399178,0.14546655811989986,0.00032494741433111707,tail
274,0.25,0.0,0.75,6.168749999999991,0.5623351444188083,0.15463868232209146,0.0091721242021916,tail
275,0.25,0.5,0.25,6.187499999999992,1.0397207705399178,0.15797541405330362,0.003336731731212156,tail
276,0.25,0.75,0.0,6.206249999999992,0.5623351444188083,0.15764466322635287,0.00033075082695074864,tail
277,0.5,0.25,0.25,6.1499999999999915,1.0397207705399178,0.15996207436256638,0.002317411136213504,tail
278,0.75,0.25,0.0,6.224999999999992,0.5623351444188083,0.16566053274505435,0.005698458382487975,tail
279,0.75,0.25,0.0,6.281249999999991,0.5623351444188083,0.1664076408392587,0.0007471080942043629,tail
280,0.25,0.5,0.25,6.3374999999999915,1.0397207705399178,0.16715494426018407,0.0007473034209253548,tail
281,0.5,0.5,0.0,6.356249999999991,0.6931471803599453,0.16761883610963968,0.000463891849455611,tail
282,0.25,0.0,0.75,6.374999999999991,0.5623351444188083,0.16728414554751667,0.0003346905621230134,tail
283,0.25,0.25,0.5,6.4312499999999915,1.0397207705399178,0.16993476459733087,0.0026506190498142013,tail
284,0.75,0.0,0.25,6.449999999999991,0.5623351444188083,0.17113424749027517,0.0011994828929443035,tail
285,0.5,0.25,0.25,6.393749999999992,1.0397207705399178,0.17313683398182567,0.0020025864915504954,tail
286,0.25,0.5,0.25,6.318749999999991,1.0397207705399178,0.17683892630247514,0.0037020923206494694,tail
287,0.0,0.25,0.75,6.393749999999992,0.5623351444188083,0.17262223212287256,0.004216694179602576,tail
288,0.5,0.5,0.0,6.412499999999992,0.6931471803599453,0.17703697840322594,0.004414746280353377,tail
289,0.0,0.75,0.25,6.3374999999999915,0.5623351444188083,0.18144440004843704,0.0044074216452111015,tail
290,0.5,0.5,0.0,6.393749999999991,0.6931471803599453,0.17900535197059325,0.002439048077843786,tail
291,0.5,0.5,0.0,6.449999999999992,0.6931471803599453,0.17681754853753476,0.002187803433058494,tail
292,0.25,0.0,0.75,6.5249999999999915,0.5623351444188083,0.1825231382347257,0.005705589697190955,tail
293,0.25,0.25,0.5,6.599999999999991,1.0397207705399178,0.17790350440460287,0.0046196338301228435,tail
294,0.25,0.0,0.75,6.674999999999991,0.5623351444188083,0.18353484426379976,0.005631339859196893,tail
295,0.0,0.75,0.25,6.693749999999992,0.5623351444188083,0.18320047049060934,0.00033437377319042727,tail
296,0.5,0.25,0.25,6.7124999999999915,1.0397207705399178,0.1828673170331402,0.0003331534574691486,tail
297,0.25,0.0,0.75,6.637499999999992,0.5623351444188083,0.18576261732769928,0.002895300294559089,tail
298,0.5,0.0,0.5,6.693749999999992,0.6931471803599453,0.18357132080956906,0.0021912965181302146,tail
299,0.5,0.25,0.25,6.749999999999991,1.0397207705399178,0.18124198301807296,0.0023293377914961055,tail
300,0.25,0.5,0.25,6.768749999999991,1.0397207705399178,0.18091417825482012,0.0003278047632528369,tail
301,0.25,0.25,0.5,6.787499999999992,1.0397207705399178,0.18209064670656602,0.0011764684517459045,tail
302,0.0,0.25,0.75,6.8062499999999915,0.5623351444188083,0.18134288534060286,0.0007477613659631621,tail
303,0.25,0.25,0.5,6.881249999999991,1.0397207705399178,0.17690836650520744,0.004434518835395418,tail
304,0.25,0.25,0.5,6.937499999999991,1.0397207705399178,0.17765834611382939,0.0007499796086219424,tail
305,0.25,0.0,0.75,7.012499999999991,0.5623351444188083,0.17332115355543581,0.004337192558393571,tail
306,0.0,0.25,0.75,7.031249999999991,0.5623351444188083,0.17301097862225492,0.00031017493318089007,tail
307,0.5,0.25,0.25,7.031249999999991,1.0397207705399178,0.17301097862225492,0.0,tail
308,0.25,0.5,0.25,7.031249999999991,1.0397207705399178,0.17301097862225492,0.0,tail
309,0.25,0.25,0.5,7.049999999999991,1.0397207705399178,0.1727021861464085,0.00030879247584642,tail
310,0.0,0.5,0.5,6.9937499999999915,0.6931471803599453,0.17453035731180827,0.0018281711653997668,tail
311,0.0,0.0,1.0,6.91874999999999,-1.000000082690371e-10,0.17942966885191888,0.004899311540110612,tail
312,0.75,0.0,0.25,6.937499999999991,0.5623351444188083,0.17910255468998104,0.0003271141619378415,tail
313,0.25,0.5,0.25,7.012499999999992,1.0397207705399178,0.1752786563981716,0.00382389829180943,tail
314,0.75,0.0,0.25,6.937499999999991,0.5623351444188083,0.1787302716866119,0.0034516152884402906,tail
315,0.5,0.25,0.25,6.956249999999991,1.0397207705399178,0.1784058984344786,0.00032437325213330315,tail
316,0.75,0.0,0.25,6.974999999999991,0.5623351444188083,0.17808281527742048,0.0003230831570581183,tail
317,1.0,0.0,0.0,7.03124999999999,-1.000000082690371e-10,0.17104111630099217,0.007041698976428312,tail
318,0.25,0.0,0.75,7.087499999999991,0.5623351444188083,0.16936994248265105,0.0016711738183411151,tail
319,0.75,0.0,0.25,7.10624999999999,0.5623351444188083,0.1686166077035893,0.0007533347790617539,tail
320,0.25,0.75,0.0,7.12499999999999,0.5623351444188083,0.16831729863381398,0.000299309069775322,tail
321,0.5,0.25,0.25,7.19999999999999,1.0397207705399178,0.17407342499535605,0.005756126361542074,tail
322,0.75,0.0,0.25,7.19999999999999,0.5623351444188083,0.17407342499535605,0.0,tail
323,0.5,0.5,0.0,7.25624999999999,0.6931471803599453,0.17674845114151833,0.0026750261461622737,tail
324,0.25,0.25,0.5,7.33124999999999,1.0397207705399178,0.18251508893418933,0.005766637792671003,tail
325,0.25,0.0,0.75,7.33124999999999,0.5623351444188083,0.18251508893418933,0.0,tail
326,0.25,0.5,0.25,7.406249999999989,1.0397207705399178,0.18828809480788838,0.005773005873699055,tail
327,1.0,0.0,0.0,7.42499999999999,-1.000000082690371e-10,0.18909070036674785,0.0008026055588594705,tail
328,0.75,0.25,0.0,7.49999999999999,0.5623351444188083,0.19384333436486076,0.004752633998112904,tail
329,0.5,0.5,0.0,7.55624999999999,0.6931471803599453,0.1917649471106905,0.0020783872541702553,tail
330,0.5,0.25,0.25,7.5749999999999895,1.0397207705399178,0.1948369936588011,0.0030720465481106074,tail
331,0.25,0.75,0.0,7.518749999999989,0.5623351444188083,0.1965757000644083,0.0017387064056071933,tail
332,0.0,0.25,0.75,7.5749999999999895,0.5623351444188083,0.19464132212070154,0.0019343779437067665,tail
333,0.5,0.0,0.5,7.518749999999989,0.6931471803599453,0.19678744008952972,0.0021461179688281873,tail
334,0.5,0.25,0.25,7.518749999999989,1.0397207705399178,0.19678744008952972,0.0,tail
335,0.0,0.5,0.5,7.593749999999989,0.6931471803599453,0.19325256497459722,0.003534875114932501,tail
336,0.5,0.25,0.25,7.612499999999988,1.0397207705399178,0.19770846795900604,0.004455902984408816,tail
337,0.5,0.0,0.5,7.55624999999999,0.6931471803599453,0.20412548318880283,0.006417015229796791,tail
338,0.75,0.25,0.0,7.612499999999989,0.5623351444188083,0.20219726150011208,0.001928221688690751,tail
339,0.5,0.25,0.25,7.556249999999989,1.0397207705399178,0.2039520754917891,0.0017548139916770122,tail
340,0.0,0.5,0.5,7.574999999999989,0.6931471803599453,0.2077039283967379,0.0037518529049488103,tail
341,0.25,0.0,0.75,7.631249999999988,0.5623351444188083,0.2099339786386716,0.0022300502419337065,tail
342,0.5,0.25,0.25,7.6874999999999885,1.0397207705399178,0.20740617791534627,0.0025278007233253408,tail
343,0.25,0.25,0.5,7.743749999999989,1.0397207705399178,0.2048798160592383,0.002526361856107967,tail
344,0.0,0.5,0.5,7.799999999999988,0.6931471803599453,0.20296698880187344,0.0019128272573648575,tail
345,0.25,0.25,0.5,7.724999999999988,1.0397207705399178,0.2062262704148567,0.0032592816129832503,tail
346,0.25,0.25,0.5,7.74374999999999,1.0397207705399178,0.20592021335068103,0.00030605706417566325,tail
347,0.25,0.25,0.5,7.818749999999989,1.0397207705399178,0.21128024468300916,0.0053600313323281246,tail
348,0.5,0.25,0.25,7.8749999999999885,1.0397207705399178,0.20449714466782876,0.006783100015180399,tail
349,0.5,0.25,0.25,7.8749999999999885,1.0397207705399178,0.20449714466782876,0.0,tail
350,0.5,0.25,0.25,7.799999999999988,1.0397207705399178,0.2091154931926773,0.004618348524848548,tail
351,0.5,0.0,0.5,7.874999999999989,0.6931471803599453,0.20446920704986957,0.004646286142807737,tail
352,0.25,0.25,0.5,7.89374999999999,1.0397207705399178,0.20371805865212844,0.0007511483977411249,tail
353,0.0,0.5,0.5,7.912499999999988,0.6931471803599453,0.2034187463707203,0.0002993122814081428,tail
354,0.25,0.5,0.25,7.9687499999999885,1.0397207705399178,0.20135768390066255,0.002061062470057745,tail
355,0.5,0.25,0.25,7.987499999999988,1.0397207705399178,0.20106818543688737,0.00028949846377518407,tail
356,0.5,0.0,0.5,8.06249999999999,0.6931471803599453,0.19769332070065795,0.003374864736229416,tail
357,0.25,0.25,0.5,8.11874999999999,1.0397207705399178,0.19612397753268257,0.0015693431679753844,tail
358,0.25,0.25,0.5,8.062499999999988,1.0397207705399178,0.2034019542712013,0.007277976738518738,tail
359,0.25,0.25,0.5,8.081249999999988,1.0397207705399178,0.2038257725104654,0.000423818239264101,tail
360,0.25,0.25,0.5,8.137499999999987,1.0397207705399178,0.20130670934516326,0.002519063165302149,tail
361,0.25,0.25,0.5,8.156249999999988,1.0397207705399178,0.2010180556493531,0.0002886536958101593,tail
362,0.25,0.75,0.0,8.081249999999988,0.5623351444188083,0.20421795666754727,0.0031999010181941734,tail
363,0.75,0.0,0.25,8.137499999999989,0.5623351444188083,0.20230218386432813,0.0019157728032191401,tail
364,0.5,0.0,0.5,8.212499999999988,0.6931471803599453,0.19882946826626854,0.003472715598059589,tail
365,0.25,0.25,0.5,8.156249999999988,1.0397207705399178,0.20050194572699495,0.001672477460726407,tail
366,0.25,0.5,0.25,8.212499999999988,1.0397207705399178,0.19887389920537038,0.001628046521624571,tail
367,0.25,0.75,0.0,8.231249999999989,0.5623351444188083,0.20330526162911824,0.004431362423747864,tail
368,0.5,0.5,0.0,8.156249999999988,0.6931471803599453,0.20647690738798374,0.003171645758865499,tail
369,0.25,0.0,0.75,8.174999999999988,0.5623351444188083,0.20964094686532897,0.0031640394773452263,tail
370,0.25,0.25,0.5,8.231249999999989,1.0397207705399178,0.21776324092463298,0.008122294059304008,tail
371,0.5,0.0,0.5,8.24999999999999,0.6931471803599453,0.22041262794798588,0.002649387023352906,tail
372,0.0,0.25,0.75,8.306249999999988,0.5623351444188083,0.21827067578837972,0.002141952159606164,tail
373,0.0,0.0,1.0,8.362499999999988,-1.000000082690371e-10,0.2166011390152484,0.0016695367731313082,tail
374,0.0,0.25,0.75,8.418749999999989,0.5623351444188083,0.21494513151334682,0.0016560075019015907,tail
375,1.0,0.0,0.0,8.362499999999988,-1.000000082690371e-10,0.21669131524025992,0.0017461837269130975,tail
376,0.25,0.25,0.5,8.381249999999987,1.0397207705399178,0.21639042454749952,0.0003008906927604027,tail
377,0.5,0.25,0.25,8.437499999999988,1.0397207705399178,0.2249075243909978,0.008517099843498271,tail
378,0.25,0.5,0.25,8.362499999999986,1.0397207705399178,0.2274303894111059,0.0025228650201081226,tail
379,0.75,0.0,0.25,8.418749999999987,0.5623351444188083,0.22806700032460261,0.0006366109134967046,tail
380,0.25,0.25,0.5,8.474999999999987,1.0397207705399178,0.22870390586725295,0.0006369055426503345,tail
381,0.5,0.0,0.5,8.493749999999988,0.6931471803599453,0.22907174903810115,0.0003678431708482033,tail
382,0.5,0.25,0.25,8.549999999999986,1.0397207705399178,0.22655349417607717,0.0025182548620239775,tail
383,0.75,0.25,0.0,8.568749999999987,0.5623351444188083,0.2276676379155335,0.0011141437394563136,tail
384,0.25,0.5,0.25,8.624999999999986,1.0397207705399178,0.22596508156433254,0.0017025563512009512,tail
385,0.75,0.0,0.25,8.643749999999986,0.5623351444188083,0.22521632285180854,0.0007487587125240003,tail
386,0.25,0.0,0.75,8.718749999999986,0.5623351444188083,0.23059171083500005,0.00537538798319151,tail
387,0.25,0.5,0.25,8.737499999999986,1.0397207705399178,0.23028250373965814,0.0003092070953419068,tail
388,0.25,0.25,0.5,8.793749999999987,1.0397207705399178,0.22831977649847407,0.00196272724118407,tail
389,0.25,0.25,0.5,8.849999999999987,1.0397207705399178,0.23097731199541005,0.002657535496935981,tail
390,0.25,0.0,0.75,8.868749999999986,0.5623351444188083,0.23140947165094414,0.00043215965553408675,tail
391,0.5,0.25,0.25,8.868749999999986,1.0397207705399178,0.23140947165094414,0.0,tail
392,0.25,0.25,0.5,8.924999999999986,1.0397207705399178,0.2321089810800086,0.0006995094290644654,tail
393,0.5,0.5,0.0,8.943749999999987,0.6931471803599453,0.23589152904036167,0.003782547960353072,tail
394,0.25,0.0,0.75,9.018749999999986,0.5623351444188083,0.2407932548847658,0.004901725844404126,tail
395,0.25,0.25,0.5,9.037499999999987,1.0397207705399178,0.2434514196845796,0.002658164799813789,tail
396,0.25,0.25,0.5,9.056249999999986,1.0397207705399178,0.24725273711743276,0.0038013174328531685,tail
397,0.25,0.25,0.5,9.056249999999986,1.0397207705399178,0.24725273711743276,0.0,tail
398,0.5,0.0,0.5,9.131249999999985,0.6931471803599453,0.24307880736079826,0.004173929756634498,tail
399,0.25,0.0,0.75,9.206249999999986,0.5623351444188083,0.23959761477364233,0.003481192587155929,tail
400,0.25,0.75,0.0,9.281249999999986,0.5623351444188083,0.23497584933053114,0.0046217654431111865,tail
401,0.75,0.0,0.25,9.299999999999986,0.5623351444188083,0.2393936061284133,0.004417756797882144,tail
402,0.25,0.0,0.75,9.318749999999987,0.5623351444188083,0.23864565780971267,0.0007479483187006197,tail
403,0.75,0.25,0.0,9.374999999999986,0.5623351444188083,0.23684376470843171,0.0018018931012809547,tail
404,0.25,0.0,0.75,9.393749999999986,0.5623351444188083,0.2378393163843219,0.0009955516758901883,tail
405,0.5,0.25,0.25,9.337499999999988,1.0397207705399178,0.24216864252006445,0.0043293261357425505,tail
406,0.5,0.25,0.25,9.393749999999986,1.0397207705399178,0.2396523145590833,0.0025163279609811406,tail
407,0.25,0.5,0.25,9.449999999999987,1.0397207705399178,0.2423047017106512,0.0026523871515678754,tail
408,0.5,0.5,0.0,9.374999999999988,0.6931471803599453,0.24697696155109178,0.00467225984044059,tail
409,0.5,0.25,0.25,9.431249999999986,1.0397207705399178,0.2476490515443423,0.0006720899932505242,tail
410,0.25,0.5,0.25,9.449999999999987,1.0397207705399178,0.2480180952720483,0.00036904372770599214,tail
411,0.25,0.25,0.5,9.393749999999985,1.0397207705399178,0.2494415892383422,0.001423493966293904,tail
412,0.75,0.25,0.0,9.449999999999987,0.5623351444188083,0.2517253762247657,0.0022837869864235083,tail
413,0.0,0.0,1.0,9.506249999999987,-1.000000082690371e-10,0.2523700411929868,0.0006446649682210759,tail
414,0.5,0.25,0.25,9.562499999999986,1.0397207705399178,0.25068463614487196,0.0016854050481148186,tail
415,0.75,0.25,0.0,9.618749999999986,0.5623351444188083,0.24873025170009844,0.001954384444773527,tail
416,0.25,0.25,0.5,9.693749999999987,1.0397207705399178,0.24411654286258458,0.004613708837513858,tail
417,0.5,0.25,0.25,9.749999999999988,1.0397207705399178,0.24676200034748447,0.002645457484899888,tail
418,0.25,0.25,0.5,9.768749999999986,1.0397207705399178,0.24719286333096482,0.0004308629834803568,tail
419,0.5,0.25,0.25,9.693749999999987,1.0397207705399178,0.25052587553021916,0.0033330121992543316,tail
420,0.25,0.25,0.5,9.749999999999988,1.0397207705399178,0.248538594990829,0.0019872805393901516,tail
421,0.25,0.25,0.5,9.824999999999989,1.0397207705399178,0.24493709943531622,0.0036014955555127848,tail
422,0.5,0.25,0.25,9.843749999999986,1.0397207705399178,0.2446434813395901,0.00029361809572611697,tail
423,0.25,0.5,0.25,9.918749999999987,1.0397207705399178,0.2405642522806332,0.0040792290589569125,tail
424,0.5,0.25,0.25,9.993749999999986,1.0397207705399178,0.23595100800002083,0.004613244280612355,tail
425,0.5,0.0,0.5,10.049999999999988,0.6931471803599453,0.2341463955863049,0.0018046124137159336,tail
426,0.25,0.25,0.5,10.068749999999987,1.0397207705399178,0.2338697464096773,0.00027664917662759136,tail
427,0.25,0.25,0.5,10.124999999999988,1.0397207705399178,0.232298834281812,0.0015709121278653093,tail
428,0.25,0.25,0.5,10.181249999999988,1.0397207705399178,0.23494232388636496,0.002643489604552962,tail
429,0.0,0.5,0.5,10.199999999999987,0.6931471803599453,0.23467013778849025,0.0002721860978747159,tail
430,0.25,0.0,0.75,10.256249999999987,0.5623351444188083,0.23541597817539786,0.0007458403869076147,tail
431,0.0,0.5,0.5,10.256249999999987,0.6931471803599453,0.23541597817539786,0.0,tail
432,0.5,0.25,0.25,10.312499999999986,1.0397207705399178,0.2329078318899333,0.0025081462854645575,tail
433,0.25,0.25,0.5,10.368749999999988,1.0397207705399178,0.23112577346728913,0.0017820584226441727,tail
434,0.25,0.25,0.5,10.293749999999987,1.0397207705399178,0.2340917838995518,0.0029660104322626613,tail
435,0.5,0.25,0.25,10.368749999999988,1.0397207705399178,0.23082129577130683,0.0032704881282449583,tail
436,0.25,0.75,0.0,10.424999999999988,0.5623351444188083,0.2291366481684621,0.00168464760284473,tail
437,0.5,0.25,0.25,10.368749999999986,1.0397207705399178,0.23066961745511985,0.0015329692866577482,tail
438,0.0,0.0,1.0,10.387499999999987,-1.000000082690371e-10,0.23040508240039914,0.00026453505472071037,tail
439,0.5,0.25,0.25,10.331249999999986,1.0397207705399178,0.2319707513302021,0.0015656689298029491,tail
440,0.0,0.0,1.0,10.387499999999987,-1.000000082690371e-10,0.22760793660374173,0.004362814726460357,tail
441,0.5,0.0,0.5,10.462499999999988,0.6931471803599453,0.223015216562455,0.004592720041286746,tail
442,0.25,0.5,0.25,10.481249999999989,1.0397207705399178,0.22340185994842973,0.00038664338597474424,tail
443,0.25,0.5,0.25,10.537499999999987,1.0397207705399178,0.22181224587080464,0.00158961407762509,tail
444,0.25,0.5,0.25,10.612499999999988,1.0397207705399178,0.21898326853442696,0.002828977336377686,tail
445,0.75,0.0,0.25,10.668749999999989,0.5623351444188083,0.2216027350179997,0.002619466483572752,tail
446,0.0,0.25,0.75,10.668749999999989,0.5623351444188083,0.2216027350179997,0.0,tail
447,0.0,0.5,0.5,10.74374999999999,0.6931471803599453,0.2272531095775966,0.005650374559596882,tail
448,0.0,0.5,0.5,10.799999999999988,0.6931471803599453,0.23635646328573215,0.009103353708135559,tail
449,0.25,0.5,0.25,10.874999999999988,1.0397207705399178,0.2336383136210975,0.002718149664634656,tail
450,0.25,0.25,0.5,10.893749999999986,1.0397207705399178,0.2380134268011927,0.0043751131800952026,tail
451,0.5,0.25,0.25,10.912499999999989,1.0397207705399178,0.23837164359365567,0.00035821679246297866,tail
452,0.25,0.25,0.5,10.968749999999988,1.0397207705399178,0.23911281184730823,0.0007411682536525577,tail
453,0.25,0.25,0.5,11.043749999999989,1.0397207705399178,0.23653423448160077,0.002578577365707463,tail
454,0.0,0.25,0.75,11.062499999999988,0.5623351444188083,0.23632729602891892,0.00020693845268185407,tail
455,0.75,0.0,0.25,11.062499999999988,0.5623351444188083,0.23632729602891892,0.0,tail
456,0.5,0.25,0.25,11.118749999999988,1.0397207705399178,0.23706497753691005,0.0007376815079911392,tail
457,0.5,0.25,0.25,11.137499999999987,1.0397207705399178,0.2368589645572214,0.00020601297968864118,tail
458,0.25,0.25,0.5,11.193749999999989,1.0397207705399178,0.23556424799633016,0.0012947165608912514,tail
459,0.0,0.5,0.5,11.268749999999988,0.6931471803599453,0.2332870221987224,0.0022772257976077515,tail
460,0.25,0.5,0.25,11.324999999999987,1.0397207705399178,0.23082978954710814,0.002457232651614266,tail
461,0.5,0.25,0.25,11.381249999999987,1.0397207705399178,0.231560026504679,0.0007302369575708512,tail
462,0.75,0.0,0.25,11.456249999999988,0.5623351444188083,0.22849044129510845,0.003069585209570541,tail
463,0.0,0.5,0.5,11.399999999999986,0.6931471803599453,0.2300558790833848,0.001565437788276336,tail
464,0.5,0.0,0.5,11.456249999999988,0.6931471803599453,0.22731025838601837,0.0027456206973664188,tail
465,0.0,0.0,1.0,11.512499999999989,-1.000000082690371e-10,0.22627338120666593,0.0010368771793524412,tail
466,0.0,0.5,0.5,11.568749999999987,0.6931471803599453,0.22699106515358167,0.000717683946915737,tail
467,0.25,0.5,0.25,11.587499999999988,1.0397207705399178,0.22684793355318655,0.0001431316003951133,tail
468,0.5,0.25,0.25,11.606249999999987,1.0397207705399178,0.22670618910170787,0.00014174445147868697,tail
469,0.5,0.25,0.25,11.624999999999988,1.0397207705399178,0.22699104211298393,0.000284853011276065,tail
470,0.25,0.5,0.25,11.643749999999986,1.0397207705399178,0.2272772224554356,0.0002861803424516751,tail
471,0.5,0.25,0.25,11.587499999999986,1.0397207705399178,0.2281421955068731,0.0008649730514374843,tail
472,0.0,0.75,0.25,11.606249999999985,0.5623351444188083,0.22843719809028568,0.0002950025834125847,tail
473,0.25,0.25,0.5,11.624999999999986,1.0397207705399178,0.22828491193929967,0.00015228615098600295,tail
474,0.5,0.0,0.5,11.549999999999986,0.6931471803599453,0.23155642986118008,0.003271517921880407,tail
475,0.25,0.0,0.75,11.549999999999986,0.5623351444188083,0.23155642986118008,0.0,tail
476,0.5,0.25,0.25,11.606249999999985,1.0397207705399178,0.23228105275192165,0.0007246228907415719,tail
477,0.75,0.25,0.0,11.662499999999987,0.5623351444188083,0.22984482186859476,0.0024362308833268953,tail
478,0.25,0.5,0.25,11.718749999999984,1.0397207705399178,0.2274118861288831,0.0024329357397116502,tail
479,0.25,0.75,0.0,11.793749999999985,0.5623351444188083,0.22449802051706794,0.0029138656118151696,tail
480,0.5,0.5,0.0,11.812499999999984,0.6931471803599453,0.2266719906186967,0.0021739701016287583,tail
481,0.75,0.0,0.25,11.868749999999984,0.5623351444188083,0.22551245160523736,0.001159539013459332,tail
482,0.25,0.5,0.25,11.887499999999985,1.0397207705399178,0.22535861373164306,0.00015383787359429801,tail
483,0.25,0.0,0.75,11.943749999999984,0.5623351444188083,0.22405694611132038,0.0013016676203226885,tail
484,0.5,0.5,0.0,11.999999999999984,0.6931471803599453,0.22305943864732522,0.0009975074639951564,tail
485,0.5,0.25,0.25,12.056249999999984,1.0397207705399178,0.22377398901909987,0.0007145503717746471,tail
486,0.0,1.0,0.0,12.131249999999985,-1.000000082690371e-10,0.2222187671052805,0.0015552219138193768,tail
487,0.5,0.25,0.25,12.149999999999986,1.0397207705399178,0.22248558480283617,0.0002668176975556824,tail
488,0.25,0.0,0.75,12.206249999999985,0.5623351444188083,0.22146418433467296,0.0010214004681632083,tail
489,0.25,0.75,0.0,12.262499999999985,0.5623351444188083,0.2207414581197979,0.000722726214875069,tail
490,0.5,0.25,0.25,12.281249999999984,1.0397207705399178,0.2209953668824272,0.00025390876262931794,tail
491,0.5,0.25,0.25,12.337499999999986,1.0397207705399178,0.22002397712427982,0.0009713897581473951,tail
492,0.5,0.5,0.0,12.356249999999985,0.6931471803599453,0.22416938302714756,0.004145405902867744,tail
493,0.75,0.25,0.0,12.281249999999986,0.5623351444188083,0.22542391158702263,0.0012545285598750677,tail
494,0.25,0.0,0.75,12.299999999999986,0.5623351444188083,0.22471432089896584,0.0007095906880567882,tail
495,0.25,0.0,0.75,12.356249999999985,0.5623351444188083,0.22354734451792668,0.0011669763810391587,tail
496,0.25,0.25,0.5,12.281249999999984,1.0397207705399178,0.22489842650503006,0.0013510819871033752,tail
497,0.25,0.5,0.25,12.337499999999984,1.0397207705399178,0.22384787093141048,0.001050555573619577,tail
498,0.25,0.75,0.0,12.356249999999987,0.5623351444188083,0.2241182699406042,0.00027039900919370585,tail
499,0.0,0.25,0.75,12.412499999999985,0.5623351444188083,0.22332267818618873,0.0007955917544154589,tail
500,0.0,0.5,0.5,12.337499999999986,0.6931471803599453,0.22470054580079196,0.0013778676146032343,tail
501,0.5,0.0,0.5,12.393749999999985,0.6931471803599453,0.2236423405795195,0.0010582052212724513,tail
502,0.25,0.25,0.5,12.468749999999986,1.0397207705399178,0.22219181053125348,0.0014505300482660355,tail
503,0.5,0.25,0.25,12.412499999999984,1.0397207705399178,0.22403714803633715,0.0018453375050836718,tail
504,0.0,0.0,1.0,12.431249999999986,-1.000000082690371e-10,0.22390412690462858,0.00013302113170857166,tail
505,0.5,0.25,0.25,12.487499999999986,1.0397207705399178,0.22285610137011289,0.0010480255345156897,tail
506,0.0,0.75,0.25,12.543749999999985,0.5623351444188083,0.22356885115467545,0.0007127497845625663,tail
507,0.25,0.0,0.75,12.562499999999988,0.5623351444188083,0.22556902437853055,0.002000173223855095,tail
508,0.25,0.25,0.5,12.487499999999986,1.0397207705399178,0.2286821242467454,0.0031130998682148414,tail
509,0.25,0.25,0.5,12.543749999999985,1.0397207705399178,0.2263432263409784,0.0023388979057669956,tail
510,0.5,0.25,0.25,12.562499999999988,1.0397207705399178,0.228362064953396,0.0020188386124176116,tail
511,0.25,0.0,0.75,12.581249999999986,0.5623351444188083,0.22864470554317054,0.00028264058977453543,tail
512,0.75,0.25,0.0,12.656249999999988,0.5623351444188083,0.22595580612989108,0.002688899413279461,tail
513,0.5,0.0,0.5,12.712499999999988,0.6931471803599453,0.22510578454692726,0.0008500215829638225,tail
514,0.25,0.0,0.75,12.787499999999987,0.5623351444188083,0.22263881933497892,0.0024669652119483354,tail
515,0.0,0.25,0.75,12.843749999999986,0.5623351444188083,0.22200604200467355,0.0006327773303053674,tail
516,0.25,0.5,0.25,12.899999999999988,1.0397207705399178,0.2214339789760446,0.0005720630286289441,tail
517,0.25,0.5,0.25,12.956249999999986,1.0397207705399178,0.22389078560115022,0.002456806625105612,tail
518,0.0,0.5,0.5,13.012499999999987,0.6931471803599453,0.221559816350439,0.002330969250711218,tail
519,0.75,0.0,0.25,13.031249999999988,0.5623351444188083,0.22086791788590496,0.0006918984645340465,tail
520,0.25,0.25,0.5,13.031249999999988,1.0397207705399178,0.22086791788590496,0.0,tail
521,0.25,0.5,0.25,13.049999999999986,1.0397207705399178,0.22109704095153326,0.0002291230656283061,tail
522,0.75,0.25,0.0,13.106249999999987,0.5623351444188083,0.2202215455864525,0.0008754953650807751,tail
523,0.25,0.25,0.5,13.162499999999985,1.0397207705399178,0.2179043884014868,0.0023171571849656958,tail
524,0.25,0.0,0.75,13.218749999999988,0.5623351444188083,0.21740328814022045,0.0005011002612663462,tail
525,0.0,0.25,0.75,13.274999999999986,0.5623351444188083,0.21700870876018363,0.0003945793800368136,tail
526,0.5,0.25,0.25,13.218749999999986,1.0397207705399178,0.2173656646173124,0.00035695585712877675,tail
527,0.25,0.5,0.25,13.162499999999985,1.0397207705399178,0.22130418284033776,0.00393851822302535,tail
528,0.25,0.0,0.75,13.181249999999984,0.5623351444188083,0.22307226786843165,0.001768085028093891,tail
529,0.0,0.0,1.0,13.237499999999986,-1.000000082690371e-10,0.22198831819692344,0.0010839496715082109,tail
530,0.25,0.75,0.0,13.256249999999985,0.5623351444188083,0.22129324503707323,0.0006950731598502069,tail
531,0.0,0.25,0.75,13.256249999999985,0.5623351444188083,0.22129324503707323,0.0,tail
532,0.0,0.5,0.5,13.312499999999986,0.6931471803599453,0.220374862167002,0.0009183828700712326,tail
533,0.25,0.0,0.75,13.331249999999986,0.5623351444188083,0.22447533500879677,0.004100472841794767,tail
534,0.0,0.25,0.75,13.349999999999987,0.5623351444188083,0.22378021012078153,0.0006951248880152361,tail
535,0.75,0.25,0.0,13.424999999999986,0.5623351444188083,0.22910033997013288,0.005320129849351346,tail
536,0.25,0.25,0.5,13.481249999999989,1.0397207705399178,0.22850199819670713,0.0005983417734257424,tail
537,0.5,0.0,0.5,13.537499999999989,0.6931471803599453,0.22919616011699095,0.0006941619202838201,tail
538,0.5,0.25,0.25,13.537499999999989,1.0397207705399178,0.22919616011699095,0.0,tail
539,0.5,0.0,0.5,13.61249999999999,0.6931471803599453,0.22822892409189507,0.00096723602509588,tail
540,0.25,0.5,0.25,13.668749999999989,1.0397207705399178,0.2306625627249269,0.002433638633031837,tail
541,0.25,0.25,0.5,13.724999999999989,1.0397207705399178,0.2313501491388459,0.0006875864139190002,tail
542,0.25,0.25,0.5,13.724999999999989,1.0397207705399178,0.2313501491388459,0.0,tail
543,0.75,0.25,0.0,13.668749999999989,0.5623351444188083,0.23545118985480826,0.004101040715962345,tail
544,0.25,0.5,0.25,13.687499999999988,1.0397207705399178,0.2347531018491759,0.0006980880056323691,tail
545,0.0,0.0,1.0,13.612499999999986,-1.000000082690371e-10,0.23749422602187903,0.002741124172703141,tail
546,0.5,0.5,0.0,13.668749999999987,0.6931471803599453,0.23999118686431634,0.002496960842437307,tail
547,0.5,0.5,0.0,13.724999999999989,0.6931471803599453,0.23899230777737426,0.0009988790869420727,tail
548,0.25,0.5,0.25,13.724999999999989,1.0397207705399178,0.23899230777737426,0.0,tail
549,0.25,0.25,0.5,13.781249999999986,1.0397207705399178,0.2383140757639227,0.000678232013451574,tail
550,0.25,0.25,0.5,13.799999999999986,1.0397207705399178,0.23856286388834036,0.0002487881244176704,tail
551,0.0,0.5,0.5,13.874999999999988,0.6931471803599453,0.24376412068508072,0.005201256796740356,tail
552,0.75,0.0,0.25,13.93124999999999,0.5623351444188083,0.24430835904378814,0.0005442383587074273,tail
553,0.5,0.0,0.5,13.93124999999999,0.6931471803599453,0.24430835904378814,0.0,tail
554,0.5,0.0,0.5,13.949999999999989,0.6931471803599453,0.24456323631233418,0.0002548772685460332,tail
555,0.5,0.25,0.25,14.006249999999987,1.0397207705399178,0.24510885580872127,0.0005456194963870953,tail
556,0.5,0.25,0.25,14.06249999999999,1.0397207705399178,0.24274355832706687,0.0023652974816543992,tail
557,0.5,0.25,0.25,14.118749999999988,1.0397207705399178,0.24038279506515584,0.0023607632619110364,tail
558,0.25,0.0,0.75,14.137499999999987,0.5623351444188083,0.2406362622979563,0.0002534672328004528,tail
559,0.5,0.0,0.5,14.156249999999988,0.6931471803599453,0.24478953346226986,0.004153271164313577,tail
560,0.5,0.0,0.5,14.099999999999989,0.6931471803599453,0.24609101233516492,0.0013014788728950566,tail
561,0.0,0.5,0.5,14.118749999999988,0.6931471803599453,0.24597475399533317,0.00011625833983175404,tail
562,0.5,0.5,0.0,14.137499999999987,0.6931471803599453,0.2458598030908226,0.0001149509045105801,tail
563,0.5,0.0,0.5,14.062499999999986,0.6931471803599453,0.24876829410975965,0.0029084910189370594,tail
564,0.0,0.25,0.75,14.081249999999988,0.5623351444188083,0.2521844261909559,0.0034161320811962326,tail
565,0.5,0.25,0.25,14.081249999999988,1.0397207705399178,0.2521844261909559,0.0,tail
566,0.25,0.5,0.25,14.099999999999987,1.0397207705399178,0.25549573043425905,0.0033113042433031703,tail
567,0.75,0.0,0.25,14.156249999999988,0.5623351444188083,0.25309701974205695,0.0023987106922020995,tail
568,0.75,0.0,0.25,14.17499999999999,0.5623351444188083,0.2569287822971806,0.00383176255512363,tail
569,0.25,0.5,0.25,14.231249999999989,1.0397207705399178,0.25607914062974657,0.000849641667434009,tail
570,0.25,0.0,0.75,14.287499999999989,0.5623351444188083,0.2548717881214548,0.0012073525082917924,tail
571,0.5,0.25,0.25,14.34374999999999,1.0397207705399178,0.2540418570256316,0.0008299310958231887,tail
572,0.25,0.5,0.25,14.399999999999986,1.0397207705399178,0.25167150086363976,0.0023703561619918267,tail
573,0.75,0.25,0.0,14.324999999999985,0.5623351444188083,0.2529647982682152,0.0012932974045754553,tail
574,0.25,0.0,0.75,14.381249999999987,0.5623351444188083,0.2519205495195178,0.0010442487486974072,tail
575,0.25,0.25,0.5,14.437499999999986,1.0397207705399178,0.2511664866877114,0.0007540628318064013,tail
576,0.5,0.0,0.5,14.456249999999986,0.6931471803599453,0.25309812467205084,0.0019316379843394293,tail
577,0.25,0.25,0.5,14.512499999999987,1.0397207705399178,0.24897928880278702,0.004118835869263815,tail
578,0.25,0.0,0.75,14.531249999999986,0.5623351444188083,0.2508324748317138,0.0018531860289267565,tail
579,0.25,0.25,0.5,14.587499999999986,1.0397207705399178,0.2533039026218874,0.0024714277901736192,tail
580,0.5,0.25,0.25,14.662499999999987,1.0397207705399178,0.25083099359302546,0.002472909028861936,tail
581,0.75,0.0,0.25,14.662499999999987,0.5623351444188083,0.25083099359302546,0.0,tail
582,0.5,0.0,0.5,14.662499999999987,0.6931471803599453,0.25083099359302546,0.0,tail
583,0.75,0.0,0.25,14.718749999999986,0.5623351444188083,0.25020312448553045,0.000627869107495016,tail
584,0.75,0.0,0.25,14.774999999999988,0.5623351444188083,0.24928547631863524,0.000917648166895213,tail
585,0.5,0.0,0.5,14.849999999999987,0.6931471803599453,0.2449991768385409,0.004286299480094347,tail
586,0.5,0.5,0.0,14.924999999999986,0.6931471803599453,0.24408179828969895,0.0009173785488419406,tail
587,0.5,0.25,0.25,14.943749999999987,1.0397207705399178,0.24401411717819046,6.7681111508483e-05,tail
588,0.25,0.75,0.0,15.018749999999988,0.5623351444188083,0.2490160537600196,0.005001936581829125,tail
589,0.0,0.5,0.5,15.037499999999987,0.6931471803599453,0.25065367071952815,0.0016376169595085643,tail
590,0.25,0.5,0.25,15.056249999999988,1.0397207705399178,0.2499631681219799,0.0006905025975482426,tail
591,0.5,0.25,0.25,15.11249999999999,1.0397207705399178,0.25065367071952815,0.0006905025975482426,tail
592,0.25,0.25,0.5,15.187499999999991,1.0397207705399178,0.25477054144936573,0.004116870729837574,tail
593,0.25,0.0,0.75,15.20624999999999,0.5623351444188083,0.2546839067428906,8.66347064751305e-05,tail
594,0.25,0.25,0.5,15.262499999999992,1.0397207705399178,0.2534272264845193,0.0012566802583712788,tail
595,0.5,0.25,0.25,15.28124999999999,1.0397207705399178,0.2565659393847608,0.0031387129002414804,tail
596,0.25,0.5,0.25,15.35624999999999,1.0397207705399178,0.25583407302323,0.0007318663615307752,tail
597,0.75,0.0,0.25,15.41249999999999,0.5623351444188083,0.2563587640774707,0.0005246910542406891,tail
598,0.5,0.25,0.25,15.337499999999991,1.0397207705399178,0.25702111072876893,0.0006623466512982179,tail
599,0.5,0.25,0.25,15.281249999999993,1.0397207705399178,0.2581191762134221,0.0010980654846531879,tail
600,0.25,0.25,0.5,15.224999999999993,1.0397207705399178,0.26223123435305024,0.004112058139628116,tail
601,0.5,0.5,0.0,15.243749999999991,0.6931471803599453,0.26548394235635653,0.0032527080033062927,tail
602,0.25,0.5,0.25,15.299999999999992,1.0397207705399178,0.2674461991248382,0.0019622567684816627,tail
603,0.25,0.0,0.75,15.356249999999992,0.5623351444188083,0.26681822953657064,0.0006279695882675518,tail
604,0.5,0.25,0.25,15.41249999999999,1.0397207705399178,0.26575231765116053,0.001065911885410109,tail
605,0.5,0.25,0.25,15.431249999999991,1.0397207705399178,0.2660764374411269,0.0003241197899663817,tail
606,0.0,0.5,0.5,15.487499999999994,0.6931471803599453,0.2646951678108734,0.0013812696302535343,tail
607,0.25,0.5,0.25,15.54374999999999,1.0397207705399178,0.2642562949564946,0.000438872854378769,tail
608,0.5,0.0,0.5,15.599999999999993,0.6931471803599453,0.26479066688151376,0.0005343719250191503,tail
609,0.0,0.25,0.75,15.674999999999992,0.5623351444188083,0.2605909748115053,0.004199692070008476,tail
610,0.0,0.5,0.5,15.749999999999993,0.6931471803599453,0.26556919282208147,0.004978218010576185,tail
611,0.25,0.25,0.5,15.806249999999993,1.0397207705399178,0.2646240047987523,0.0009451880233291576,tail
612,0.5,0.5,0.0,15.824999999999992,0.6931471803599453,0.2645639819136828,6.002288506951059e-05,tail
613,0.25,0.25,0.5,15.899999999999993,1.0397207705399178,0.26394164839182566,0.0006223335218571435,tail
614,0.5,0.25,0.25,15.956249999999994,1.0397207705399178,0.26446491755021506,0.0005232691583894056,tail
615,0.5,0.25,0.25,15.88124999999999,1.0397207705399178,0.2666626525092403,0.002197734959025255,tail
616,0.5,0.25,0.25,15.937499999999991,1.0397207705399178,0.26628478270395506,0.00037786980528525804,tail
617,0.25,0.25,0.5,15.881249999999993,1.0397207705399178,0.2665967908920816,0.00031200818812654463,tail
618,0.5,0.25,0.25,15.937499999999991,1.0397207705399178,0.2658040168339133,0.0007927740581682996,tail
619,0.0,0.5,0.5,15.993749999999993,0.6931471803599453,0.26546909026682747,0.0003349265670858359,tail
620,0.5,0.5,0.0,15.937499999999991,0.6931471803599453,0.2657451451310743,0.0002760548642468108,tail
621,0.25,0.25,0.5,15.956249999999994,1.0397207705399178,0.26724841734343613,0.0015032722123618503,tail
622,0.0,0.75,0.25,16.031249999999993,0.5623351444188083,0.26525918508782526,0.0019892322556108732,tail
623,0.5,0.25,0.25,15.974999999999993,1.0397207705399178,0.2655607890335015,0.00030160394567624316,tail
624,0.5,0.25,0.25,16.03124999999999,1.0397207705399178,0.26329182171574655,0.002268967317754944,tail
625,0.0,0.75,0.25,16.106249999999992,0.5623351444188083,0.2613753835880155,0.0019164381277310683,tail
626,0.75,0.0,0.25,16.04999999999999,0.5623351444188083,0.2623463368852857,0.0009709532972702051,tail
627,0.75,0.0,0.25,16.124999999999993,0.5623351444188083,0.2582105396769884,0.004135797208297265,tail
628,0.75,0.0,0.25,16.18124999999999,0.5623351444188083,0.2579654722889075,0.00024506738808094397,tail
629,0.25,0.25,0.5,16.199999999999992,1.0397207705399178,0.25730344411442035,0.0006620281744871281,tail
630,0.0,0.5,0.5,16.21874999999999,0.6931471803599453,0.2574887068228173,0.00018526270839697156,tail
631,0.75,0.0,0.25,16.27499999999999,0.5623351444188083,0.2581514250277988,0.0006627182049814828,tail
632,0.5,0.5,0.0,16.29374999999999,0.6931471803599453,0.2620792974000486,0.0039278723722497855,tail
633,0.5,0.25,0.25,16.34999999999999,1.0397207705399178,0.2644454626993911,0.0023661652993425264,tail
634,0.0,0.25,0.75,16.36874999999999,0.5623351444188083,0.26463905459689646,0.00019359189750534078,tail
635,0.5,0.25,0.25,16.42499999999999,1.0397207705399178,0.2638995536544656,0.0007395009424308596,tail
636,0.0,0.5,0.5,16.36874999999999,0.6931471803599453,0.26462525365883044,0.0007257000043648376,tail
637,0.5,0.25,0.25,16.42499999999999,1.0397207705399178,0.26517012187465344,0.0005448682158230023,tail
638,0.25,0.25,0.5,16.443749999999994,1.0397207705399178,0.26537913049312617,0.000209008618472728,tail
639,0.0,0.5,0.5,16.499999999999993,0.6931471803599453,0.2672720563696045,0.0018929258764783241,tail
640,0.25,0.25,0.5,16.518749999999994,1.0397207705399178,0.2688510903706692,0.001579034001064683,tail
641,0.25,0.0,0.75,16.574999999999992,0.5623351444188083,0.2678833540494928,0.0009677363211763601,tail
642,0.25,0.25,0.5,16.593749999999993,1.0397207705399178,0.26809973271261395,0.00021637866312113063,tail
643,0.25,0.5,0.25,16.649999999999995,1.0397207705399178,0.26766132676061694,0.0004384059519970118,tail
644,0.5,0.5,0.0,16.574999999999992,0.6931471803599453,0.27000021013265074,0.0023388833720338065,tail
645,0.5,0.0,0.5,16.593749999999993,0.6931471803599453,0.2699295562111418,7.065392150895633e-05,tail
646,0.25,0.0,0.75,16.668749999999992,0.5623351444188083,0.27406935748378236,0.004139801272640575,tail
647,0.0,0.5,0.5,16.724999999999994,0.6931471803599453,0.27357195808279033,0.0004973994009920268,tail
648,0.25,0.0,0.75,16.743749999999995,0.5623351444188083,0.2767732680256999,0.0032013099429095693,tail
649,0.25,0.5,0.25,16.799999999999994,1.0397207705399178,0.27447680063768864,0.0022964673880112585,tail
650,0.25,0.25,0.5,16.818749999999994,1.0397207705399178,0.27469736745907414,0.00022056682138549277,tail
651,0.5,0.25,0.25,16.74374999999999,1.0397207705399178,0.275526597068899,0.0008292296098248442,tail
652,0.5,0.5,0.0,16.799999999999994,0.6931471803599453,0.27621615833091456,0.0006895612620155811,tail
653,0.25,0.0,0.75,16.799999999999994,0.5623351444188083,0.27621615833091456,0.0,tail
654,0.5,0.25,0.25,16.874999999999993,1.0397207705399178,0.2739974175498277,0.0022187407810868587,tail
655,0.5,0.25,0.25,16.93124999999999,1.0397207705399178,0.27352105666617027,0.000476360883657434,tail
656,0.75,0.0,0.25,16.856249999999992,0.5623351444188083,0.27428512048268333,0.0007640638165130609,tail
657,0.5,0.25,0.25,16.93124999999999,1.0397207705399178,0.2788080280726917,0.004522907590008396,tail
658,0.75,0.0,0.25,16.98749999999999,0.5623351444188083,0.27830630792818073,0.0005017201445109976,tail
659,0.5,0.0,0.5,17.043749999999992,0.6931471803599453,0.2802493175959394,0.0019430096677586772,tail
660,0.0,0.25,0.75,17.062499999999993,0.5623351444188083,0.28193075316658056,0.0016814355706411543,tail
661,0.5,0.5,0.0,17.081249999999994,0.6931471803599453,0.28184654904219386,8.420412438669977e-05,tail
662,0.25,0.25,0.5,17.099999999999994,1.0397207705399178,0.28176350855777466,8.304048441920564e-05,tail
663,0.25,0.5,0.25,17.11874999999999,1.0397207705399178,0.2816816327424554,8.187581531926558e-05,tail
664,0.25,0.25,0.5,17.174999999999994,1.0397207705399178,0.28223363422283393,0.0005520014803785389,tail
665,0.25,0.25,0.5,17.231249999999996,1.0397207705399178,0.28168865114463193,0.0005449830782019993,tail
666,0.25,0.5,0.25,17.156249999999993,1.0397207705399178,0.2825583049338737,0.0008696537892417533,tail
667,0.25,0.25,0.5,17.174999999999994,1.0397207705399178,0.28247247285779425,8.583207607942844e-05,tail
668,0.25,0.25,0.5,17.231249999999996,1.0397207705399178,0.2819041883015417,0.000568284556252574,tail
669,0.5,0.25,0.25,17.156249999999993,1.0397207705399178,0.2828099222717846,0.0009057339702429057,tail
670,0.5,0.25,0.25,17.156249999999993,1.0397207705399178,0.2828099222717846,0.0,tail
671,0.0,0.25,0.75,17.231249999999996,0.5623351444188083,0.28707633103950275,0.004266408767718166,tail
672,0.5,0.0,0.5,17.287499999999994,0.6931471803599453,0.28473860245017324,0.002337728589329513,tail
673,0.5,0.25,0.25,17.306249999999995,1.0397207705399178,0.2846466795233982,9.192292677501213e-05,tail
674,0.0,0.75,0.25,17.362499999999994,0.5623351444188083,0.2837234300981471,0.000923249425251127,tail
675,0.5,0.25,0.25,17.418749999999992,1.0397207705399178,0.2844155910292272,0.0006921609310800991,tail
676,0.75,0.0,0.25,17.362499999999997,0.5623351444188083,0.28561801731394715,0.0012024262847199485,tail
677,0.5,0.25,0.25,17.381249999999994,1.0397207705399178,0.2855254198451839,9.25974687632225e-05,tail
678,0.25,0.5,0.25,17.399999999999995,1.0397207705399178,0.28732022195775614,0.0017948021125722136,tail
679,0.25,0.5,0.25,17.474999999999994,1.0397207705399178,0.29195281203978324,0.004632590082027099,tail
680,0.25,0.25,0.5,17.531249999999996,1.0397207705399178,0.29036613992014715,0.00158667211963609,tail
681,0.25,0.25,0.5,17.587499999999995,1.0397207705399178,0.2909236703360511,0.0005575304159039507,tail
682,0.5,0.25,0.25,17.662499999999998,1.0397207705399178,0.2951992515353463,0.00427558119929522,tail
683,0.5,0.0,0.5,17.606249999999996,0.6931471803599453,0.29960757646170666,0.004408324926360341,tail
684,0.25,0.25,0.5,17.624999999999996,1.0397207705399178,0.299868362039123,0.0002607855774163226,tail
685,0.5,0.0,0.5,17.549999999999994,0.6931471803599453,0.30217625625582334,0.002307894216700357,tail
686,0.25,0.25,0.5,17.568749999999994,1.0397207705399178,0.3028868440324432,0.0007105877766198643,tail
687,0.25,0.25,0.5,17.624999999999996,1.0397207705399178,0.3016599301833248,0.0012269138491183829,tail
688,0.5,0.5,0.0,17.624999999999996,0.6931471803599453,0.3016599301833248,0.0,tail
689,0.75,0.0,0.25,17.681249999999995,0.5623351444188083,0.3008175101914151,0.0008424199919097042,tail
690,0.25,0.0,0.75,17.699999999999996,0.5623351444188083,0.30124080295551886,0.0004232927641037443,tail
691,0.5,0.25,0.25,17.756249999999994,1.0397207705399178,0.3018176703833488,0.0005768674278299191,tail
692,0.5,0.25,0.25,17.831249999999997,1.0397207705399178,0.2974635322283401,0.00435413815500868,tail
693,0.5,0.0,0.5,17.906249999999996,0.6931471803599453,0.30265757531595844,0.0051940430876183386,tail
694,0.0,0.25,0.75,17.9625,0.5623351444188083,0.3038718712155809,0.001214295899622464,tail
695,0.5,0.25,0.25,18.018749999999997,1.0397207705399178,0.3041309192916491,0.00025904807606819125,tail
696,0.25,0.5,0.25,18.037499999999998,1.0397207705399178,0.30420173593736866,7.081664571956248e-05,tail
697,0.5,0.0,0.5,17.9625,0.6931471803599453,0.305030135637954,0.0008283997005853472,tail
698,0.25,0.25,0.5,18.018749999999997,1.0397207705399178,0.30597099991328197,0.0009408642753279683,tail
699,0.25,0.5,0.25,18.037499999999998,1.0397207705399178,0.3058354163569468,0.0001355835563351948,tail
700,0.75,0.0,0.25,18.093749999999996,0.5623351444188083,0.30372357960597407,0.0021118367509727065,tail
701,0.5,0.25,0.25,18.112499999999997,1.0397207705399178,0.30360653666622506,0.00011704293974901248,tail
702,0.0,0.5,0.5,18.168749999999996,0.6931471803599453,0.3077942806391691,0.004187743972944025,tail
703,0.5,0.0,0.5,18.187499999999996,0.6931471803599453,0.307865586879743,7.130624057394286e-05,tail
704,0.5,0.25,0.25,18.24375,1.0397207705399178,0.3066658984038385,0.0011996884759045146,tail
705,0.5,0.5,0.0,18.187499999999996,0.6931471803599453,0.30888762250179047,0.0022217240979519604,tail
706,0.25,0.0,0.75,18.187499999999996,0.5623351444188083,0.30888762250179047,0.0,tail
707,0.25,0.5,0.25,18.262499999999996,1.0397207705399178,0.30449369995114445,0.004393922550646023,tail
708,0.5,0.25,0.25,18.28125,1.0397207705399178,0.3086935495095472,0.004199849558402746,tail
709,0.5,0.0,0.5,18.3375,0.6931471803599453,0.30760407899677455,0.001089470512772639,tail
710,0.75,0.0,0.25,18.262499999999996,0.5623351444188083,0.3093872333805932,0.0017831543838186525,tail
711,0.5,0.0,0.5,18.318749999999998,0.6931471803599453,0.30969529955939534,0.0003080661788021355,tail
712,0.5,0.0,0.5,18.393749999999997,0.6931471803599453,0.3080524735924941,0.0016428259669012402,tail
713,0.75,0.25,0.0,18.449999999999996,0.5623351444188083,0.3056701160839303,0.002382357508563804,tail
714,0.0,0.5,0.5,18.468749999999996,0.6931471803599453,0.30554135715182945,0.00012875893210084755,tail
715,0.25,0.0,0.75,18.487499999999997,0.5623351444188083,0.30541364068337745,0.00012771646845199935,tail
716,0.0,0.25,0.75,18.562499999999996,0.5623351444188083,0.3039628228011541,0.001450817882223343,tail
717,0.5,0.25,0.25,18.61875,1.0397207705399178,0.30219652772357475,0.0017662950775793607,tail
718,0.75,0.25,0.0,18.6375,0.5623351444188083,0.30254882485428514,0.0003522971307103884,tail
719,0.75,0.0,0.25,18.7125,0.5623351444188083,0.3014196777758207,0.0011291470784644542,tail
720,0.25,0.5,0.25,18.76875,1.0397207705399178,0.3008331041417039,0.0005865736341167938,tail
721,0.25,0.5,0.25,18.825,1.0397207705399178,0.29853281973527196,0.0023002844064319294,tail
722,0.5,0.25,0.25,18.75,1.0397207705399178,0.2994450156539831,0.0009121959187111672,tail
723,0.25,0.5,0.25,18.80625,1.0397207705399178,0.30013448107603996,0.0006894654220568341,tail
724,1.0,0.0,0.0,18.825,-1.000000082690371e-10,0.3004646579708792,0.0003301768948392181,tail
725,0.5,0.0,0.5,18.84375,0.6931471803599453,0.3044917475162446,0.004027089545365403,tail
726,0.5,0.25,0.25,18.918750000000003,1.0397207705399178,0.3021372174333333,0.0023545300829112548,tail
727,0.25,0.25,0.5,18.975,1.0397207705399178,0.3012304893619801,0.0009067280713532244,tail
728,0.5,0.25,0.25,19.05,1.0397207705399178,0.3055164039931414,0.004285914631161292,tail
729,0.25,0.0,0.75,19.125,0.5623351444188083,0.30125894378263585,0.004257460210505548,tail
730,0.5,0.5,0.0,19.05,0.6931471803599453,0.3022410085923999,0.0009820648097640383,tail
731,0.0,0.5,0.5,19.06875,0.6931471803599453,0.3015478099641607,0.0006931986282391889,tail
732,0.0,0.0,1.0,19.125,-1.000000082690371e-10,0.3000983263786155,0.001449483585545197,tail
733,0.75,0.0,0.25,19.18125,0.5623351444188083,0.29662672260120004,0.003471603777415455,tail
734,0.5,0.25,0.25,19.200000000000003,1.0397207705399178,0.2981867188203703,0.0015599962191702454,tail
735,0.5,0.0,0.5,19.25625,0.6931471803599453,0.2988664711806983,0.0006797523603280231,tail
736,0.75,0.0,0.25,19.2,0.5623351444188083,0.299289952942196,0.00042348176149770156,tail
737,0.5,0.0,0.5,19.275000000000002,0.6931471803599453,0.298463053261057,0.0008268996811390261,tail
738,0.25,0.25,0.5,19.33125,1.0397207705399178,0.29913952034678926,0.0006764670857322685,tail
739,0.25,0.5,0.25,19.387500000000003,1.0397207705399178,0.29820879201673783,0.0009307283300514224,tail
740,0.25,0.0,0.75,19.44375,0.5623351444188083,0.297858262136187,0.0003505298805508428,tail
741,0.75,0.0,0.25,19.387500000000003,0.5623351444188083,0.2981757705765648,0.0003175084403778117,tail
742,0.75,0.0,0.25,19.40625,0.5623351444188083,0.2981188570706264,5.691350593839406e-05,tail
743,0.25,0.25,0.5,19.35,1.0397207705399178,0.30191174645803504,0.0037928893874086267,tail
744,0.5,0.5,0.0,19.406250000000004,0.6931471803599453,0.3025943489673682,0.0006826025093331634,tail
745,0.5,0.25,0.25,19.462500000000002,1.0397207705399178,0.3017303315035813,0.0008640174637868925,tail
746,0.75,0.0,0.25,19.51875,0.5623351444188083,0.30241146085264475,0.0006811293490634474,tail
747,0.25,0.25,0.5,19.5375,1.0397207705399178,0.3055857049893358,0.00317424413669104,tail
748,0.5,0.5,0.0,19.612500000000004,0.6931471803599453,0.3013664654643219,0.004219239525013907,tail
749,0.5,0.25,0.25,19.687500000000004,1.0397207705399178,0.3060552801414223,0.004688814677100417,tail
750,0.0,0.75,0.25,19.706250000000004,0.5623351444188083,0.30537105671797043,0.0006842234234518685,tail
751,0.0,0.5,0.5,19.762500000000003,0.6931471803599453,0.3048638269887535,0.0005072297292169625,tail
752,0.25,0.0,0.75,19.706250000000004,0.5623351444188083,0.30528462899684666,0.0004208020080931907,tail
753,0.5,0.25,0.25,19.762500000000003,1.0397207705399178,0.30679220677555247,0.0015075777787058042,tail
754,0.5,0.25,0.25,19.818750000000005,1.0397207705399178,0.3063178165931927,0.00047439018235978514,tail
755,0.25,0.25,0.5,19.837500000000006,1.0397207705399178,0.3062480190714941,6.97975216985558e-05,tail
756,0.5,0.5,0.0,19.893750000000004,0.6931471803599453,0.3073872129308587,0.0011391938593645623,tail
757,1.0,0.0,0.0,19.9125,-1.000000082690371e-10,0.30670522538771894,0.0006819875431397504,tail
758,0.25,0.25,0.5,19.987500000000004,1.0397207705399178,0.3059305493243558,0.0007746760633631222,tail
759,0.25,0.25,0.5,20.062500000000004,1.0397207705399178,0.3039710407469156,0.0019595085774402055,tail
760,0.75,0.0,0.25,20.062500000000004,0.5623351444188083,0.3039710407469156,0.0,tail
761,0.5,0.25,0.25,20.137500000000003,1.0397207705399178,0.3034771191416804,0.0004939216052352036,tail
762,0.25,0.25,0.5,20.156250000000004,1.0397207705399178,0.3036610159437722,0.0001838968020917986,tail
763,0.0,0.5,0.5,20.175000000000004,0.6931471803599453,0.3036259121465052,3.510379726701096e-05,tail
764,0.5,0.25,0.25,20.231250000000006,1.0397207705399178,0.30140377626135745,0.002222135885147747,tail
765,0.25,0.5,0.25,20.287500000000005,1.0397207705399178,0.30374619141879927,0.002342415157441824,tail
766,0.0,1.0,0.0,20.343750000000004,-1.000000082690371e-10,0.3030469876499377,0.0006992037688615671,tail
767,0.25,0.25,0.5,20.418750000000006,1.0397207705399178,0.3072297459775856,0.0041827583276479174,tail
768,0.0,0.5,0.5,20.493750000000006,0.6931471803599453,0.30984352954136835,0.0026137835637827234,tail
769,0.5,0.0,0.5,20.550000000000004,0.6931471803599453,0.309602569788649,0.00024095975271937187,tail
770,0.0,0.25,0.75,20.606250000000003,0.5623351444188083,0.30402530911475073,0.005577260673898243,tail
771,0.25,0.0,0.75,20.681250000000006,0.5623351444188083,0.3037640772451384,0.000261231869612355,tail
772,0.25,0.25,0.5,20.737500000000004,1.0397207705399178,0.3044135211287189,0.0006494438835805139,tail
773,0.0,0.0,1.0,20.79375000000001,-1.000000082690371e-10,0.30432936977153335,8.415135718553568e-05,tail
774,0.25,0.5,0.25,20.812500000000007,1.0397207705399178,0.30448639589603815,0.0001570261245047999,tail
775,0.25,0.5,0.25,20.737500000000008,1.0397207705399178,0.30465180038312706,0.00016540448708890487,tail
776,0.75,0.0,0.25,20.662500000000005,0.5623351444188083,0.3049466222433075,0.00029482186018042755,tail
777,0.25,0.5,0.25,20.681250000000006,1.0397207705399178,0.3088580629070871,0.003911440663779631,tail
778,0.25,0.25,0.5,20.70000000000001,1.0397207705399178,0.30904331442443206,0.00018525151734494205,tail
779,0.75,0.25,0.0,20.70000000000001,0.5623351444188083,0.30904331442443206,0.0,tail
780,0.25,0.5,0.25,20.718750000000007,1.0397207705399178,0.30914523906682845,0.00010192464239638932,tail
781,0.25,0.25,0.5,20.775000000000006,1.0397207705399178,0.31043401466232534,0.0012887755954968938,tail
782,0.75,0.0,0.25,20.831250000000008,0.5623351444188083,0.31018912178069097,0.00024489288163437317,tail
783,0.5,0.0,0.5,20.887500000000006,0.6931471803599453,0.30976070690274904,0.00042841487794192945,tail
784,0.0,0.0,1.0,20.943750000000005,-1.000000082690371e-10,0.3073043601940494,0.0024563467086996527,tail
785,0.5,0.0,0.5,21.000000000000007,0.6931471803599453,0.3066709142145272,0.0006334459795221958,tail
786,0.25,0.25,0.5,20.943750000000005,1.0397207705399178,0.3066581536429247,1.2760571602488113e-05,tail
787,0.5,0.25,0.25,20.96250000000001,1.0397207705399178,0.30665767960745904,4.740354656584955e-07,tail
788,0.5,0.0,0.5,20.98125000000001,0.6931471803599453,0.3066582978669408,6.182594817771836e-07,tail
789,0.25,0.0,0.75,21.00000000000001,0.5623351444188083,0.30680352641123537,0.00014522854429455112,tail
790,0.25,0.0,0.75,21.018750000000008,0.5623351444188083,0.3061625558120229,0.0006409705992124759,tail
791,0.0,0.25,0.75,20.94375000000001,0.5623351444188083,0.3062182495129443,5.56937009213998e-05,tail
792,0.25,0.0,0.75,20.96250000000001,0.5623351444188083,0.3063758247683587,0.00015757525541437722,tail
793,0.0,0.5,0.5,20.98125000000001,0.6931471803599453,0.30960399573682873,0.0032281709684700566,tail
794,0.5,0.5,0.0,21.05625000000001,0.6931471803599453,0.305584812942887,0.004019182793941756,tail
795,0.75,0.0,0.25,21.000000000000007,0.5623351444188083,0.3056738002756827,8.898733279572024e-05,tail
796,0.75,0.25,0.0,21.056250000000006,0.5623351444188083,0.31296329437943937,0.007289494103756677,tail
797,0.25,0.25,0.5,21.112500000000008,1.0397207705399178,0.31419692636252355,0.0012336319830841824,tail
798,0.25,0.5,0.25,21.13125000000001,1.0397207705399178,0.3142267158543552,2.9789491831633264e-05,tail
799,0.25,0.75,0.0,21.187500000000007,0.5623351444188083,0.3145360936090627,0.00030937775470751827,tail
800,0.5,0.0,0.5,21.243750000000006,0.6931471803599453,0.314358708614946,0.00017738499411668052,tail
801,0.5,0.5,0.0,21.300000000000008,0.6931471803599453,0.3121523222921234,0.0022063863228226066,tail
802,0.25,0.0,0.75,21.31875000000001,0.5623351444188083,0.31311041194731587,0.0009580896551924512,tail
803,0.5,0.5,0.0,21.31875000000001,0.6931471803599453,0.31311041194731587,0.0,tail
804,0.25,0.5,0.25,21.262500000000006,1.0397207705399178,0.3133023277318676,0.00019191578455174385,tail
805,0.5,0.25,0.25,21.318750000000005,1.0397207705399178,0.31107358163707133,0.0022287460947962856,tail
806,0.25,0.5,0.25,21.375000000000007,1.0397207705399178,0.3117356064111626,0.0006620247740912744,tail
807,0.25,0.25,0.5,21.31875000000001,1.0397207705399178,0.31195519409852596,0.000219587687363354,tail
808,1.0,0.0,0.0,21.393750000000008,-1.000000082690371e-10,0.3101965074398968,0.0017586866586291605,tail
809,0.25,0.25,0.5,21.318750000000005,1.0397207705399178,0.3105895516696139,0.00039304422971708775,tail
810,0.5,0.0,0.5,21.375000000000004,0.6931471803599453,0.3129588681550679,0.0023693164854540205,tail
811,0.25,0.25,0.5,21.318750000000005,1.0397207705399178,0.31323640260179675,0.0002775344467288443,tail
812,0.75,0.0,0.25,21.375000000000004,0.5623351444188083,0.31293374447276756,0.00030265812902918743,tail
813,0.25,0.25,0.5,21.431250000000002,1.0397207705399178,0.3126750685479334,0.0002586759248341397,tail
814,0.5,0.0,0.5,21.4875,0.6931471803599453,0.31220907900198763,0.00046598954594578856,tail
815,0.5,0.0,0.5,21.4125,0.6931471803599453,0.31361962631047074,0.0014105473084831122,tail
816,0.5,0.0,0.5,21.468750000000004,0.6931471803599453,0.31140138968348147,0.0022182366269892784,tail
817,0.25,0.0,0.75,21.525000000000002,0.5623351444188083,0.30918885834892657,0.0022125313345549014,tail
818,0.0,0.25,0.75,21.543750000000003,0.5623351444188083,0.3092885128225929,9.965447366633295e-05,tail
819,0.5,0.5,0.0,21.6,0.6931471803599453,0.315740630325293,0.006452117502700083,tail
820,0.25,0.0,0.75,21.656250000000004,0.5623351444188083,0.3150442778372414,0.0006963524880515548,tail
821,0.25,0.75,0.0,21.675000000000004,0.5623351444188083,0.31517237003227705,0.00012809219503562286,tail
822,0.5,0.25,0.25,21.618750000000006,1.0397207705399178,0.31541165363065826,0.0002392835983812125,tail
823,0.0,0.0,1.0,21.543750000000003,-1.000000082690371e-10,0.31650701034664613,0.0010953567159878719,tail
824,0.75,0.25,0.0,21.6,0.5623351444188083,0.315633638260162,0.0008733720864841366,tail
825,0.75,0.0,0.25,21.65625,0.5623351444188083,0.3153292395069862,0.000304398753175783,tail
826,0.25,0.25,0.5,21.58125,1.0397207705399178,0.31586865947965787,0.0005394199726716509,tail
827,0.5,0.0,0.5,21.65625,0.6931471803599453,0.31527969005114603,0.0005889694285118319,tail
828,0.5,0.0,0.5,21.712500000000002,0.6931471803599453,0.31303351110293426,0.0022461789482117744,tail
829,0.25,0.5,0.25,21.637500000000003,1.0397207705399178,0.31353735146606165,0.0005038403631273947,tail
830,0.75,0.0,0.25,21.69375,0.5623351444188083,0.31322390062032324,0.00031345084573841664,tail
831,0.5,0.0,0.5,21.75,0.6931471803599453,0.31250042562204744,0.0007234749982757971,tail
832,0.25,0.25,0.5,21.674999999999997,1.0397207705399178,0.31301176328515606,0.0005113376631086242,tail
833,0.25,0.0,0.75,21.73125,0.5623351444188083,0.3194118373067688,0.006400074021612745,tail
834,0.5,0.5,0.0,21.7875,0.6931471803599453,0.32059727677882355,0.001185439472054739,tail
835,0.25,0.25,0.5,21.84375,1.0397207705399178,0.32179219700559003,0.0011949202267664827,tail
836,0.25,0.5,0.25,21.862499999999997,1.0397207705399178,0.3211106954352578,0.0006815015703322547,tail
837,0.25,0.25,0.5,21.9375,1.0397207705399178,0.31690662901009786,0.004204066425159914,tail
838,0.0,0.5,0.5,21.99375,0.6931471803599453,0.3175856516812644,0.0006790226711665404,tail
839,0.75,0.0,0.25,22.049999999999997,0.5623351444188083,0.31826508202708637,0.000679430345821963,tail
840,0.25,0.5,0.25,22.125,1.0397207705399178,0.31407155570082584,0.004193526326260522,tail
841,0.5,0.25,0.25,22.06875,1.0397207705399178,0.3150664928218505,0.0009949371210246638,tail
842,0.0,0.5,0.5,21.99375,0.6931471803599453,0.3159040142793838,0.0008375214575332968,tail
843,0.75,0.0,0.25,22.049999999999997,0.5623351444188083,0.3153763108913091,0.0005277033880747295,tail
844,0.25,0.5,0.25,22.10625,1.0397207705399178,0.31485070047121594,0.0005256104200931366,tail
845,0.25,0.75,0.0,22.162499999999998,0.5623351444188083,0.31391438121025156,0.00093631926096438,tail
846,0.25,0.25,0.5,22.21875,1.0397207705399178,0.31459655018691757,0.0006821689766660088,tail
847,0.5,0.5,0.0,22.237499999999997,0.6931471803599453,0.3148066332256278,0.00021008303871022926,tail
848,0.5,0.25,0.25,22.3125,1.0397207705399178,0.3140603000263255,0.0007463331993022848,tail
849,0.0,0.25,0.75,22.33125,0.5623351444188083,0.3140049593912395,5.5340635085998624e-05,tail
850,0.0,0.75,0.25,22.40625,0.5623351444188083,0.30983886255184795,0.004166096839391564,tail
851,0.0,0.25,0.75,22.425,0.5623351444188083,0.3112813082370626,0.0014424456852146772,tail
852,0.25,0.5,0.25,22.44375,1.0397207705399178,0.3112231891303179,5.8119106744747295e-05,tail
853,0.75,0.25,0.0,22.36875,0.5623351444188083,0.31346948939623515,0.002246300265917267,tail
854,0.75,0.0,0.25,22.387500000000003,0.5623351444188083,0.31368281162574335,0.000213322229508206,tail
855,0.25,0.25,0.5,22.3125,1.0397207705399178,0.31598495532833565,0.0023021437025922964,tail
856,0.25,0.25,0.5,22.331249999999997,1.0397207705399178,0.31606627184193015,8.131651359449821e-05,tail
857,0.0,0.25,0.75,22.3875,0.5623351444188083,0.31652728393985385,0.00046101209792370756,tail
858,0.0,0.5,0.5,22.4625,0.6931471803599453,0.314374279352974,0.0021530045868798364,tail
859,0.25,0.25,0.5,22.51875,1.0397207705399178,0.31680053176825035,0.002426252415276331,tail
860,0.25,0.0,0.75,22.5375,0.5623351444188083,0.31796615150756097,0.0011656197393106194,tail
861,0.25,0.25,0.5,22.6125,1.0397207705399178,0.3210763373447708,0.0031101858372098445,tail
862,0.25,0.5,0.25,22.6875,1.0397207705399178,0.3201266201755232,0.0009497171692476325,tail
863,0.0,0.5,0.5,22.74375,0.6931471803599453,0.3191817816370924,0.0009448385384308033,tail
864,0.5,0.25,0.25,22.762500000000003,1.0397207705399178,0.3184993488878885,0.0006824327492038762,tail
865,0.5,0.0,0.5,22.81875,0.6931471803599453,0.32412908376784627,0.005629734879957771,tail
866,0.5,0.25,0.25,22.875,1.0397207705399178,0.32362789214715754,0.0005011916206887346,tail
867,0.25,0.5,0.25,22.931250000000002,1.0397207705399178,0.32396990707853196,0.0003420149313744236,tail
868,0.75,0.25,0.0,22.950000000000003,0.5623351444188083,0.3242216038471932,0.0002516967686612137,tail
869,0.25,0.5,0.25,22.950000000000003,1.0397207705399178,0.3242216038471932,0.0,tail
870,0.25,0.0,0.75,23.00625,0.5623351444188083,0.32328770339999957,0.000933900447193603,tail
871,0.25,0.0,0.75,23.081250000000004,0.5623351444188083,0.32254649794551593,0.00074120545448364,tail
872,0.5,0.0,0.5,23.137500000000003,0.6931471803599453,0.32218248541136657,0.0003640125341493605,tail
873,0.5,0.25,0.25,23.156250000000004,1.0397207705399178,0.3215104314696894,0.0006720539416771865,tail
874,0.0,0.5,0.5,23.175000000000004,0.6931471803599453,0.32169995680998476,0.00018952534029537116,tail
875,0.25,0.75,0.0,23.25,0.5623351444188083,0.3199047540900368,0.0017952027199479303,tail
876,0.25,0.75,0.0,23.268750000000004,0.5623351444188083,0.32326254449846986,0.0033577904084330368,tail
877,0.5,0.0,0.5,23.325000000000003,0.6931471803599453,0.3225642017797013,0.0006983427187685631,tail
878,0.25,0.25,0.5,23.343750000000004,1.0397207705399178,0.32252600503981727,3.819673988403327e-05,tail
879,0.25,0.0,0.75,23.268750000000004,0.5623351444188083,0.3229959679397965,0.00046996289997924823,tail
880,0.25,0.25,0.5,23.325000000000003,1.0397207705399178,0.320136234470966,0.0028597334688305054,tail
881,0.0,0.75,0.25,23.400000000000006,0.5623351444188083,0.31981865756397004,0.0003175769069959644,tail
882,0.5,0.0,0.5,23.418750000000003,0.6931471803599453,0.3199784866352192,0.00015982907124917345,tail
883,0.0,0.5,0.5,23.437500000000004,0.6931471803599453,0.32013943168205683,0.0001609450468376128,tail
884,0.25,0.25,0.5,23.456250000000004,1.0397207705399178,0.320225614906286,8.61832242291527e-05,tail
885,0.5,0.5,0.0,23.512500000000003,0.6931471803599453,0.31950494979715693,0.0007206651091290484,tail
886,0.0,0.25,0.75,23.456250000000004,0.5623351444188083,0.3224919738536186,0.0029870240564616735,tail
887,0.0,0.25,0.75,23.531250000000004,0.5623351444188083,0.3183747811936931,0.004117192659925495,tail
888,0.75,0.0,0.25,23.587500000000006,0.5623351444188083,0.31815131790990697,0.00022346328378614055,tail
889,0.25,0.0,0.75,23.643750000000004,0.5623351444188083,0.3175082564538068,0.000643061456100158,tail
890,0.75,0.0,0.25,23.700000000000003,0.5623351444188083,0.31816627835866884,0.0006580219048620273,tail
891,1.0,0.0,0.0,23.756250000000005,-1.000000082690371e-10,0.3180177610317695,0.0001485173268993556,tail
892,0.0,0.25,0.75,23.756250000000005,0.5623351444188083,0.3180177610317695,0.0,tail
893,0.0,0.5,0.5,23.775000000000006,0.6931471803599453,0.31808709667586843,6.933564409894455e-05,tail
894,0.5,0.25,0.25,23.793750000000006,1.0397207705399178,0.3182492559968184,0.00016215932094998387,tail
895,0.5,0.25,0.25,23.868750000000006,1.0397207705399178,0.3141999037916107,0.00404935220520769,tail
896,0.25,0.25,0.5,23.88750000000001,1.0397207705399178,0.3141822528850903,1.7650906520449983e-05,tail
897,0.0,0.75,0.25,23.906250000000007,0.5623351444188083,0.3135297456885969,0.0006525071964934015,tail
898,0.0,1.0,0.0,23.962500000000006,-1.000000082690371e-10,0.3141822528850903,0.0006525071964934015,tail
899,0.5,0.5,0.0,24.03750000000001,0.6931471803599453,0.31405356829324743,0.00012868459184284253,tail
900,0.25,0.25,0.5,24.093750000000007,1.0397207705399178,0.31469826490185965,0.0006446966086122163,tail
901,0.25,0.0,0.75,24.150000000000006,0.5623351444188083,0.3169884607003628,0.0022901957985031474,tail
902,0.25,0.25,0.5,24.16875000000001,1.0397207705399178,0.31698146776365943,6.9929367033649825e-06,tail
903,0.0,0.75,0.25,24.225000000000012,0.5623351444188083,0.3147943862710025,0.0021870814926569504,tail
904,0.5,0.25,0.25,24.30000000000001,1.0397207705399178,0.3149952957704412,0.00020090949943873948,tail
905,0.0,0.0,1.0,24.375000000000014,-1.000000082690371e-10,0.315349069821489,0.000353774051047806,tail
906,0.5,0.25,0.25,24.431250000000013,1.0397207705399178,0.31560130300980355,0.00025223318831452124,tail
907,0.0,1.0,0.0,24.48750000000001,-1.000000082690371e-10,0.31589715831670334,0.0002958553068997949,tail
908,0.5,0.25,0.25,24.506250000000016,1.0397207705399178,0.3159470931912283,4.993487452498169e-05,tail
909,0.75,0.25,0.0,24.525000000000013,0.5623351444188083,0.31577358898190067,0.0001735042093276573,tail
910,0.5,0.0,0.5,24.600000000000016,0.6931471803599453,0.3203459553789886,0.0045723663970879125,tail
911,0.5,0.25,0.25,24.65625000000001,1.0397207705399178,0.32209971133490445,0.00175375595591587,tail
912,0.0,0.75,0.25,24.67500000000001,0.5623351444188083,0.32286349715167256,0.0007637858167681144,tail
913,0.5,0.0,0.5,24.693750000000012,0.6931471803599453,0.3236882638728,0.0008247667211274123,tail
914,0.5,0.5,0.0,24.750000000000014,0.6931471803599453,0.32828379400900376,0.004595530136203785,tail
915,0.5,0.0,0.5,24.806250000000013,0.6931471803599453,0.32840631901426587,0.00012252500526210852,tail
916,1.0,0.0,0.0,24.86250000000001,-1.000000082690371e-10,0.32857875387786173,0.00017243486359586058,tail
917,0.5,0.25,0.25,24.937500000000014,1.0397207705399178,0.33078894501654343,0.0022101911386817052,tail
918,0.25,0.25,0.5,25.012500000000017,1.0397207705399178,0.3330465411025719,0.0022575960860284905,tail
919,0.0,0.25,0.75,25.012500000000017,0.5623351444188083,0.3330465411025719,0.0,tail
920,0.25,0.25,0.5,24.95625000000002,1.0397207705399178,0.3328975744716554,0.00014896663091651385,tail
921,0.5,0.0,0.5,24.975000000000016,0.6931471803599453,0.3328954671013635,2.107370291937194e-06,tail
922,0.0,0.75,0.25,25.031250000000014,0.5623351444188083,0.33290850077888134,1.3033677517870768e-05,tail
923,0.25,0.25,0.5,25.106250000000017,1.0397207705399178,0.3289693629214906,0.003939137857390751,tail
924,0.25,0.75,0.0,25.162500000000016,0.5623351444188083,0.329605123917038,0.0006357609955474075,tail
925,0.5,0.5,0.0,25.218750000000014,0.6931471803599453,0.32989505106405503,0.0002899271470170328,tail
926,0.75,0.25,0.0,25.14375000000001,0.5623351444188083,0.3296744471368342,0.00022060392722084154,tail
927,0.25,0.25,0.5,25.162500000000016,1.0397207705399178,0.3290428356638504,0.0006316114729837952,tail
928,0.0,0.5,0.5,25.181250000000016,0.6931471803599453,0.32916529226978486,0.00012245660593446228,tail
929,0.25,0.25,0.5,25.23750000000001,1.0397207705399178,0.3292795176022726,0.00011422533248772737,tail
930,0.0,0.25,0.75,25.181250000000016,0.5623351444188083,0.32907837152395714,0.00020114607831545062,tail
931,0.0,0.5,0.5,25.256250000000016,0.6931471803599453,0.33334701770595926,0.004268646182002123,tail
932,0.75,0.0,0.25,25.312500000000018,0.5623351444188083,0.3311901105294605,0.0021569071764987457,tail
933,0.5,0.25,0.25,25.312500000000018,1.0397207705399178,0.3311901105294605,0.0,tail
934,0.25,0.5,0.25,25.368750000000016,1.0397207705399178,0.33060600489334896,0.0005841056361115537,tail
935,0.5,0.25,0.25,25.443750000000016,1.0397207705399178,0.32667630310319423,0.003929701790154727,tail
936,0.25,0.25,0.5,25.46250000000002,1.0397207705399178,0.32680217753159213,0.00012587442839789853,tail
937,0.25,0.5,0.25,25.53750000000002,1.0397207705399178,0.32700373693455076,0.00020155940295862873,tail
938,0.5,0.5,0.0,25.55625000000002,0.6931471803599453,0.32637811473659856,0.0006256221979522025,tail
939,0.5,0.25,0.25,25.61250000000002,1.0397207705399178,0.32691669774971843,0.0005385830131198754,tail
940,0.25,0.25,0.5,25.668750000000017,1.0397207705399178,0.3272269674509337,0.0003102697012152822,tail
941,0.0,0.5,0.5,25.68750000000002,0.6931471803599453,0.33082754488894983,0.003600577438016117,tail
942,0.0,0.75,0.25,25.70625000000002,0.5623351444188083,0.33153652655869525,0.0007089816697454232,tail
943,0.25,0.25,0.5,25.762500000000017,1.0397207705399178,0.33343280620290083,0.0018962796442055785,tail
944,0.25,0.5,0.25,25.83750000000002,1.0397207705399178,0.3296190229491771,0.0038137832537237237,tail
945,0.75,0.25,0.0,25.89375000000002,0.5623351444188083,0.33180337894307166,0.002184355993894549,tail
946,0.5,0.25,0.25,25.89375000000002,1.0397207705399178,0.33180337894307166,0.0,tail
947,0.25,0.75,0.0,25.96875000000002,0.5623351444188083,0.33229851349398215,0.0004951345509104921,tail
948,0.5,0.0,0.5,26.02500000000002,0.6931471803599453,0.3319613157415121,0.000337197752470042,tail
949,0.5,0.25,0.25,26.08125000000002,1.0397207705399178,0.33231124349665536,0.00034992775514325336,tail
950,0.75,0.25,0.0,26.137500000000017,0.5623351444188083,0.3329118741462415,0.0006006306495861535,tail
951,0.5,0.0,0.5,26.156250000000018,0.6931471803599453,0.33271515123219375,0.00019672291404776443,tail
952,0.75,0.0,0.25,26.212500000000023,0.5623351444188083,0.33240312583215464,0.0003120254000391065,tail
953,0.25,0.0,0.75,26.287500000000023,0.5623351444188083,0.33316166783974094,0.0007585420075862936,tail
954,0.25,0.25,0.5,26.34375000000002,1.0397207705399178,0.33367011811227804,0.0005084502725370976,tail
955,0.0,0.5,0.5,26.362500000000022,0.6931471803599453,0.33373002638926835,5.990827699031698e-05,tail
956,0.25,0.25,0.5,26.381250000000023,1.0397207705399178,0.3338055962809044,7.556989163604033e-05,tail
957,0.0,0.5,0.5,26.43750000000002,0.6931471803599453,0.33358471112968563,0.00022088515121876373,tail
958,0.5,0.25,0.25,26.49375000000002,1.0397207705399178,0.33416768748862513,0.0005829763589395021,tail
959,0.25,0.25,0.5,26.512500000000024,1.0397207705399178,0.33460490472903226,0.0004372172404071284,tail
960,0.25,0.25,0.5,26.512500000000024,1.0397207705399178,0.33460490472903226,0.0,tail
961,0.5,0.5,0.0,26.587500000000023,0.6931471803599453,0.3355369826837205,0.0009320779546882485,tail
962,0.5,0.25,0.25,26.662500000000023,1.0397207705399178,0.33508555107443266,0.00045143160928784454,tail
963,0.0,0.75,0.25,26.681250000000027,0.5623351444188083,0.33517941596035494,9.386488592227904e-05,tail
964,0.0,0.25,0.75,26.737500000000026,0.5623351444188083,0.33503381659009485,0.00014559937026009662,tail
965,0.75,0.0,0.25,26.81250000000002,0.5623351444188083,0.33154145260669027,0.0034923639834045783,tail
966,0.5,0.5,0.0,26.88750000000002,0.6931471803599453,0.328080733332793,0.0034607192738972947,tail
967,0.25,0.5,0.25,26.943750000000023,1.0397207705399178,0.3279930838974869,8.764943530609193e-05,tail
968,0.5,0.0,0.5,26.887500000000024,0.6931471803599453,0.3264121601674531,0.0015809237300337675,tail
969,0.75,0.0,0.25,26.887500000000024,0.5623351444188083,0.3264121601674531,0.0,tail
970,0.25,0.0,0.75,26.943750000000023,0.5623351444188083,0.32842712670983426,0.002014966542381147,tail
971,0.0,0.25,0.75,26.962500000000027,0.5623351444188083,0.3284667015444225,3.957483458821853e-05,tail
972,0.5,0.5,0.0,27.037500000000026,0.6931471803599453,0.32966457631696394,0.001197874772541463,tail
973,0.0,0.5,0.5,27.093750000000025,0.6931471803599453,0.33156834119444034,0.0019037648774763993,tail
974,0.25,0.25,0.5,27.112500000000026,1.0397207705399178,0.3315796897337094,1.1348539269040447e-05,tail
975,0.5,0.25,0.25,27.168750000000024,1.0397207705399178,0.33153573121031954,4.3958523389842075e-05,tail
976,0.75,0.25,0.0,27.18750000000003,0.5623351444188083,0.3310038781697152,0.0005318530406043243,tail
977,0.5,0.0,0.5,27.262500000000028,0.6931471803599453,0.33272753675967714,0.0017236585899619294,tail
978,0.25,0.0,0.75,27.28125000000003,0.5623351444188083,0.33270876732456645,1.8769435110699284e-05,tail
979,0.5,0.25,0.25,27.300000000000033,1.0397207705399178,0.3321851041789895,0.0005236631455769469,tail
980,0.0,0.75,0.25,27.35625000000003,0.5623351444188083,0.33271025829135586,0.0005251541123663661,tail
981,0.25,0.75,0.0,27.37500000000003,0.5623351444188083,0.33285476410717646,0.00014450581582059474,tail
982,0.0,0.25,0.75,27.37500000000003,0.5623351444188083,0.33285476410717646,0.0,tail
983,0.25,0.75,0.0,27.393750000000033,0.5623351444188083,0.3328406435053633,1.4120601813161215e-05,tail
984,0.25,0.75,0.0,27.393750000000033,0.5623351444188083,0.3328406435053633,0.0,tail
985,0.0,0.0,1.0,27.41250000000003,-1.000000082690371e-10,0.3359630872289841,0.0031224437236208047,tail
986,0.75,0.0,0.25,27.46875000000003,0.5623351444188083,0.33687391411459494,0.0009108268856108381,tail
987,0.5,0.0,0.5,27.487500000000033,0.6931471803599453,0.336798424895169,7.548921942596154e-05,tail
988,0.0,0.0,1.0,27.412500000000033,-1.000000082690371e-10,0.3353613891428001,0.0014370357523688648,tail
989,0.0,0.25,0.75,27.468750000000032,0.5623351444188083,0.3353521542722877,9.23487051240901e-06,tail
990,0.25,0.0,0.75,27.487500000000033,0.5623351444188083,0.3354837040812976,0.00013154980900986768,tail
991,0.25,0.5,0.25,27.543750000000035,1.0397207705399178,0.3356399061466259,0.00015620206532834802,tail
992,0.5,0.25,0.25,27.600000000000033,1.0397207705399178,0.3374994948958225,0.0018595887491965613,tail
993,0.25,0.25,0.5,27.656250000000036,1.0397207705399178,0.3385344432007459,0.0010349483049233998,tail
994,0.0,0.25,0.75,27.712500000000034,0.5623351444188083,0.33864518189454407,0.00011073869379818468,tail
995,0.25,0.5,0.25,27.731250000000035,1.0397207705399178,0.3411594665976637,0.0025142847031196514,tail
996,0.25,0.25,0.5,27.787500000000033,1.0397207705399178,0.34223438381923454,0.0010749172215708258,tail
997,0.0,0.5,0.5,27.712500000000034,0.6931471803599453,0.34058630904523,0.0016480747740045265,tail
998,0.5,0.0,0.5,27.712500000000034,0.6931471803599453,0.34058630904523,0.0,tail
999,0.5,0.0,0.5,27.768750000000033,0.6931471803599453,0.34066538481250724,7.907576727722576e-05,tail
1000,0.25,0.75,0.0,27.693750000000033,0.5623351444188083,0.339084766559743,0.001580618252764232,tail
