round,p_aggressive,p_defensive,p_balanced,avg_reward,strategy_entropy,personality_norm,personality_velocity,phase
1,0.5,0.5,0.0,0.05624999999999997,0.6931471803599453,0.0027252078475778893,0.0027252078475778893,burn-in
2,0.5,0.25,0.25,-0.018750000000000044,1.0397207705399178,0.008017376148871942,0.005292168301294053,burn-in
3,0.5,0.25,0.25,0.03749999999999992,1.0397207705399178,0.008599827396523776,0.0005824512476518343,burn-in
4,0.0,0.75,0.25,0.09374999999999983,0.5623351444188083,0.006789597396937505,0.0018102299995862714,burn-in
5,0.75,0.0,0.25,0.16874999999999996,0.5623351444188083,0.005455519710577561,0.001334077686359944,burn-in
6,0.25,0.75,0.0,0.16874999999999996,0.5623351444188083,0.005455519710577561,0.0,burn-in
7,0.5,0.25,0.25,0.1875,1.0397207705399178,0.007207987106328655,0.001752467395751094,burn-in
8,0.5,0.0,0.5,0.26249999999999996,0.6931471803599453,0.008415132389035851,0.001207145282707196,burn-in
9,0.25,0.5,0.25,0.3187499999999999,1.0397207705399178,0.0074128398952425885,0.0010022924937932625,burn-in
10,0.25,0.5,0.25,0.3374999999999999,1.0397207705399178,0.004339588834209979,0.0030732510610326095,burn-in
11,0.75,0.25,0.0,0.3562499999999998,0.5623351444188083,0.004626266718424264,0.00028667788421428506,burn-in
12,0.0,0.25,0.75,0.3749999999999998,0.5623351444188083,0.0049002750241695665,0.0002740083057453024,burn-in
13,0.5,0.5,0.0,0.4312499999999998,0.6931471803599453,0.004246321937865763,0.0006539530863038032,burn-in
14,0.25,0.25,0.5,0.4874999999999998,1.0397207705399178,0.005722249612259135,0.001475927674393372,burn-in
15,0.0,0.5,0.5,0.41249999999999976,0.6931471803599453,0.005290948934265046,0.0004313006779940896,burn-in
16,0.5,0.0,0.5,0.4687499999999998,0.6931471803599453,0.004611996076808827,0.0006789528574562189,burn-in
17,0.5,0.0,0.5,0.5249999999999998,0.6931471803599453,0.0038961118438771676,0.0007158842329316592,burn-in
18,0.25,0.5,0.25,0.5437499999999997,1.0397207705399178,0.0037201940473582766,0.00017591779651889104,burn-in
19,0.5,0.5,0.0,0.5624999999999998,0.6931471803599453,0.0037631280621977124,4.2934014839435784e-05,burn-in
20,0.5,0.25,0.25,0.5062499999999998,1.0397207705399178,0.004669967210805692,0.0009068391486079797,burn-in
21,0.5,0.25,0.25,0.5812499999999996,1.0397207705399178,0.005965722399676385,0.0012957551888706934,burn-in
22,0.25,0.75,0.0,0.6374999999999997,0.5623351444188083,0.003834974739160665,0.0021307476605157204,burn-in
23,0.25,0.5,0.25,0.6937499999999996,1.0397207705399178,0.006025094008602754,0.002190119269442089,burn-in
24,0.25,0.25,0.5,0.6187499999999998,1.0397207705399178,0.011746550357977545,0.005721456349374791,burn-in
25,0.25,0.0,0.75,0.6749999999999997,0.5623351444188083,0.009602500081359131,0.0021440502766184137,burn-in
26,0.25,0.25,0.5,0.5999999999999996,1.0397207705399178,0.015815988992551322,0.006213488911192191,burn-in
27,0.5,0.25,0.25,0.6749999999999997,1.0397207705399178,0.01022658338901622,0.0055894056035351025,burn-in
28,0.25,0.5,0.25,0.7499999999999998,1.0397207705399178,0.007508133610458839,0.0027184497785573804,burn-in
29,0.5,0.25,0.25,0.8062499999999997,1.0397207705399178,0.004031128874149347,0.0034770047363094922,burn-in
30,0.0,0.75,0.25,0.8249999999999997,0.5623351444188083,0.003949015897980211,8.211297616913561e-05,burn-in
31,0.5,0.0,0.5,0.8437499999999996,0.6931471803599453,0.0035061330194389724,0.0004428828785412388,burn-in
32,0.75,0.0,0.25,0.8999999999999997,0.5623351444188083,0.002817530223883971,0.0006886027955550012,burn-in
33,0.0,0.25,0.75,0.9562499999999997,0.5623351444188083,0.0022325713874364046,0.0005849588364475666,burn-in
34,0.5,0.25,0.25,0.9749999999999995,1.0397207705399178,0.0031408970653302956,0.000908325677893891,burn-in
35,0.5,0.25,0.25,0.8999999999999995,1.0397207705399178,0.009409415995427238,0.006268518930096943,burn-in
36,0.5,0.25,0.25,0.9562499999999996,1.0397207705399178,0.007268833297029285,0.0021405826983979534,burn-in
37,0.5,0.25,0.25,0.9749999999999995,1.0397207705399178,0.007810124638890349,0.0005412913418610648,burn-in
38,0.75,0.0,0.25,1.0499999999999998,0.5623351444188083,0.0071718579792827315,0.0006382666596076178,burn-in
39,0.5,0.0,0.5,1.1062499999999995,0.6931471803599453,0.007169202252517486,2.6557267652459193e-06,burn-in
40,0.0,0.0,1.0,1.1249999999999996,-1.000000082690371e-10,0.0076641540832959685,0.0004949518307784829,burn-in
41,0.25,0.0,0.75,1.1999999999999995,0.5623351444188083,0.002362838930714491,0.005301315152581478,burn-in
42,0.5,0.25,0.25,1.2562499999999996,1.0397207705399178,0.001826454899525477,0.000536384031189014,burn-in
43,0.5,0.0,0.5,1.3124999999999996,0.6931471803599453,0.010500232512306727,0.00867377761278125,burn-in
44,0.5,0.0,0.5,1.3687499999999995,0.6931471803599453,0.008775799019889991,0.001724433492416735,burn-in
45,0.25,0.5,0.25,1.3874999999999997,1.0397207705399178,0.013275108874318266,0.004499309854428275,burn-in
46,0.25,0.25,0.5,1.4062499999999996,1.0397207705399178,0.01363732240947629,0.0003622135351580239,burn-in
47,0.5,0.0,0.5,1.4624999999999995,0.6931471803599453,0.014403131441200725,0.0007658090317244348,burn-in
48,0.5,0.5,0.0,1.4812499999999997,0.6931471803599453,0.018933064662119723,0.004529933220918998,burn-in
49,0.75,0.25,0.0,1.5374999999999996,0.5623351444188083,0.01635366573012012,0.0025793989319996026,burn-in
50,0.25,0.5,0.25,1.5374999999999996,1.0397207705399178,0.01635366573012012,0.0,burn-in
51,0.25,0.25,0.5,1.5562499999999997,1.0397207705399178,0.02088603750116347,0.004532371771043351,burn-in
52,0.5,0.25,0.25,1.6124999999999994,1.0397207705399178,0.030308649884356623,0.009422612383193151,burn-in
53,0.5,0.5,0.0,1.6312499999999994,0.6931471803599453,0.030695247876300204,0.00038659799194358177,burn-in
54,0.5,0.25,0.25,1.6874999999999993,1.0397207705399178,0.031463427429716126,0.0007681795534159215,burn-in
55,0.0,0.25,0.75,1.7437499999999992,0.5623351444188083,0.029571632442469447,0.001891794987246679,burn-in
56,0.0,0.25,0.75,1.8187499999999994,0.5623351444188083,0.02485467527071132,0.004716957171758126,burn-in
57,0.25,0.5,0.25,1.7437499999999997,1.0397207705399178,0.028953980862957574,0.004099305592246253,burn-in
58,0.5,0.25,0.25,1.7437499999999997,1.0397207705399178,0.028953980862957574,0.0,burn-in
59,0.25,0.5,0.25,1.7624999999999997,1.0397207705399178,0.02818715354554291,0.0007668273174146652,burn-in
60,0.25,0.5,0.25,1.8187499999999994,1.0397207705399178,0.022632854299668142,0.005554299245874767,burn-in
61,0.5,0.5,0.0,1.8749999999999996,0.6931471803599453,0.02013996435107334,0.0024928899485948015,burn-in
62,0.5,0.5,0.0,1.8937499999999992,0.6931471803599453,0.022285895378299423,0.0021459310272260827,burn-in
63,0.5,0.5,0.0,1.8374999999999997,0.6931471803599453,0.02413829377902485,0.0018523984007254267,burn-in
64,0.0,0.25,0.75,1.7812499999999996,0.5623351444188083,0.02603363209388987,0.0018953383148650194,burn-in
65,0.25,0.25,0.5,1.7249999999999996,1.0397207705399178,0.02821037389529808,0.00217674180140821,burn-in
66,0.75,0.0,0.25,1.7812499999999996,0.5623351444188083,0.0264107614489343,0.0017996124463637783,burn-in
67,0.5,0.25,0.25,1.8374999999999995,1.0397207705399178,0.02471076830680327,0.0016999931421310295,burn-in
68,0.25,0.25,0.5,1.9124999999999992,1.0397207705399178,0.030550499305453508,0.005839730998650237,burn-in
69,0.25,0.25,0.5,1.9687499999999993,1.0397207705399178,0.03131605518739575,0.0007655558819422391,burn-in
70,0.0,1.0,0.0,2.0249999999999995,-1.000000082690371e-10,0.029174665941746687,0.0021413892456490606,burn-in
71,0.0,0.5,0.5,2.081249999999999,0.6931471803599453,0.03189680626645897,0.002722140324712286,burn-in
72,0.0,0.75,0.25,2.1374999999999993,0.5623351444188083,0.03461942926757342,0.002722623001114449,burn-in
73,0.25,0.5,0.25,2.212499999999999,1.0397207705399178,0.03185006684157058,0.0027693624260028415,burn-in
74,0.5,0.0,0.5,2.2312499999999993,0.6931471803599453,0.034122410043657785,0.002272343202087204,burn-in
75,0.25,0.25,0.5,2.3062499999999986,1.0397207705399178,0.039962128067553164,0.005839718023895379,burn-in
76,0.75,0.0,0.25,2.381249999999999,0.5623351444188083,0.035233969648444614,0.00472815841910855,burn-in
77,0.5,0.0,0.5,2.381249999999999,0.6931471803599453,0.035233969648444614,0.0,burn-in
78,0.5,0.25,0.25,2.381249999999999,1.0397207705399178,0.035233969648444614,0.0,burn-in
79,1.0,0.0,0.0,2.456249999999999,-1.000000082690371e-10,0.03228128025168009,0.0029526893967645254,burn-in
80,0.25,0.25,0.5,2.3999999999999995,1.0397207705399178,0.033379505781991656,0.0010982255303115668,burn-in
81,0.5,0.5,0.0,2.4749999999999988,0.6931471803599453,0.02869839117877535,0.004681114603216307,burn-in
82,0.75,0.25,0.0,2.5499999999999994,0.5623351444188083,0.024044961140538522,0.004653430038236827,burn-in
83,0.25,0.25,0.5,2.568749999999999,1.0397207705399178,0.02636855667741431,0.002323595536875788,burn-in
84,0.25,0.5,0.25,2.6249999999999996,1.0397207705399178,0.024884812763008864,0.0014837439144054464,burn-in
85,0.75,0.0,0.25,2.699999999999999,0.5623351444188083,0.030694118430898303,0.005809305667889439,burn-in
86,0.25,0.25,0.5,2.6249999999999987,1.0397207705399178,0.033677990308954256,0.0029838718780559534,burn-in
87,0.0,0.5,0.5,2.6812499999999995,0.6931471803599453,0.031096953352579646,0.00258103695637461,burn-in
88,0.5,0.25,0.25,2.737499999999999,1.0397207705399178,0.029581273769270198,0.0015156795833094483,burn-in
89,0.25,0.5,0.25,2.812499999999999,1.0397207705399178,0.026768776266622787,0.0028124975026474104,burn-in
90,0.25,0.25,0.5,2.7562499999999996,1.0397207705399178,0.027961957974183615,0.0011931817075608274,burn-in
91,0.25,0.5,0.25,2.8124999999999987,1.0397207705399178,0.030666314606788234,0.0027043566326046195,burn-in
92,0.5,0.5,0.0,2.831249999999999,0.6931471803599453,0.029903164025735004,0.0007631505810532305,burn-in
93,0.25,0.25,0.5,2.8874999999999993,1.0397207705399178,0.03261004506379154,0.002706881038056535,burn-in
94,0.0,0.5,0.5,2.9062499999999987,0.6931471803599453,0.035262007595817886,0.0026519625320263474,burn-in
95,0.25,0.25,0.5,2.849999999999999,1.0397207705399178,0.037288740865206504,0.0020267332693886184,burn-in
96,0.5,0.25,0.25,2.9249999999999985,1.0397207705399178,0.0335007724957577,0.0037879683694488075,burn-in
97,0.25,0.25,0.5,2.849999999999999,1.0397207705399178,0.036778754163409644,0.003277981667651947,burn-in
98,0.5,0.0,0.5,2.924999999999999,0.6931471803599453,0.03205337650408329,0.004725377659326353,burn-in
99,0.25,0.0,0.75,2.981249999999999,0.5623351444188083,0.03022266003659367,0.0018307164674896195,burn-in
100,0.5,0.25,0.25,3.0562499999999995,1.0397207705399178,0.026756625201760968,0.0034660348348327027,burn-in
101,0.5,0.25,0.25,2.999999999999999,1.0397207705399178,0.028434907162016784,0.001678281960255816,tail
102,0.25,0.5,0.25,3.0562499999999995,1.0397207705399178,0.0311458890746438,0.002710981912627017,tail
103,0.25,0.5,0.25,3.131249999999999,1.0397207705399178,0.028052058190977894,0.0030938308836659066,tail
104,0.25,0.0,0.75,3.187499999999999,0.5623351444188083,0.026946217411957966,0.0011058407790199287,tail
105,0.0,0.25,0.75,3.2437499999999995,0.5623351444188083,0.026421685577381376,0.0005245318345765901,tail
106,0.5,0.25,0.25,3.262499999999999,1.0397207705399178,0.026396706855448888,2.4978721932487902e-05,tail
107,0.25,0.25,0.5,3.2812499999999987,1.0397207705399178,0.026384402944732363,1.230391071652473e-05,tail
108,0.25,0.75,0.0,3.2249999999999988,0.5623351444188083,0.027860720137184356,0.0014763171924519931,tail
109,0.25,0.5,0.25,3.281249999999999,1.0397207705399178,0.030500448254902952,0.002639728117718596,tail
110,0.0,0.5,0.5,3.2999999999999994,0.6931471803599453,0.03126138854981515,0.0007609402949122004,tail
111,0.5,0.25,0.25,3.2437499999999995,1.0397207705399178,0.0328906658253906,0.0016292772755754498,tail
112,0.75,0.0,0.25,3.2999999999999994,0.5623351444188083,0.03161451468965664,0.001276151135733962,tail
113,0.25,0.5,0.25,3.2999999999999994,1.0397207705399178,0.03161451468965664,0.0,tail
114,0.5,0.25,0.25,3.356249999999999,1.0397207705399178,0.02907278043978617,0.002541734249870472,tail
115,0.5,0.25,0.25,3.412499999999999,1.0397207705399178,0.02982764617871337,0.0007548657389272011,tail
116,0.25,0.5,0.25,3.468749999999999,1.0397207705399178,0.027291611005032516,0.0025360351736808534,tail
117,0.5,0.5,0.0,3.5437499999999993,0.6931471803599453,0.024928883223080935,0.002362727781951582,tail
118,0.5,0.25,0.25,3.5999999999999988,1.0397207705399178,0.019125638265493326,0.005803244957587609,tail
119,1.0,0.0,0.0,3.6562499999999987,-1.000000082690371e-10,0.019115295740584275,1.0342524909050244e-05,tail
120,0.0,0.5,0.5,3.6749999999999994,0.6931471803599453,0.019563398541664567,0.0004481028010802912,tail
121,0.25,0.5,0.25,3.693749999999999,1.0397207705399178,0.018883612480468413,0.000679786061196154,tail
122,0.5,0.5,0.0,3.749999999999999,0.6931471803599453,0.01854389324177909,0.000339719238689324,tail
123,0.25,0.25,0.5,3.7687499999999994,1.0397207705399178,0.018598450036226184,5.455679444709566e-05,tail
124,0.5,0.25,0.25,3.693749999999999,1.0397207705399178,0.020730883513492792,0.0021324334772666077,tail
125,0.75,0.0,0.25,3.768749999999999,0.5623351444188083,0.026478838838778593,0.005747955325285801,tail
126,0.5,0.25,0.25,3.768749999999999,1.0397207705399178,0.026478838838778593,0.0,tail
127,0.25,0.25,0.5,3.8437499999999987,1.0397207705399178,0.024025295913890514,0.002453542924888079,tail
128,0.5,0.5,0.0,3.899999999999999,0.6931471803599453,0.023508496635525237,0.0005167992783652771,tail
129,0.75,0.25,0.0,3.9187499999999993,0.5623351444188083,0.027536339626028795,0.004027842990503558,tail
130,0.25,0.5,0.25,3.937499999999999,1.0397207705399178,0.02684316792151222,0.0006931717045165764,tail
131,0.75,0.0,0.25,3.956249999999999,0.5623351444188083,0.026154215123952804,0.000688952797559414,tail
132,0.5,0.0,0.5,3.974999999999999,0.6931471803599453,0.026468307257218073,0.0003140921332652688,tail
133,0.25,0.25,0.5,4.031249999999999,1.0397207705399178,0.025809302919441682,0.0006590043377763914,tail
134,0.5,0.5,0.0,4.049999999999998,0.6931471803599453,0.02513646349180807,0.0006728394276336105,tail
135,0.25,0.5,0.25,4.106249999999999,1.0397207705399178,0.02754461934185154,0.0024081558500434683,tail
136,0.25,0.5,0.25,4.162499999999999,1.0397207705399178,0.02525839124182299,0.002286228100028549,tail
137,0.5,0.0,0.5,4.106249999999999,0.6931471803599453,0.025769201730214745,0.0005108104883917546,tail
138,0.25,0.5,0.25,4.162499999999999,1.0397207705399178,0.019932699265277652,0.005836502464937093,tail
139,0.25,0.75,0.0,4.218749999999998,0.5623351444188083,0.019860917770523547,7.178149475410567e-05,tail
140,0.75,0.0,0.25,4.143749999999999,0.5623351444188083,0.020381014258066307,0.0005200964875427608,tail
141,0.0,0.5,0.5,4.199999999999999,0.6931471803599453,0.018056281368958576,0.0023247328891077314,tail
142,0.0,0.75,0.25,4.256249999999999,0.5623351444188083,0.018740283940951948,0.0006840025719933723,tail
143,0.5,0.0,0.5,4.181249999999999,0.6931471803599453,0.021475344693101125,0.0027350607521491772,tail
144,0.25,0.0,0.75,4.256249999999998,0.5623351444188083,0.027243889079709385,0.00576854438660826,tail
145,0.25,0.5,0.25,4.274999999999998,1.0397207705399178,0.027595165592228462,0.00035127651251907685,tail
146,0.25,0.0,0.75,4.331249999999998,0.5623351444188083,0.025043711785596154,0.0025514538066323082,tail
147,0.5,0.0,0.5,4.349999999999997,0.6931471803599453,0.02613002717779889,0.0010863153922027365,tail
148,0.5,0.25,0.25,4.368749999999998,1.0397207705399178,0.026517480231208056,0.0003874530534091654,tail
149,0.5,0.25,0.25,4.424999999999998,1.0397207705399178,0.02397492179340755,0.0025425584378005045,tail
150,0.5,0.25,0.25,4.443749999999997,1.0397207705399178,0.02364778580411932,0.00032713598928823043,tail
151,0.25,0.75,0.0,4.462499999999998,0.5623351444188083,0.024035150853749774,0.00038736504963045315,tail
152,0.0,0.75,0.25,4.481249999999997,0.5623351444188083,0.02711770855340678,0.0030825576996570056,tail
153,0.5,0.25,0.25,4.537499999999997,1.0397207705399178,0.024809902256962,0.002307806296444781,tail
154,0.75,0.25,0.0,4.5937499999999964,0.5623351444188083,0.022727216441691796,0.002082685815270203,tail
155,0.5,0.0,0.5,4.649999999999997,0.6931471803599453,0.021221396189930655,0.0015058202517611412,tail
156,0.0,0.5,0.5,4.706249999999997,0.6931471803599453,0.020420458300133726,0.0008009378897969287,tail
157,0.25,0.5,0.25,4.7624999999999975,1.0397207705399178,0.02111690858352617,0.0006964502833924427,tail
158,0.25,0.5,0.25,4.781249999999997,1.0397207705399178,0.021056773145771902,6.013543775426622e-05,tail
159,0.0,1.0,0.0,4.837499999999997,-1.000000082690371e-10,0.02174964080163168,0.000692867655859776,tail
160,0.5,0.25,0.25,4.893749999999996,1.0397207705399178,0.0194417449142946,0.0023078958873370796,tail
161,0.25,0.5,0.25,4.818749999999998,1.0397207705399178,0.02174131022529474,0.0022995653110001422,tail
162,0.0,0.25,0.75,4.874999999999997,0.5623351444188083,0.0224962670514467,0.0007549568261519604,tail
163,0.25,0.5,0.25,4.9499999999999975,1.0397207705399178,0.017847990958368507,0.004648276093078194,tail
164,0.25,0.25,0.5,4.8749999999999964,1.0397207705399178,0.021671644059692612,0.003823653101324105,tail
165,0.5,0.25,0.25,4.931249999999997,1.0397207705399178,0.020140521964437972,0.0015311220952546403,tail
166,0.5,0.5,0.0,4.987499999999997,0.6931471803599453,0.01871666307231352,0.0014238588921244508,tail
167,0.0,0.5,0.5,4.912499999999998,0.6931471803599453,0.021444354771419698,0.0027276916991061766,tail
168,0.25,0.5,0.25,4.837499999999998,1.0397207705399178,0.02546322792896685,0.004018873157547152,tail
169,0.5,0.25,0.25,4.893749999999997,1.0397207705399178,0.02358493212704916,0.0018782958019176905,tail
170,1.0,0.0,0.0,4.9499999999999975,-1.000000082690371e-10,0.026257104693301926,0.0026721725662527673,tail
171,0.0,0.75,0.25,4.968749999999997,0.5623351444188083,0.02672750222149499,0.0004703975281930631,tail
172,0.0,0.75,0.25,4.987499999999997,0.5623351444188083,0.02634404655823623,0.00038345566325875824,tail
173,0.5,0.5,0.0,5.062499999999997,0.6931471803599453,0.02215413424312743,0.004189912315108801,tail
174,0.25,0.0,0.75,5.118749999999997,0.5623351444188083,0.020740326246530195,0.0014138079965972349,tail
175,0.25,0.75,0.0,5.0437499999999975,0.5623351444188083,0.024253805274894836,0.0035134790283646404,tail
176,0.25,0.25,0.5,5.118749999999997,1.0397207705399178,0.020447842375480828,0.003805962899414008,tail
177,0.0,0.25,0.75,5.174999999999998,0.5623351444188083,0.017890945684899035,0.0025568966905817926,tail
178,0.75,0.0,0.25,5.118749999999997,0.5623351444188083,0.019670826272681356,0.0017798805877823204,tail
179,0.75,0.0,0.25,5.174999999999997,0.5623351444188083,0.01787240475041081,0.0017984215222705442,tail
180,0.25,0.5,0.25,5.193749999999998,1.0397207705399178,0.020419119219190426,0.0025467144687796144,tail
181,0.5,0.0,0.5,5.212499999999997,0.6931471803599453,0.0201269409001967,0.0002921783189937244,tail
182,0.75,0.0,0.25,5.231249999999997,0.5623351444188083,0.01984734219454861,0.000279598705648091,tail
183,0.25,0.5,0.25,5.1562499999999964,1.0397207705399178,0.024496870814198244,0.004649528619649634,tail
184,0.0,0.5,0.5,5.099999999999997,0.6931471803599453,0.02693323994736841,0.0024363691331701666,tail
185,0.0,0.5,0.5,5.1562499999999964,0.6931471803599453,0.02767698728185607,0.0007437473344876593,tail
186,0.0,0.0,1.0,5.231249999999997,-1.000000082690371e-10,0.033393721340995004,0.005716734059138934,tail
187,0.25,0.25,0.5,5.2499999999999964,1.0397207705399178,0.03301687837777102,0.000376842963223982,tail
188,0.25,0.0,0.75,5.193749999999997,0.5623351444188083,0.03530193426003777,0.002285055882266747,tail
189,0.5,0.0,0.5,5.249999999999997,0.6931471803599453,0.036044961614801724,0.0007430273547639546,tail
190,0.0,0.5,0.5,5.324999999999996,0.6931471803599453,0.031601847379742254,0.00444311423505947,tail
191,0.0,0.75,0.25,5.381249999999997,0.5623351444188083,0.02961998902768226,0.0019818583520599953,tail
192,0.25,0.5,0.25,5.399999999999996,1.0397207705399178,0.030023428351872456,0.0004034393241901975,tail
193,0.5,0.5,0.0,5.3437499999999964,0.6931471803599453,0.03517999198319308,0.005156563631320627,tail
194,0.0,0.5,0.5,5.399999999999996,0.6931471803599453,0.028890519368384947,0.006289472614808136,tail
195,0.0,0.25,0.75,5.456249999999997,0.5623351444188083,0.026393747040019164,0.0024967723283657837,tail
196,0.25,0.75,0.0,5.512499999999996,0.5623351444188083,0.0243510499324468,0.0020426971075723638,tail
197,0.0,0.5,0.5,5.5312499999999964,0.6931471803599453,0.025605556647923498,0.0012545067154766977,tail
198,0.5,0.0,0.5,5.587499999999997,0.6931471803599453,0.023430519793903728,0.00217503685401977,tail
199,0.5,0.25,0.25,5.606249999999997,1.0397207705399178,0.023127618095039815,0.00030290169886391244,tail
200,0.75,0.0,0.25,5.681249999999995,0.5623351444188083,0.020442850981455752,0.0026847671135840634,tail
201,0.25,0.0,0.75,5.737499999999995,0.5623351444188083,0.020389685083700936,5.316589775481578e-05,tail
202,0.0,0.25,0.75,5.756249999999996,0.5623351444188083,0.020396389271449423,6.704187748486634e-06,tail
203,0.5,0.0,0.5,5.699999999999996,0.6931471803599453,0.02336106285708142,0.0029646735856319988,tail
204,0.5,0.0,0.5,5.756249999999996,0.6931471803599453,0.022293781539086337,0.001067281317995085,tail
205,0.0,0.75,0.25,5.812499999999996,0.5623351444188083,0.02299702766120021,0.0007032461221138722,tail
206,0.0,0.75,0.25,5.737499999999995,0.5623351444188083,0.024917755341322685,0.0019207276801224762,tail
207,0.0,0.5,0.5,5.793749999999997,0.6931471803599453,0.02359801285993188,0.0013197424813908044,tail
208,0.25,0.25,0.5,5.849999999999996,1.0397207705399178,0.02619916953597982,0.00260115667604794,tail
209,0.25,0.25,0.5,5.774999999999996,1.0397207705399178,0.030241443779605193,0.004042274243625372,tail
210,0.5,0.5,0.0,5.718749999999996,0.6931471803599453,0.035215145112757,0.004973701333151809,tail
211,0.75,0.25,0.0,5.793749999999996,0.5623351444188083,0.03110624748844715,0.004108897624309851,tail
212,0.0,0.0,1.0,5.812499999999996,-1.000000082690371e-10,0.030359113644011806,0.0007471338444353451,tail
213,0.0,0.5,0.5,5.831249999999996,0.6931471803599453,0.029613081067537073,0.0007460325764747332,tail
214,0.25,0.25,0.5,5.774999999999996,1.0397207705399178,0.03150567285228213,0.0018925917847450596,tail
215,0.75,0.0,0.25,5.849999999999996,0.5623351444188083,0.027934039215176506,0.0035716336371056263,tail
216,0.25,0.25,0.5,5.9062499999999964,1.0397207705399178,0.026489310933846807,0.0014447282813296984,tail
217,0.25,0.5,0.25,5.962499999999996,1.0397207705399178,0.025307734890987598,0.0011815760428592094,tail
218,0.25,0.25,0.5,6.018749999999995,1.0397207705399178,0.026018698204368564,0.0007109633133809655,tail
219,0.5,0.5,0.0,5.962499999999995,0.6931471803599453,0.026992276817869906,0.0009735786135013427,tail
220,0.25,0.25,0.5,5.887499999999996,1.0397207705399178,0.02974955685069152,0.0027572800328216143,tail
221,0.75,0.25,0.0,5.812499999999996,0.5623351444188083,0.03482294782629033,0.005073390975598807,tail
222,0.5,0.0,0.5,5.756249999999995,0.6931471803599453,0.04397796634040226,0.009155018514111934,tail
223,0.25,0.5,0.25,5.831249999999995,1.0397207705399178,0.04939500188214956,0.0054170355417473,tail
224,0.0,0.5,0.5,5.849999999999995,0.6931471803599453,0.05088137245102632,0.001486370568876759,tail
225,0.25,0.25,0.5,5.906249999999995,1.0397207705399178,0.051593257871669254,0.0007118854206429326,tail
226,0.25,0.25,0.5,5.962499999999995,1.0397207705399178,0.05230674998267492,0.0007134921110056661,tail
227,0.0,0.25,0.75,5.981249999999994,0.5623351444188083,0.05284270585899312,0.0005359558763182032,tail
228,0.0,0.75,0.25,5.999999999999995,0.5623351444188083,0.057079585681420034,0.00423687982242691,tail
229,0.75,0.25,0.0,5.943749999999994,0.5623351444188083,0.06660111116049483,0.009521525479074797,tail
230,0.25,0.25,0.5,5.999999999999994,1.0397207705399178,0.06416093808979559,0.002440173070699242,tail
231,0.5,0.5,0.0,6.056249999999993,0.6931471803599453,0.07288877442720582,0.008727836337410227,tail
232,0.75,0.0,0.25,5.999999999999994,0.5623351444188083,0.07557139112289848,0.002682616695692669,tail
233,0.25,0.5,0.25,6.018749999999994,1.0397207705399178,0.07514326810957583,0.000428123013322651,tail
234,0.25,0.5,0.25,6.074999999999994,1.0397207705399178,0.07585758397731303,0.0007143158677371947,tail
235,0.5,0.5,0.0,6.093749999999993,0.6931471803599453,0.07543253530680642,0.0004250486705066059,tail
236,0.0,0.5,0.5,6.093749999999993,0.6931471803599453,0.07543253530680642,0.0,tail
237,0.25,0.25,0.5,6.149999999999993,1.0397207705399178,0.07275073829092793,0.0026817970158784926,tail
238,0.25,0.0,0.75,6.206249999999994,0.5623351444188083,0.06993879159888727,0.0028119466920406566,tail
239,0.5,0.25,0.25,6.224999999999993,1.0397207705399178,0.06954706982954122,0.00039172176934605674,tail
240,0.5,0.25,0.25,6.243749999999993,1.0397207705399178,0.07387253459295672,0.004325464763415499,tail
241,0.25,0.0,0.75,6.318749999999993,0.5623351444188083,0.06943873058090548,0.0044338040120512345,tail
242,0.25,0.75,0.0,6.374999999999993,0.5623351444188083,0.0720732998195246,0.002634569238619114,tail
243,0.25,0.0,0.75,6.393749999999994,0.5623351444188083,0.07647836576240098,0.004405065942876388,tail
244,0.5,0.25,0.25,6.412499999999993,1.0397207705399178,0.07997807927215175,0.003499713509750771,tail
245,0.5,0.25,0.25,6.431249999999993,1.0397207705399178,0.0804662620974629,0.00048818282531114254,tail
246,0.25,0.25,0.5,6.5062499999999925,1.0397207705399178,0.08613742086594883,0.005671158768485937,tail
247,0.5,0.25,0.25,6.524999999999993,1.0397207705399178,0.0857776012429824,0.00035981962296643966,tail
248,0.5,0.0,0.5,6.581249999999994,0.6931471803599453,0.08014395617223784,0.005633645070744556,tail
249,0.0,0.5,0.5,6.656249999999993,0.6931471803599453,0.07659878604415066,0.00354517012808718,tail
250,0.5,0.25,0.25,6.712499999999993,1.0397207705399178,0.07475143706812644,0.0018473489760242184,tail
251,0.25,0.5,0.25,6.637499999999994,1.0397207705399178,0.07768825421999183,0.0029368171518653896,tail
252,0.0,0.5,0.5,6.712499999999993,0.6931471803599453,0.08342734020541516,0.005739085985423331,tail
253,0.75,0.0,0.25,6.768749999999993,0.5623351444188083,0.08418022077847376,0.000752880573058598,tail
254,0.5,0.5,0.0,6.7874999999999925,0.6931471803599453,0.08389205536357472,0.0002881654148990387,tail
255,0.25,0.0,0.75,6.806249999999993,0.5623351444188083,0.0836069031708063,0.0002851521927684231,tail
256,0.25,0.0,0.75,6.824999999999992,0.5623351444188083,0.08805999375425874,0.004453090583452446,tail
257,0.5,0.0,0.5,6.8812499999999925,0.6931471803599453,0.08614127544875094,0.0019187183055077994,tail
258,0.25,0.75,0.0,6.956249999999992,0.5623351444188083,0.09189786598957338,0.005756590540822434,tail
259,0.25,0.5,0.25,6.974999999999992,1.0397207705399178,0.09163352620629679,0.0002643397832765848,tail
260,0.5,0.5,0.0,7.031249999999992,0.6931471803599453,0.08909706018052772,0.0025364660257690685,tail
261,0.5,0.25,0.25,7.087499999999992,1.0397207705399178,0.09177071036692526,0.002673650186397536,tail
262,0.5,0.0,0.5,7.012499999999992,0.6931471803599453,0.09479099129796088,0.003020280931035624,tail
263,0.25,0.0,0.75,6.956249999999992,0.5623351444188083,0.09655102581504561,0.0017600345170847298,tail
264,0.0,0.5,0.5,6.8812499999999925,0.6931471803599453,0.10138285554489783,0.004831829729852216,tail
265,0.75,0.0,0.25,6.937499999999993,0.5623351444188083,0.11063365961869441,0.009250804073796581,tail
266,0.5,0.5,0.0,6.993749999999992,0.6931471803599453,0.11331172004006312,0.0026780604213687137,tail
267,0.25,0.0,0.75,7.012499999999992,0.5623351444188083,0.11376154216853183,0.0004498221284687104,tail
268,0.25,0.5,0.25,7.0687499999999925,1.0397207705399178,0.12304385016123383,0.009282307992701994,tail
269,0.25,0.25,0.5,7.124999999999993,1.0397207705399178,0.12380119285193769,0.0007573426907038633,tail
270,0.5,0.0,0.5,7.1812499999999915,0.6931471803599453,0.12455867405062634,0.0007574811986886532,tail
271,1.0,0.0,0.0,7.106249999999992,-1.000000082690371e-10,0.12819338114251527,0.003634707091888928,tail
272,0.75,0.0,0.25,7.124999999999993,0.5623351444188083,0.13265848790809695,0.004465106765581678,tail
273,0.0,0.75,0.25,7.199999999999992,0.5623351444188083,0.12825694806349747,0.0044015398445994836,tail
274,0.25,0.0,0.75,7.2562499999999925,0.5623351444188083,0.12617864629663045,0.002078301766867019,tail
275,0.25,0.0,0.75,7.312499999999993,0.5623351444188083,0.12887471583989113,0.002696069543260682,tail
276,0.25,0.5,0.25,7.368749999999993,1.0397207705399178,0.12670115861250117,0.0021735572273899606,tail
277,0.75,0.0,0.25,7.387499999999992,0.5623351444188083,0.1259400162589821,0.0007611423535190676,tail
278,0.0,0.25,0.75,7.4437499999999925,0.5623351444188083,0.12863901466409863,0.0026989984051165317,tail
279,0.25,0.0,0.75,7.462499999999992,0.5623351444188083,0.13313971822980808,0.004500703565709446,tail
280,0.25,0.0,0.75,7.518749999999993,0.5623351444188083,0.13584146032692007,0.002701742097111992,tail
281,0.25,0.25,0.5,7.574999999999992,1.0397207705399178,0.13422211506259016,0.0016193452643299133,tail
282,0.75,0.25,0.0,7.649999999999993,0.5623351444188083,0.1307887057313252,0.0034334093312649583,tail
283,0.25,0.75,0.0,7.593749999999993,0.5623351444188083,0.13243015921727458,0.001641453485949379,tail
284,0.5,0.25,0.25,7.649999999999993,1.0397207705399178,0.13513425037717197,0.0027040911598973927,tail
285,0.5,0.0,0.5,7.706249999999993,0.6931471803599453,0.13589709528835672,0.0007628449111847513,tail
286,0.5,0.25,0.25,7.762499999999992,1.0397207705399178,0.13409643364245447,0.0018006616459022573,tail
287,0.75,0.0,0.25,7.706249999999993,0.5623351444188083,0.13573387407096546,0.0016374404285109945,tail
288,0.25,0.75,0.0,7.7249999999999925,0.5623351444188083,0.1367639318200351,0.0010300577490696405,tail
289,0.0,0.5,0.5,7.781249999999993,0.6931471803599453,0.13492696592161516,0.0018369658984199455,tail
290,0.0,0.25,0.75,7.856249999999993,0.5623351444188083,0.130213875298728,0.004713090622887162,tail
291,0.25,0.25,0.5,7.912499999999993,1.0397207705399178,0.13097609812958316,0.0007622228308551693,tail
292,0.5,0.5,0.0,7.987499999999994,0.6931471803599453,0.12716053153887877,0.0038155665907043945,tail
293,0.0,0.25,0.75,8.043749999999992,0.5623351444188083,0.12131472177254567,0.0058458097663331016,tail
294,0.75,0.25,0.0,7.968749999999993,0.5623351444188083,0.12526376857954652,0.003949046807000853,tail
295,0.5,0.0,0.5,8.024999999999991,0.6931471803599453,0.12383351033242246,0.001430258247124061,tail
296,0.25,0.25,0.5,8.043749999999992,1.0397207705399178,0.12358952268371166,0.00024398764871079448,tail
297,0.75,0.25,0.0,8.118749999999991,0.5623351444188083,0.12083958811038568,0.0027499345733259795,tail
298,0.25,0.0,0.75,8.193749999999993,0.5623351444188083,0.12661498525920092,0.0057753971488152395,tail
299,0.5,0.25,0.25,8.118749999999991,1.0397207705399178,0.13045540350896812,0.0038404182497671913,tail
300,0.25,0.25,0.5,8.174999999999992,1.0397207705399178,0.13121507719913592,0.0007596736901678003,tail
301,0.5,0.0,0.5,8.249999999999991,0.6931471803599453,0.12848214704531982,0.0027329301538160933,tail
302,0.25,0.5,0.25,8.306249999999991,1.0397207705399178,0.12210668283180767,0.00637546421351215,tail
303,0.25,0.25,0.5,8.381249999999993,1.0397207705399178,0.11745359372827918,0.0046530891035284905,tail
304,0.0,0.0,1.0,8.456249999999992,-1.000000082690371e-10,0.12320262067905727,0.0057490269507780856,tail
305,0.25,0.25,0.5,8.47499999999999,1.0397207705399178,0.12244912049245253,0.0007535001866047358,tail
306,0.5,0.0,0.5,8.531249999999991,0.6931471803599453,0.11991603100581529,0.0025330894866372466,tail
307,0.75,0.0,0.25,8.587499999999991,0.5623351444188083,0.11862664645854297,0.0012893845472723153,tail
308,0.5,0.25,0.25,8.662499999999993,1.0397207705399178,0.11560790414154272,0.0030187423170002503,tail
309,0.25,0.5,0.25,8.587499999999991,1.0397207705399178,0.11760141899654163,0.001993514854998907,tail
310,0.25,0.75,0.0,8.606249999999992,0.5623351444188083,0.12002763353703241,0.002426214540490787,tail
311,0.5,0.25,0.25,8.624999999999993,1.0397207705399178,0.12448784532159218,0.00446021178455977,tail
312,0.5,0.25,0.25,8.64374999999999,1.0397207705399178,0.12895376775709255,0.004465922435500369,tail
313,0.5,0.25,0.25,8.699999999999992,1.0397207705399178,0.13163582057256554,0.002682052815472985,tail
314,0.25,0.25,0.5,8.718749999999991,1.0397207705399178,0.13087916361571908,0.0007566569568464576,tail
315,0.25,0.25,0.5,8.774999999999991,1.0397207705399178,0.13163582057256554,0.0007566569568464576,tail
316,1.0,0.0,0.0,8.793749999999992,-1.000000082690371e-10,0.13610971849486053,0.004473897922294995,tail
317,0.5,0.0,0.5,8.812499999999991,0.6931471803599453,0.13588691946914053,0.0002227990257200052,tail
318,0.75,0.0,0.25,8.868749999999991,0.5623351444188083,0.13857192965207704,0.0026850101829365147,tail
319,0.5,0.0,0.5,8.812499999999991,0.6931471803599453,0.14494972862384123,0.006377798971764187,tail
320,0.5,0.25,0.25,8.831249999999992,1.0397207705399178,0.14944597882157193,0.0044962501977307,tail
321,0.25,0.5,0.25,8.88749999999999,1.0397207705399178,0.14365060762249737,0.005795371199074556,tail
322,0.5,0.0,0.5,8.94374999999999,0.6931471803599453,0.1444093032841036,0.0007586956616062179,tail
323,0.25,0.25,0.5,8.88749999999999,1.0397207705399178,0.15085882395678826,0.006449520672684672,tail
324,0.25,0.25,0.5,8.94374999999999,1.0397207705399178,0.14939916122589253,0.0014596627308957333,tail
325,0.5,0.0,0.5,8.99999999999999,0.6931471803599453,0.15209779504586102,0.002698633819968488,tail
326,0.25,0.5,0.25,9.01874999999999,1.0397207705399178,0.15247427741569314,0.0003764823698321207,tail
327,0.5,0.0,0.5,8.94374999999999,0.6931471803599453,0.15666088163909256,0.0041866042233994205,tail
328,0.5,0.0,0.5,8.88749999999999,0.6931471803599453,0.16090655042213256,0.004245668783040002,tail
329,0.5,0.25,0.25,8.94374999999999,1.0397207705399178,0.16166938256148813,0.0007628321393555737,tail
330,0.0,0.5,0.5,9.01874999999999,0.6931471803599453,0.15695460194053817,0.00471478062094996,tail
331,0.25,0.5,0.25,9.07499999999999,1.0397207705399178,0.15771713702860668,0.0007625350880685056,tail
332,0.25,0.0,0.75,9.09374999999999,0.5623351444188083,0.15813276907791854,0.00041563204931185926,tail
333,0.0,0.0,1.0,9.149999999999988,-1.000000082690371e-10,0.15889526141947347,0.0007624923415549267,tail
334,0.25,0.25,0.5,9.074999999999989,1.0397207705399178,0.16348949041624308,0.004594228996769617,tail
335,0.25,0.25,0.5,8.99999999999999,1.0397207705399178,0.16694132869533193,0.003451838279088848,tail
336,0.25,0.0,0.75,9.05624999999999,0.5623351444188083,0.1648772862805861,0.002064042414745837,tail
337,0.5,0.0,0.5,9.13124999999999,0.6931471803599453,0.16118354977711072,0.0036937365034753755,tail
338,0.25,0.25,0.5,9.18749999999999,1.0397207705399178,0.1586230083848583,0.0025605413922524245,tail
339,0.5,0.0,0.5,9.18749999999999,0.6931471803599453,0.1586230083848583,0.0,tail
340,0.75,0.0,0.25,9.11249999999999,0.5623351444188083,0.161957728015871,0.0033347196310127003,tail
341,0.75,0.0,0.25,9.16874999999999,0.5623351444188083,0.15996181184895453,0.001995916166916467,tail
342,0.75,0.0,0.25,9.093749999999991,0.5623351444188083,0.163367803016691,0.0034059911677364607,tail
343,0.0,0.5,0.5,9.14999999999999,0.6931471803599453,0.1565449715736674,0.0068228314430235915,tail
344,0.25,0.5,0.25,9.20624999999999,1.0397207705399178,0.15447208169581267,0.0020728898778547278,tail
345,0.25,0.0,0.75,9.26249999999999,0.5623351444188083,0.15523490893843864,0.0007628272426259686,tail
346,0.5,0.25,0.25,9.281249999999991,1.0397207705399178,0.15564623349121023,0.00041132455277159696,tail
347,0.25,0.5,0.25,9.29999999999999,1.0397207705399178,0.15535510293457644,0.00029113055663379517,tail
348,0.75,0.0,0.25,9.35624999999999,0.5623351444188083,0.15355029268227668,0.0018048102522997544,tail
349,0.25,0.25,0.5,9.43124999999999,1.0397207705399178,0.14883441997842037,0.004715872703856316,tail
350,0.5,0.5,0.0,9.43124999999999,0.6931471803599453,0.14883441997842037,0.0,tail
351,0.75,0.0,0.25,9.48749999999999,0.5623351444188083,0.1515388383591821,0.0027044183807617417,tail
352,0.75,0.0,0.25,9.543749999999989,0.5623351444188083,0.14703509559264347,0.004503742766538643,tail
353,0.25,0.75,0.0,9.56249999999999,0.5623351444188083,0.14983776708598137,0.002802671493337905,tail
354,0.25,0.25,0.5,9.48749999999999,1.0397207705399178,0.15416439645006508,0.004326629364083706,tail
355,0.5,0.25,0.25,9.506249999999989,1.0397207705399178,0.15866156493461278,0.004497168484547703,tail
356,0.0,0.75,0.25,9.56249999999999,0.5623351444188083,0.16800954737101365,0.009347982436400865,tail
357,0.0,1.0,0.0,9.63749999999999,-1.000000082690371e-10,0.1632997058947531,0.004709841476260551,tail
358,0.0,0.0,1.0,9.69374999999999,-1.000000082690371e-10,0.16073803172787188,0.002561674166881217,tail
359,0.25,0.5,0.25,9.618749999999991,1.0397207705399178,0.16522310910175483,0.004485077373882956,tail
360,0.25,0.5,0.25,9.69374999999999,1.0397207705399178,0.16176766470389053,0.003455444397864299,tail
361,0.0,1.0,0.0,9.76874999999999,-1.000000082690371e-10,0.1570706324993643,0.004697032204526247,tail
362,0.5,0.0,0.5,9.82499999999999,0.6931471803599453,0.15531739491783536,0.001753237581528927,tail
363,0.5,0.5,0.0,9.74999999999999,0.6931471803599453,0.15969123344461605,0.004373838526780693,tail
364,0.5,0.25,0.25,9.806249999999991,1.0397207705399178,0.15790670455604583,0.0017845288885702248,tail
365,0.5,0.0,0.5,9.862499999999992,0.6931471803599453,0.16059423647523235,0.0026875319191865255,tail
366,0.5,0.5,0.0,9.806249999999991,0.6931471803599453,0.1626176587264983,0.0020234222512659494,tail
367,0.0,0.0,1.0,9.82499999999999,-1.000000082690371e-10,0.16302637404056092,0.0004087153140626132,tail
368,0.0,0.25,0.75,9.749999999999991,0.5623351444188083,0.16754676644242616,0.0045203924018652475,tail
369,0.25,0.25,0.5,9.69374999999999,1.0397207705399178,0.16930060635597385,0.001753839913547689,tail
370,0.25,0.5,0.25,9.76874999999999,1.0397207705399178,0.16576192453335115,0.003538681822622708,tail
371,0.75,0.0,0.25,9.82499999999999,0.5623351444188083,0.1637984094712549,0.001963515062096244,tail
372,0.25,0.5,0.25,9.82499999999999,1.0397207705399178,0.1637984094712549,0.0,tail
373,1.0,0.0,0.0,9.89999999999999,-1.000000082690371e-10,0.1695764628650241,0.005778053393769189,tail
374,0.25,0.25,0.5,9.95624999999999,1.0397207705399178,0.16779273335632833,0.0017837295086957639,tail
375,0.75,0.0,0.25,9.97499999999999,0.5623351444188083,0.17226870249518744,0.004475969138859115,tail
376,0.5,0.0,0.5,9.99374999999999,0.6931471803599453,0.17151098668799003,0.0007577158071974122,tail
377,0.75,0.0,0.25,10.01249999999999,0.5623351444188083,0.17598977353990033,0.004478786851910305,tail
378,0.0,0.25,0.75,10.01249999999999,0.5623351444188083,0.17598977353990033,0.0,tail
379,0.5,0.25,0.25,9.93749999999999,1.0397207705399178,0.18040259339356915,0.004412819853668815,tail
380,0.5,0.25,0.25,9.99374999999999,1.0397207705399178,0.17860159103522263,0.0018010023583465151,tail
381,0.75,0.25,0.0,10.04999999999999,0.5623351444188083,0.17605486760169514,0.0025467234335274924,tail
382,0.0,0.75,0.25,10.10624999999999,0.5623351444188083,0.1716658813063559,0.004388986295339237,tail
383,0.25,0.5,0.25,10.162499999999989,1.0397207705399178,0.1691292324396506,0.0025366488667052933,tail
384,0.75,0.25,0.0,10.18124999999999,0.5623351444188083,0.1695126516296066,0.00038341918995599134,tail
385,0.5,0.0,0.5,10.106249999999989,0.6931471803599453,0.17376285923637538,0.00425020760676878,tail
386,0.5,0.25,0.25,10.049999999999988,1.0397207705399178,0.17534157791383342,0.0015787186774580408,tail
387,0.25,0.5,0.25,10.068749999999987,1.0397207705399178,0.17506840181055064,0.0002731761032827851,tail
388,0.5,0.25,0.25,10.12499999999999,1.0397207705399178,0.17351579876736126,0.0015526030431893822,tail
389,0.25,0.25,0.5,10.199999999999989,1.0397207705399178,0.17041804642371472,0.003097752343646537,tail
390,0.25,0.5,0.25,10.256249999999987,1.0397207705399178,0.17117099854294213,0.0007529521192274069,tail
391,0.25,0.5,0.25,10.256249999999987,1.0397207705399178,0.17117099854294213,0.0,tail
392,1.0,0.0,0.0,10.274999999999988,-1.000000082690371e-10,0.17562303713316033,0.004452038590218199,tail
393,0.5,0.0,0.5,10.293749999999989,0.6931471803599453,0.1748692899130316,0.0007537472201287199,tail
394,0.25,0.5,0.25,10.312499999999988,1.0397207705399178,0.1746200786708115,0.00024921124222010427,tail
395,0.5,0.5,0.0,10.368749999999988,0.6931471803599453,0.17315377694047102,0.0014663017303404857,tail
396,0.5,0.25,0.25,10.424999999999986,1.0397207705399178,0.17149574065410597,0.0016580362863650444,tail
397,0.0,1.0,0.0,10.481249999999987,-1.000000082690371e-10,0.17224847207686023,0.0007527314227542548,tail
398,0.25,0.0,0.75,10.499999999999988,0.5623351444188083,0.17310534071592187,0.0008568686390616476,tail
399,0.75,0.25,0.0,10.556249999999988,0.5623351444188083,0.17057082187008976,0.002534518845832112,tail
400,0.75,0.25,0.0,10.499999999999986,0.5623351444188083,0.17201548803814265,0.0014446661680528883,tail
401,0.5,0.25,0.25,10.556249999999984,1.0397207705399178,0.1694778890676093,0.00253759897053335,tail
402,0.25,0.25,0.5,10.612499999999986,1.0397207705399178,0.17215269611960887,0.0026748070519995726,tail
403,0.25,0.25,0.5,10.687499999999986,1.0397207705399178,0.16848457134482783,0.0036681247747810397,tail
404,0.75,0.0,0.25,10.762499999999987,0.5623351444188083,0.16575543213195265,0.0027291392128751812,tail
405,0.0,0.25,0.75,10.781249999999986,0.5623351444188083,0.16654208071366788,0.0007866485817152324,tail
406,0.25,0.25,0.5,10.837499999999988,1.0397207705399178,0.16502108056624268,0.0015210001474252055,tail
407,0.75,0.0,0.25,10.912499999999987,0.5623351444188083,0.17074191278432593,0.005720832218083255,tail
408,0.25,0.75,0.0,10.968749999999988,0.5623351444188083,0.16928438247055708,0.0014575303137688567,tail
409,0.0,1.0,0.0,11.043749999999989,-1.000000082690371e-10,0.16698495616652967,0.0022994263040274077,tail
410,0.5,0.25,0.25,10.968749999999986,1.0397207705399178,0.17054233059108187,0.003557374424552201,tail
411,0.5,0.25,0.25,11.043749999999987,1.0397207705399178,0.1673502799846413,0.0031920506064405663,tail
412,0.5,0.0,0.5,11.118749999999988,0.6931471803599453,0.1730192338251382,0.005668953840496899,tail
413,0.5,0.5,0.0,11.193749999999987,0.6931471803599453,0.17090455292629808,0.002114680898840121,tail
414,0.75,0.25,0.0,11.249999999999988,0.5623351444188083,0.17164128996798916,0.0007367370416910823,tail
415,0.0,0.5,0.5,11.268749999999988,0.6931471803599453,0.17224609087091888,0.0006048009029297197,tail
416,0.0,0.5,0.5,11.324999999999987,0.6931471803599453,0.1710620918199378,0.0011839990509810716,tail
417,0.25,0.5,0.25,11.381249999999987,1.0397207705399178,0.18013050824332996,0.00906841642339215,tail
418,0.25,0.25,0.5,11.381249999999987,1.0397207705399178,0.18013050824332996,0.0,tail
419,0.5,0.25,0.25,11.437499999999988,1.0397207705399178,0.1827571524121912,0.002626644168861242,tail
420,0.25,0.25,0.5,11.512499999999989,1.0397207705399178,0.18077776033797094,0.0019793920742202653,tail
421,0.0,0.75,0.25,11.437499999999988,0.5623351444188083,0.18403771320795337,0.00325995286998243,tail
422,0.25,0.5,0.25,11.362499999999986,1.0397207705399178,0.18748176213384843,0.00344404892589506,tail
423,0.75,0.0,0.25,11.287499999999987,0.5623351444188083,0.1896160311202957,0.0021342689864472797,tail
424,0.25,0.25,0.5,11.343749999999988,1.0397207705399178,0.1903636425535361,0.0007476114332403971,tail
425,0.5,0.0,0.5,11.362499999999986,0.6931471803599453,0.19288578429021272,0.002522141736676614,tail
426,0.5,0.5,0.0,11.418749999999989,0.6931471803599453,0.195543266172254,0.0026574818820412904,tail
427,0.5,0.0,0.5,11.474999999999987,0.6931471803599453,0.1941961521447142,0.0013471140275398141,tail
428,0.5,0.0,0.5,11.399999999999986,0.6931471803599453,0.19600028897347926,0.0018041368287650683,tail
429,0.5,0.25,0.25,11.418749999999987,1.0397207705399178,0.1980540068892192,0.0020537179157399388,tail
430,0.0,0.25,0.75,11.343749999999988,0.5623351444188083,0.20123953533631234,0.0031855284470931333,tail
431,0.25,0.25,0.5,11.399999999999988,1.0397207705399178,0.20345938581477366,0.0022198504784613216,tail
432,0.5,0.5,0.0,11.324999999999987,0.6931471803599453,0.2067946289223319,0.0033352431075582556,tail
433,0.5,0.0,0.5,11.381249999999987,0.6931471803599453,0.20902545214608426,0.002230823223752343,tail
434,0.0,0.75,0.25,11.399999999999986,0.5623351444188083,0.21134277732557472,0.0023173251794904592,tail
435,0.75,0.25,0.0,11.456249999999988,0.5623351444188083,0.21358119704415104,0.002238419718576329,tail
436,0.5,0.25,0.25,11.512499999999989,1.0397207705399178,0.21421333188888475,0.0006321348447337061,tail
437,0.25,0.0,0.75,11.568749999999987,0.5623351444188083,0.21254260634345754,0.0016707255454272152,tail
438,0.25,0.5,0.25,11.493749999999988,1.0397207705399178,0.2165222410188212,0.0039796346753636636,tail
439,0.0,0.75,0.25,11.568749999999987,0.5623351444188083,0.2126590717714583,0.0038631692473629076,tail
440,0.25,0.75,0.0,11.493749999999986,0.5623351444188083,0.21689709450753947,0.004238022736081176,tail
441,0.5,0.5,0.0,11.549999999999986,0.6931471803599453,0.21505098418686958,0.0018461103206698914,tail
442,0.5,0.25,0.25,11.568749999999987,1.0397207705399178,0.21544785914406378,0.0003968749571942043,tail
443,0.0,0.25,0.75,11.624999999999988,0.5623351444188083,0.21369827429536847,0.001749584848695307,tail
444,0.75,0.0,0.25,11.699999999999989,0.5623351444188083,0.21072226695721832,0.0029760073381501495,tail
445,0.25,0.75,0.0,11.718749999999988,0.5623351444188083,0.21110202258412472,0.0003797556269063973,tail
446,0.25,0.0,0.75,11.662499999999987,0.5623351444188083,0.21301760268039796,0.0019155800962732394,tail
447,0.25,0.25,0.5,11.737499999999986,1.0397207705399178,0.2187326233313934,0.005715020650995439,tail
448,0.5,0.5,0.0,11.756249999999987,0.6931471803599453,0.21911946092703027,0.00038683759563687414,tail
449,0.0,0.25,0.75,11.774999999999984,0.5623351444188083,0.21837054687667232,0.0007489140503579572,tail
450,0.25,0.5,0.25,11.831249999999985,1.0397207705399178,0.21911946092703027,0.0007489140503579572,tail
451,0.25,0.0,0.75,11.849999999999987,0.5623351444188083,0.21950736076375996,0.00038789983672968265,tail
452,0.75,0.25,0.0,11.868749999999986,0.5623351444188083,0.21989631722016306,0.0003889564564031056,tail
453,0.0,0.0,1.0,11.924999999999986,-1.000000082690371e-10,0.22063489486564683,0.0007385776454837678,tail
454,0.5,0.0,0.5,11.981249999999987,0.6931471803599453,0.2189202675777376,0.0017146272879092206,tail
455,0.25,0.25,0.5,12.037499999999985,1.0397207705399178,0.2174439992731352,0.0014762683046024017,tail
456,0.25,0.75,0.0,12.093749999999986,0.5623351444188083,0.21576912034354787,0.0016748789295873423,tail
457,0.5,0.5,0.0,12.149999999999986,0.6931471803599453,0.2244823907268397,0.008713270383291838,tail
458,0.25,0.25,0.5,12.206249999999986,1.0397207705399178,0.22196236919932524,0.00252002152751446,tail
459,0.5,0.25,0.25,12.262499999999985,1.0397207705399178,0.22271140810741594,0.0007490389080906934,tail
460,1.0,0.0,0.0,12.281249999999984,-1.000000082690371e-10,0.22521940473652582,0.0025079966291098876,tail
461,0.75,0.25,0.0,12.299999999999985,0.5623351444188083,0.2289799284077647,0.0037605236712388856,tail
462,0.0,0.5,0.5,12.318749999999984,0.6931471803599453,0.22929218105577118,0.0003122526480064669,tail
463,0.25,0.25,0.5,12.374999999999986,1.0397207705399178,0.2278191200218378,0.0014730610339333816,tail
464,0.0,0.5,0.5,12.449999999999985,0.6931471803599453,0.22417887631512096,0.003640243706716839,tail
465,0.5,0.25,0.25,12.506249999999985,1.0397207705399178,0.22166355465276727,0.0025153216623536867,tail
466,0.0,0.75,0.25,12.581249999999985,0.5623351444188083,0.21897468033672518,0.002688874316042089,tail
467,0.5,0.0,0.5,12.599999999999984,0.6931471803599453,0.21933054925976478,0.0003558689230395984,tail
468,0.5,0.0,0.5,12.599999999999984,0.6931471803599453,0.21933054925976478,0.0,tail
469,0.75,0.25,0.0,12.618749999999984,0.5623351444188083,0.21968758425001905,0.00035703499025427354,tail
470,0.25,0.25,0.5,12.637499999999985,1.0397207705399178,0.22004577963148564,0.00035819538146658614,tail
471,0.5,0.0,0.5,12.656249999999986,0.6931471803599453,0.2198266471354115,0.00021913249607413698,tail
472,0.25,0.5,0.25,12.712499999999984,1.0397207705399178,0.22246751338871606,0.0026408662533045635,tail
473,0.25,0.5,0.25,12.768749999999985,1.0397207705399178,0.22109461852212856,0.0013728948665875096,tail
474,0.25,0.75,0.0,12.787499999999985,0.5623351444188083,0.22035017504976062,0.0007444434723679338,tail
475,0.25,0.5,0.25,12.712499999999983,1.0397207705399178,0.22275768243852323,0.0024075073887626086,tail
476,0.25,0.25,0.5,12.768749999999983,1.0397207705399178,0.22350506530695755,0.0007473828684343153,tail
477,0.5,0.25,0.25,12.824999999999983,1.0397207705399178,0.22193358509483435,0.0015714802121231941,tail
478,0.0,0.25,0.75,12.881249999999984,0.5623351444188083,0.22035865905406188,0.001574926040772473,tail
479,0.5,0.25,0.25,12.824999999999983,1.0397207705399178,0.22163941913047197,0.0012807600764100924,tail
480,0.25,0.25,0.5,12.881249999999984,1.0397207705399178,0.22023610161699309,0.0014033175134788856,tail
481,0.25,0.25,0.5,12.937499999999984,1.0397207705399178,0.2188857117245493,0.001350389892443793,tail
482,0.5,0.25,0.25,12.956249999999983,1.0397207705399178,0.21923411702944778,0.0003484053048984914,tail
483,0.0,0.25,0.75,13.031249999999984,0.5623351444188083,0.21463671245401467,0.004597404575433117,tail
484,0.75,0.0,0.25,13.087499999999984,0.5623351444188083,0.2172726475379016,0.002635935083886931,tail
485,0.25,0.25,0.5,13.143749999999983,1.0397207705399178,0.21190151751960593,0.005371130018295672,tail
486,0.25,0.0,0.75,13.087499999999983,0.5623351444188083,0.21303921234012435,0.0011376948205184256,tail
487,0.0,0.25,0.75,13.143749999999983,0.5623351444188083,0.21378167887060853,0.0007424665304841815,tail
488,0.75,0.0,0.25,13.199999999999982,0.5623351444188083,0.21242491042934372,0.0013567684412648107,tail
489,0.25,0.5,0.25,13.218749999999982,1.0397207705399178,0.2168003547073346,0.004375444277990886,tail
490,0.25,0.5,0.25,13.293749999999983,1.0397207705399178,0.21460536711251363,0.0021949875948209796,tail
491,0.0,0.75,0.25,13.349999999999984,0.5623351444188083,0.21341892475522278,0.0011864423572908456,tail
492,0.25,0.25,0.5,13.406249999999982,1.0397207705399178,0.21095584440307763,0.0024630803521451528,tail
493,0.5,0.25,0.25,13.424999999999981,1.0397207705399178,0.21125976733564206,0.0003039229325644266,tail
494,0.5,0.0,0.5,13.481249999999982,0.6931471803599453,0.210095110817807,0.0011646565178350665,tail
495,0.5,0.0,0.5,13.424999999999981,0.6931471803599453,0.21160878850845768,0.0015136776906506944,tail
496,0.5,0.25,0.25,13.499999999999982,1.0397207705399178,0.20972619228124037,0.0018825962272173147,tail
497,0.5,0.25,0.25,13.556249999999983,1.0397207705399178,0.21045263110590517,0.0007264388246648046,tail
498,0.25,0.0,0.75,13.574999999999982,0.5623351444188083,0.2107435267601174,0.0002908956542122254,tail
499,0.5,0.25,0.25,13.63124999999998,1.0397207705399178,0.21147068705857966,0.0007271602984622594,tail
500,0.75,0.25,0.0,13.64999999999998,0.5623351444188083,0.2117634123365551,0.0002927252779754419,tail
501,0.0,0.5,0.5,13.668749999999982,0.6931471803599453,0.2123151905129976,0.0005517781764425023,tail
502,0.75,0.25,0.0,13.59374999999998,0.5623351444188083,0.21563418951662627,0.00331899900362867,tail
503,0.25,0.0,0.75,13.612499999999981,0.5623351444188083,0.2154633371917034,0.0001708523249228655,tail
504,0.25,0.0,0.75,13.63124999999998,0.5623351444188083,0.21776893507941247,0.0023055978877090655,tail
505,0.75,0.0,0.25,13.68749999999998,0.5623351444188083,0.2185044254042278,0.0007354903248153188,tail
506,0.25,0.25,0.5,13.76249999999998,1.0397207705399178,0.22412823492692996,0.005623809522702167,tail
507,0.5,0.0,0.5,13.781249999999979,0.6931471803599453,0.22445251442032282,0.000324279493392865,tail
508,0.5,0.0,0.5,13.799999999999981,0.6931471803599453,0.22685206843654943,0.0023995540162266016,tail
509,0.5,0.25,0.25,13.87499999999998,1.0397207705399178,0.2222849592130036,0.004567109223545834,tail
510,0.25,0.5,0.25,13.79999999999998,1.0397207705399178,0.22596329784004412,0.003678338627040534,tail
511,0.5,0.5,0.0,13.81874999999998,0.6931471803599453,0.22522278472689675,0.0007405131131473786,tail
512,0.0,0.75,0.25,13.874999999999982,0.5623351444188083,0.22200564815157867,0.0032171365753180803,tail
513,0.0,0.25,0.75,13.93124999999998,0.5623351444188083,0.2246100454872052,0.002604397335626535,tail
514,0.25,0.75,0.0,14.00624999999998,0.5623351444188083,0.22251497522871358,0.0020950702584916214,tail
515,0.25,0.25,0.5,14.02499999999998,1.0397207705399178,0.2248131650054011,0.002298189776687526,tail
516,0.25,0.5,0.25,14.08124999999998,1.0397207705399178,0.2338147548800615,0.009001589874660404,tail
517,0.5,0.25,0.25,14.09999999999998,1.0397207705399178,0.2330800139201404,0.0007347409599210986,tail
518,0.25,0.5,0.25,14.174999999999981,1.0397207705399178,0.23869617450169198,0.005616160581551566,tail
519,0.25,0.5,0.25,14.09999999999998,1.0397207705399178,0.24229477612541303,0.003598601623721054,tail
520,0.75,0.0,0.25,14.02499999999998,0.5623351444188083,0.24399702225936615,0.001702246133953117,tail
521,0.25,0.0,0.75,14.081249999999981,0.5623351444188083,0.24266009672229713,0.001336925537069017,tail
522,0.75,0.25,0.0,14.15624999999998,0.5623351444188083,0.24777977991025643,0.005119683187959301,tail
523,0.75,0.25,0.0,14.09999999999998,0.5623351444188083,0.24861106554314938,0.0008312856328929474,tail
524,0.25,0.5,0.25,14.15624999999998,1.0397207705399178,0.2508787310469944,0.0022676655038449955,tail
525,0.5,0.25,0.25,14.21249999999998,1.0397207705399178,0.2454502741088463,0.005428456938148085,tail
526,0.5,0.25,0.25,14.268749999999981,1.0397207705399178,0.24618954877688892,0.0007392746680426332,tail
527,0.5,0.25,0.25,14.324999999999982,1.0397207705399178,0.24485953204520522,0.001330016731683703,tail
528,0.25,0.25,0.5,14.38124999999998,1.0397207705399178,0.24559656092412466,0.0007370288789194379,tail
529,0.25,0.25,0.5,14.306249999999979,1.0397207705399178,0.2492063087156485,0.003609747791523843,tail
530,0.5,0.0,0.5,14.38124999999998,0.6931471803599453,0.245970389868506,0.0032359188471424993,tail
531,0.0,0.5,0.5,14.30624999999998,0.6931471803599453,0.24959376245809245,0.003623372589586449,tail
532,0.0,0.75,0.25,14.362499999999981,0.5623351444188083,0.2579426035287457,0.008348841070653257,tail
533,0.75,0.0,0.25,14.38124999999998,0.5623351444188083,0.2572021110762454,0.0007404924525002965,tail
534,0.5,0.25,0.25,14.399999999999979,1.0397207705399178,0.2593489275230865,0.0021468164468411155,tail
535,0.25,0.5,0.25,14.456249999999981,1.0397207705399178,0.26129585782960596,0.0019469303065194343,tail
536,0.0,0.75,0.25,14.47499999999998,0.5623351444188083,0.26340186392748277,0.0021060060978768114,tail
537,0.5,0.0,0.5,14.493749999999979,0.6931471803599453,0.2636948733980425,0.00029300947055971305,tail
538,1.0,0.0,0.0,14.54999999999998,-1.000000082690371e-10,0.2623315914627357,0.0013632819353067704,tail
539,0.5,0.25,0.25,14.624999999999982,1.0397207705399178,0.25987326403295563,0.002458327429780083,tail
540,0.75,0.0,0.25,14.699999999999982,0.5623351444188083,0.2575787871485401,0.0022944768844155305,tail
541,0.75,0.25,0.0,14.77499999999998,0.5623351444188083,0.26204663990240795,0.004467852753867851,tail
542,0.25,0.5,0.25,14.793749999999982,1.0397207705399178,0.261859524394876,0.00018711550753197637,tail
543,0.75,0.0,0.25,14.812499999999982,0.5623351444188083,0.26533386587360946,0.003474341478733489,tail
544,0.25,0.5,0.25,14.831249999999983,1.0397207705399178,0.26872041429913196,0.0033865484255224954,tail
545,0.25,0.5,0.25,14.906249999999982,1.0397207705399178,0.27252337365095336,0.0038029593518214,tail
546,0.25,0.25,0.5,14.831249999999981,1.0397207705399178,0.27402635331496344,0.0015029796640100845,tail
547,0.0,0.75,0.25,14.906249999999982,0.5623351444188083,0.27166511365717866,0.002361239657784786,tail
548,1.0,0.0,0.0,14.924999999999981,-1.000000082690371e-10,0.27199851559385746,0.000333401936678801,tail
549,0.25,0.0,0.75,14.981249999999982,0.5623351444188083,0.26953031165100433,0.002468203942853131,tail
550,0.25,0.5,0.25,14.99999999999998,1.0397207705399178,0.27350646978241366,0.003976158131409335,tail
551,0.5,0.25,0.25,14.943749999999984,1.0397207705399178,0.275193063452386,0.0016865936699723139,tail
552,0.25,0.5,0.25,14.999999999999982,1.0397207705399178,0.27272038363172374,0.002472679820662238,tail
553,0.75,0.0,0.25,15.05624999999998,0.5623351444188083,0.2797982059647581,0.007077822333034334,tail
554,1.0,0.0,0.0,15.074999999999982,-1.000000082690371e-10,0.28188700765472446,0.002088801689966391,tail
555,0.0,0.75,0.25,15.149999999999983,0.5623351444188083,0.27855252933319496,0.0033344783215294993,tail
556,0.0,0.5,0.5,15.168749999999983,0.6931471803599453,0.2783572804005022,0.00019524893269273758,tail
557,0.75,0.0,0.25,15.187499999999982,0.5623351444188083,0.2818777917424282,0.0035205113419259915,tail
558,0.25,0.75,0.0,15.206249999999981,0.5623351444188083,0.28168130455868223,0.00019648718374598584,tail
559,0.25,0.25,0.5,15.262499999999983,1.0397207705399178,0.2822781394189143,0.0005968348602320428,tail
560,0.5,0.25,0.25,15.337499999999984,1.0397207705399178,0.2777434303983765,0.004534709020537764,tail
561,0.25,0.5,0.25,15.356249999999983,1.0397207705399178,0.277549434880079,0.00019399551829751838,tail
562,1.0,0.0,0.0,15.412499999999982,-1.000000082690371e-10,0.276328014077398,0.0012214208026810058,tail
563,0.25,0.25,0.5,15.468749999999982,1.0397207705399178,0.27891981648392355,0.0025918024065255674,tail
564,0.0,0.25,0.75,15.487499999999983,0.5623351444188083,0.2813605831244603,0.002440766640536718,tail
565,0.25,0.5,0.25,15.543749999999983,1.0397207705399178,0.2838112353503595,0.0024506522258992414,tail
566,0.25,0.5,0.25,15.562499999999986,1.0397207705399178,0.28588813769031185,0.0020769023399523356,tail
567,0.0,0.25,0.75,15.562499999999986,0.5623351444188083,0.28588813769031185,0.0,tail
568,0.25,0.0,0.75,15.618749999999984,0.5623351444188083,0.28769415476525967,0.0018060170749478188,tail
569,0.25,0.0,0.75,15.693749999999984,0.5623351444188083,0.2843770962770788,0.0033170584881808685,tail
570,0.0,0.25,0.75,15.749999999999984,0.5623351444188083,0.28497307251480947,0.0005959762377306665,tail
571,0.5,0.25,0.25,15.806249999999984,1.0397207705399178,0.28251206700459086,0.0024610055102186057,tail
572,0.0,0.25,0.75,15.862499999999985,0.5623351444188083,0.28324348568665775,0.0007314186820668866,tail
573,0.25,0.25,0.5,15.918749999999985,1.0397207705399178,0.2856779382012298,0.0024344525145720275,tail
574,0.25,0.0,0.75,15.974999999999985,0.5623351444188083,0.28258221904380343,0.0030957191574263465,tail
575,0.25,0.25,0.5,15.993749999999984,1.0397207705399178,0.28185552539975806,0.0007266936440453731,tail
576,0.25,0.5,0.25,16.049999999999986,1.0397207705399178,0.2806235328070076,0.001231992592750475,tail
577,0.0,0.25,0.75,16.106249999999985,0.5623351444188083,0.281349285006968,0.0007257521999604055,tail
578,0.75,0.0,0.25,16.049999999999983,0.5623351444188083,0.28708379259618755,0.005734507589219562,tail
579,0.75,0.25,0.0,16.124999999999986,0.5623351444188083,0.2848846702196899,0.002199122376497664,tail
580,0.5,0.25,0.25,16.143749999999986,1.0397207705399178,0.28520844324581374,0.0003237730261238525,tail
581,0.25,0.25,0.5,16.143749999999986,1.0397207705399178,0.28520844324581374,0.0,tail
582,0.5,0.0,0.5,16.199999999999985,0.6931471803599453,0.2840869502476892,0.0011214929981245292,tail
583,0.0,0.75,0.25,16.256249999999984,0.5623351444188083,0.283009929243199,0.0010770210044901973,tail
584,0.25,0.5,0.25,16.331249999999986,1.0397207705399178,0.28748887795090416,0.004478948707705155,tail
585,0.25,0.25,0.5,16.387499999999985,1.0397207705399178,0.28138623189982037,0.006102646051083793,tail
586,0.25,0.25,0.5,16.443749999999984,1.0397207705399178,0.28018850250900995,0.0011977293908104203,tail
587,0.75,0.25,0.0,16.499999999999986,0.5623351444188083,0.28274182154146105,0.0025533190324510957,tail
588,0.5,0.0,0.5,16.518749999999986,0.6931471803599453,0.28332667590474436,0.0005848543632833159,tail
589,0.25,0.25,0.5,16.574999999999985,1.0397207705399178,0.28404877388281136,0.0007220979780669934,tail
590,0.5,0.5,0.0,16.631249999999984,0.6931471803599453,0.28267080955505774,0.0013779643277536113,tail
591,0.25,0.5,0.25,16.649999999999988,1.0397207705399178,0.28494822975866574,0.002277420203607994,tail
592,0.5,0.25,0.25,16.706249999999986,1.0397207705399178,0.2837923246115037,0.0011559051471620174,tail
593,0.5,0.25,0.25,16.649999999999988,1.0397207705399178,0.2893796667435876,0.0055873421320838945,tail
594,0.5,0.25,0.25,16.66874999999999,1.0397207705399178,0.29002404091993556,0.0006443741763479394,tail
595,0.0,0.5,0.5,16.687499999999986,0.6931471803599453,0.29405311680566526,0.004029075885729705,tail
596,0.75,0.0,0.25,16.743749999999988,0.5623351444188083,0.291609018064517,0.0024440987411482595,tail
597,0.5,0.5,0.0,16.799999999999986,0.6931471803599453,0.29416137454287417,0.002552356478357165,tail
598,0.5,0.25,0.25,16.874999999999986,1.0397207705399178,0.29202286083922224,0.002138513703651923,tail
599,0.0,1.0,0.0,16.874999999999986,-1.000000082690371e-10,0.29202286083922224,0.0,tail
600,0.0,0.75,0.25,16.931249999999988,0.5623351444188083,0.289592071677816,0.002430789161406266,tail
601,0.5,0.25,0.25,17.006249999999987,1.0397207705399178,0.29454993740434854,0.004957865726532562,tail
602,0.0,0.0,1.0,17.081249999999986,-1.000000082690371e-10,0.2987707186306871,0.004220781226338566,tail
603,0.5,0.25,0.25,17.13749999999999,1.0397207705399178,0.3005767501667165,0.0018060315360293733,tail
604,0.5,0.5,0.0,17.156249999999986,0.6931471803599453,0.300400367958876,0.00017638220784049752,tail
605,0.0,0.25,0.75,17.09999999999999,0.5623351444188083,0.3011830318565186,0.0007826638976426437,tail
606,0.5,0.0,0.5,17.174999999999986,0.6931471803599453,0.2967058403350674,0.004477191521451207,tail
607,0.75,0.0,0.25,17.23124999999999,0.5623351444188083,0.29927260630344277,0.0025667659683753508,tail
608,0.25,0.5,0.25,17.306249999999988,1.0397207705399178,0.29479906327329003,0.004473543030152738,tail
609,0.0,0.5,0.5,17.36249999999999,0.6931471803599453,0.2955221360628603,0.0007230727895702893,tail
610,0.5,0.0,0.5,17.41874999999999,0.6931471803599453,0.2943948524290773,0.001127283633783005,tail
611,0.25,0.5,0.25,17.474999999999987,1.0397207705399178,0.29695273640695774,0.0025578839778804263,tail
612,0.25,0.25,0.5,17.54999999999999,1.0397207705399178,0.30203909018108016,0.005086353774122421,tail
613,0.25,0.0,0.75,17.60624999999999,0.5623351444188083,0.2996073156101003,0.002431774570979872,tail
614,0.25,0.25,0.5,17.531249999999986,1.0397207705399178,0.3013248650321324,0.0017175494220321164,tail
615,0.5,0.25,0.25,17.549999999999986,1.0397207705399178,0.30478852640268833,0.003463661370555926,tail
616,0.25,0.25,0.5,17.60624999999999,1.0397207705399178,0.30234970577775966,0.0024388206249286726,tail
617,0.5,0.0,0.5,17.66249999999999,0.6931471803599453,0.3030745066433653,0.0007248008656056681,tail
618,0.25,0.75,0.0,17.681249999999988,0.5623351444188083,0.3037429583622358,0.0006684517188704775,tail
619,0.5,0.0,0.5,17.756249999999987,0.6931471803599453,0.3005201927791686,0.003222765583067222,tail
620,0.75,0.25,0.0,17.81249999999999,0.5623351444188083,0.29928406036754174,0.0012361324116268446,tail
621,0.25,0.0,0.75,17.83124999999999,0.5623351444188083,0.29960539195870034,0.0003213315911586023,tail
622,0.0,0.5,0.5,17.84999999999999,0.6931471803599453,0.2999276556377731,0.0003222636790727873,tail
623,0.25,0.5,0.25,17.90624999999999,1.0397207705399178,0.29383020862703213,0.006097447010740997,tail
624,0.25,0.25,0.5,17.96249999999999,1.0397207705399178,0.28886554819268917,0.00496466043434296,tail
625,0.5,0.0,0.5,17.90624999999999,0.6931471803599453,0.29040436484905563,0.0015388166563664596,tail
626,0.5,0.25,0.25,17.981249999999992,1.0397207705399178,0.2885429034011303,0.0018614614479253166,tail
627,1.0,0.0,0.0,17.999999999999993,-1.000000082690371e-10,0.28884172647628004,0.0002988230751497234,tail
628,0.25,0.5,0.25,17.92499999999999,1.0397207705399178,0.2921507668691287,0.0033090403928486833,tail
629,0.25,0.75,0.0,17.94374999999999,0.5623351444188083,0.2919908806452924,0.00015988622383633633,tail
630,0.5,0.25,0.25,17.96249999999999,1.0397207705399178,0.2942694552743693,0.002278574629076935,tail
631,0.25,0.5,0.25,18.01874999999999,1.0397207705399178,0.29498719861643236,0.0007177433420630375,tail
632,0.25,0.5,0.25,18.093749999999993,1.0397207705399178,0.3004764515765869,0.005489252960154567,tail
633,0.25,0.75,0.0,18.112499999999994,0.5623351444188083,0.3007953048890991,0.0003188533125121906,tail
634,0.25,0.5,0.25,18.187499999999996,1.0397207705399178,0.30560479323522266,0.004809488346123547,tail
635,0.0,0.25,0.75,18.262499999999996,0.5623351444188083,0.30359690082511354,0.0020078924101091244,tail
636,0.25,0.25,0.5,18.281249999999993,1.0397207705399178,0.30667749731387084,0.0030805964887573034,tail
637,0.5,0.25,0.25,18.337499999999995,1.0397207705399178,0.30703601505044925,0.000358517736578412,tail
638,0.5,0.0,0.5,18.412499999999998,0.6931471803599453,0.3095554727000619,0.002519457649612644,tail
639,0.75,0.25,0.0,18.468749999999996,0.5623351444188083,0.30816673240728565,0.0013887402927762471,tail
640,0.25,0.5,0.25,18.393749999999997,1.0397207705399178,0.3096642035832329,0.0014974711759472292,tail
641,0.25,0.5,0.25,18.449999999999996,1.0397207705399178,0.304692964489207,0.004971239094025859,tail
642,0.5,0.25,0.25,18.525,1.0397207705399178,0.30922093769562814,0.004527973206421121,tail
643,0.0,0.5,0.5,18.543749999999996,0.6931471803599453,0.31230842699034517,0.0030874892947170274,tail
644,0.0,0.25,0.75,18.543749999999996,0.5623351444188083,0.31230842699034517,0.0,tail
645,0.5,0.25,0.25,18.562499999999996,1.0397207705399178,0.3139955165739772,0.0016870895836320066,tail
646,0.5,0.25,0.25,18.61875,1.0397207705399178,0.3142827257330313,0.0002872091590541137,tail
647,0.75,0.25,0.0,18.693749999999998,0.5623351444188083,0.3112946643407893,0.002988061392242003,tail
648,0.5,0.25,0.25,18.7125,1.0397207705399178,0.3111373214230946,0.00015734291769470277,tail
649,0.75,0.25,0.0,18.768749999999997,0.5623351444188083,0.3100639349261564,0.0010733864969381668,tail
650,0.5,0.0,0.5,18.787499999999998,0.6931471803599453,0.3103600693200753,0.00029613439391890095,tail
651,0.25,0.5,0.25,18.843749999999996,1.0397207705399178,0.3079552023162965,0.0024048670037788433,tail
652,0.5,0.0,0.5,18.843749999999996,0.6931471803599453,0.3079552023162965,0.0,tail
653,0.5,0.25,0.25,18.862499999999997,1.0397207705399178,0.30780623515486893,0.00014896716142753785,tail
654,0.25,0.0,0.75,18.937499999999996,0.5623351444188083,0.30609833959854327,0.001707895556325667,tail
655,0.0,0.0,1.0,18.99375,-1.000000082690371e-10,0.30501334426096965,0.0010849953375736132,tail
656,0.5,0.25,0.25,19.068749999999998,1.0397207705399178,0.3098917142582714,0.004878369997301735,tail
657,0.25,0.0,0.75,19.125,0.5623351444188083,0.3104768314575198,0.0005851171992484194,tail
658,0.25,0.75,0.0,19.14375,0.5623351444188083,0.3103409916894955,0.00013583976802428177,tail
659,0.5,0.25,0.25,19.2,1.0397207705399178,0.3109260580418045,0.0005850663523089827,tail
660,0.25,0.75,0.0,19.25625,0.5623351444188083,0.3100004692499985,0.0009255887918059869,tail
661,0.5,0.5,0.0,19.3125,0.6931471803599453,0.3040358521483178,0.005964617101680725,tail
662,1.0,0.0,0.0,19.36875,-1.000000082690371e-10,0.3016689666308301,0.0023668855174877046,tail
663,0.5,0.0,0.5,19.425,0.6931471803599453,0.30416389328564675,0.0024949266548166538,tail
664,0.5,0.25,0.25,19.48125,1.0397207705399178,0.29822110743438623,0.0059427858512605125,tail
665,0.5,0.0,0.5,19.556250000000002,0.6931471803599453,0.2956516287537626,0.002569478680623627,tail
666,0.25,0.25,0.5,19.556250000000002,1.0397207705399178,0.2956516287537626,0.0,tail
667,0.25,0.5,0.25,19.575,1.0397207705399178,0.29591152740193793,0.0002598986481753274,tail
668,0.25,0.5,0.25,19.63125,1.0397207705399178,0.2949149516752644,0.0009965757266735542,tail
669,0.75,0.0,0.25,19.650000000000006,0.5623351444188083,0.294807350528556,0.00010760114670838039,tail
670,0.25,0.25,0.5,19.668750000000003,1.0397207705399178,0.29470084670999047,0.00010650381856552871,tail
671,0.5,0.25,0.25,19.687500000000004,1.0397207705399178,0.29459544140970456,0.00010540530028591011,tail
672,0.25,0.25,0.5,19.706250000000004,1.0397207705399178,0.2944911358072549,0.00010430560244967246,tail
673,0.0,0.25,0.75,19.762500000000006,0.5623351444188083,0.2935267488727777,0.0009643869344772016,tail
674,0.25,0.0,0.75,19.781250000000007,0.5623351444188083,0.2938898543620915,0.0003631054893137864,tail
675,0.5,0.5,0.0,19.800000000000004,0.6931471803599453,0.29426703113328034,0.0003771767711888696,tail
676,0.75,0.0,0.25,19.856250000000006,0.5623351444188083,0.293289860787107,0.0009771703461733394,tail
677,0.75,0.0,0.25,19.875000000000007,0.5623351444188083,0.2925950973621671,0.0006947634249399037,tail
678,0.75,0.0,0.25,19.800000000000004,0.5623351444188083,0.29377849043334986,0.001183393071182759,tail
679,0.5,0.0,0.5,19.800000000000004,0.6931471803599453,0.29377849043334986,0.0,tail
680,0.25,0.0,0.75,19.818750000000005,0.5623351444188083,0.29792144835537365,0.004142957922023793,tail
681,0.5,0.25,0.25,19.837500000000006,1.0397207705399178,0.30207587971344924,0.004154431358075583,tail
682,0.25,0.25,0.5,19.781250000000007,1.0397207705399178,0.30280060433834666,0.0007247246248974215,tail
683,0.25,0.25,0.5,19.800000000000008,1.0397207705399178,0.3026743060894191,0.0001262982489275699,tail
684,0.25,0.5,0.25,19.800000000000008,1.0397207705399178,0.3026743060894191,0.0,tail
685,0.25,0.0,0.75,19.818750000000005,0.5623351444188083,0.30294641259850985,0.0002721065090907637,tail
686,0.25,0.25,0.5,19.74375000000001,1.0397207705399178,0.305965676156979,0.003019263558469154,tail
687,0.5,0.25,0.25,19.762500000000006,1.0397207705399178,0.30646296504630205,0.0004972888893230443,tail
688,0.5,0.25,0.25,19.81875000000001,1.0397207705399178,0.3089882097193037,0.0025252446730016365,tail
689,0.75,0.0,0.25,19.762500000000006,0.5623351444188083,0.3098403611949695,0.0008521514756658077,tail
690,0.25,0.25,0.5,19.818750000000005,1.0397207705399178,0.3165787182032042,0.006738357008234719,tail
691,0.0,0.25,0.75,19.83750000000001,0.5623351444188083,0.31694843955256946,0.0003697213493652485,tail
692,0.75,0.25,0.0,19.856250000000006,0.5623351444188083,0.3177370775408243,0.0007886379882548478,tail
693,0.0,0.75,0.25,19.875000000000007,0.5623351444188083,0.31757483299921163,0.0001622445416126772,tail
694,0.0,0.5,0.5,19.89375000000001,0.6931471803599453,0.3177370775408243,0.0001622445416126772,tail
695,0.0,0.0,1.0,19.89375000000001,-1.000000082690371e-10,0.3177370775408243,0.0,tail
696,0.0,0.5,0.5,19.91250000000001,0.6931471803599453,0.31757483299921163,0.0001622445416126772,tail
697,0.25,0.25,0.5,19.93125000000001,1.0397207705399178,0.3177370775408243,0.0001622445416126772,tail
698,0.25,0.25,0.5,19.987500000000008,1.0397207705399178,0.31656163352431776,0.0011754440165065438,tail
699,0.5,0.25,0.25,20.062500000000014,1.0397207705399178,0.3195406383933173,0.0029790048689995463,tail
700,0.25,0.5,0.25,20.118750000000013,1.0397207705399178,0.318430812732511,0.0011098256608063073,tail
701,0.5,0.25,0.25,20.137500000000014,1.0397207705399178,0.3195723596031246,0.0011415468706135745,tail
702,0.0,0.25,0.75,20.193750000000012,0.5623351444188083,0.31986611404294424,0.0002937544398196601,tail
703,0.5,0.5,0.0,20.212500000000013,0.6931471803599453,0.3202698521224856,0.0004037380795413603,tail
704,0.25,0.25,0.5,20.268750000000015,1.0397207705399178,0.31913497413514164,0.001134877987343963,tail
705,0.75,0.0,0.25,20.325000000000014,0.5623351444188083,0.3178070559764011,0.0013279181587405597,tail
706,0.0,0.0,1.0,20.268750000000015,-1.000000082690371e-10,0.3200544830272464,0.0022474270508452965,tail
707,0.5,0.0,0.5,20.325000000000014,0.6931471803599453,0.3237656615404596,0.0037111785132132313,tail
708,0.25,0.25,0.5,20.343750000000014,1.0397207705399178,0.32379191554035747,2.6253999897862812e-05,tail
709,0.5,0.25,0.25,20.400000000000013,1.0397207705399178,0.324331187550213,0.0005392720098555404,tail
710,0.0,0.5,0.5,20.45625000000001,0.6931471803599453,0.3248741365041144,0.0005429489539013899,tail
711,0.25,0.0,0.75,20.512500000000014,0.5623351444188083,0.32244667498811397,0.0024274615160004287,tail
712,0.25,0.25,0.5,20.587500000000013,1.0397207705399178,0.31944524904676475,0.003001425941349223,tail
713,0.0,0.5,0.5,20.60625000000001,0.6931471803599453,0.3187264218543518,0.0007188271924129519,tail
714,0.25,0.25,0.5,20.662500000000016,1.0397207705399178,0.31755931946405275,0.0011671023902990463,tail
715,0.25,0.0,0.75,20.73750000000001,0.5623351444188083,0.31312725576576617,0.004432063698286581,tail
716,0.25,0.25,0.5,20.756250000000012,1.0397207705399178,0.31241118704930076,0.0007160687164654012,tail
717,0.25,0.25,0.5,20.775000000000013,1.0397207705399178,0.31169536878871307,0.0007158182605876973,tail
718,0.5,0.0,0.5,20.831250000000015,0.6931471803599453,0.31241118704930076,0.0007158182605876973,tail
719,0.5,0.0,0.5,20.887500000000014,0.6931471803599453,0.3100044403625932,0.0024067466867075393,tail
720,0.25,0.25,0.5,20.943750000000016,1.0397207705399178,0.3089352275937761,0.0010692127688171071,tail
721,0.5,0.25,0.25,21.000000000000014,1.0397207705399178,0.3065403240797035,0.0023949035140726216,tail
722,0.25,0.25,0.5,21.018750000000015,1.0397207705399178,0.30707505717544636,0.0005347330957428675,tail
723,0.25,0.5,0.25,21.037500000000016,1.0397207705399178,0.3063622691583157,0.00071278801713065,tail
724,0.25,0.25,0.5,21.093750000000014,1.0397207705399178,0.30034698262189136,0.006015286536424358,tail
725,0.25,0.25,0.5,21.11250000000002,1.0397207705399178,0.30019966778841345,0.0001473148334779073,tail
726,0.0,0.5,0.5,21.168750000000017,0.6931471803599453,0.29892581233214804,0.0012738554562654048,tail
727,0.75,0.0,0.25,21.225000000000016,0.5623351444188083,0.2996344215626034,0.0007086092304553482,tail
728,0.25,0.5,0.25,21.24375000000002,1.0397207705399178,0.29892581233214804,0.0007086092304553482,tail
729,0.25,0.25,0.5,21.262500000000017,1.0397207705399178,0.2994412863926308,0.0005154740604827457,tail
730,0.75,0.25,0.0,21.281250000000018,0.5623351444188083,0.29973071145911634,0.0002894250664855491,tail
731,0.25,0.25,0.5,21.30000000000002,1.0397207705399178,0.3039326034034826,0.004201891944366265,tail
732,0.25,0.5,0.25,21.37500000000002,1.0397207705399178,0.3022126859270764,0.0017199174764062075,tail
733,0.5,0.5,0.0,21.431250000000023,0.6931471803599453,0.3029198476362667,0.0007071617091903293,tail
734,0.5,0.25,0.25,21.45000000000002,1.0397207705399178,0.30278286073674676,0.00013698689951996412,tail
735,0.25,0.25,0.5,21.506250000000023,1.0397207705399178,0.3034898973300421,0.0007070365932953515,tail
736,0.0,0.5,0.5,21.56250000000002,0.6931471803599453,0.30263148128880174,0.000858416041240373,tail
737,0.0,0.5,0.5,21.61875000000002,0.6931471803599453,0.30143028018862034,0.0012012011001814038,tail
738,0.0,0.75,0.25,21.675000000000022,0.5623351444188083,0.30392398849504876,0.0024937083064284216,tail
739,0.25,0.75,0.0,21.73125000000002,0.5623351444188083,0.30462805919487274,0.0007040706998239776,tail
740,0.5,0.25,0.25,21.787500000000023,1.0397207705399178,0.3053324413742441,0.0007043821793713545,tail
741,0.5,0.5,0.0,21.84375000000002,0.6931471803599453,0.3060371328824372,0.0007046915081931338,tail
742,0.5,0.25,0.25,21.862500000000026,1.0397207705399178,0.3102074199541464,0.004170287071709189,tail
743,0.5,0.25,0.25,21.787500000000023,1.0397207705399178,0.31169260805109994,0.001485188096953527,tail
744,0.5,0.25,0.25,21.806250000000023,1.0397207705399178,0.31378584615817556,0.0020932381070756234,tail
745,0.0,0.5,0.5,21.825000000000024,0.6931471803599453,0.3143247971322676,0.0005389509740920118,tail
746,0.25,0.25,0.5,21.825000000000024,1.0397207705399178,0.3143247971322676,0.0,tail
747,0.25,0.0,0.75,21.843750000000025,0.5623351444188083,0.31417261326866996,0.00015218386359761027,tail
748,0.75,0.25,0.0,21.900000000000027,0.5623351444188083,0.3117770560505021,0.0023955572181678653,tail
749,0.5,0.5,0.0,21.975000000000023,0.6931471803599453,0.30740766232227384,0.004369393728228255,tail
750,0.75,0.0,0.25,21.993750000000027,0.5623351444188083,0.3094402426448049,0.0020325803225310635,tail
751,0.5,0.25,0.25,22.012500000000024,1.0397207705399178,0.3093014581189763,0.0001387845258286058,tail
752,0.25,0.25,0.5,22.06875000000003,1.0397207705399178,0.3083586343726546,0.0009428237463217082,tail
753,0.25,0.25,0.5,22.12500000000003,1.0397207705399178,0.3074663054087181,0.000892328963936484,tail
754,0.0,0.25,0.75,22.181250000000023,0.5623351444188083,0.30669167773876255,0.0007746276699555632,tail
755,0.5,0.25,0.25,22.237500000000026,1.0397207705399178,0.3073907720653603,0.00069909432659776,tail
756,0.0,0.5,0.5,22.293750000000024,0.6931471803599453,0.30504060334553784,0.0023501687198224652,tail
757,0.5,0.25,0.25,22.293750000000024,1.0397207705399178,0.30504060334553784,0.0,tail
758,0.25,0.0,0.75,22.312500000000025,0.5623351444188083,0.3091717748778425,0.004131171532304634,tail
759,0.0,0.5,0.5,22.331250000000026,0.6931471803599453,0.30905350744966387,0.00011826742817860891,tail
760,0.0,0.25,0.75,22.35000000000003,0.5623351444188083,0.3109896660098934,0.0019361585602295506,tail
761,0.5,0.25,0.25,22.40625000000003,1.0397207705399178,0.31169214782444615,0.0007024818145527356,tail
762,0.75,0.0,0.25,22.48125000000003,0.5623351444188083,0.3170666779731788,0.005374530148732626,tail
763,0.75,0.0,0.25,22.53750000000003,0.5623351444188083,0.31602312714434605,0.0010435508288327289,tail
764,0.25,0.0,0.75,22.59375000000003,0.5623351444188083,0.3167268923002716,0.0007037651559255731,tail
765,0.5,0.0,0.5,22.53750000000003,0.6931471803599453,0.3174785377411704,0.0007516454408987849,tail
766,0.5,0.25,0.25,22.48125000000003,1.0397207705399178,0.31871999706808585,0.0012414593269154395,tail
767,0.25,0.25,0.5,22.500000000000032,1.0397207705399178,0.31858448262592726,0.00013551444215859076,tail
768,0.25,0.25,0.5,22.57500000000003,1.0397207705399178,0.32140585071373845,0.0028213680878111935,tail
769,0.75,0.0,0.25,22.59375000000003,0.5623351444188083,0.32069590678522947,0.0007099439285089826,tail
770,0.5,0.25,0.25,22.59375000000003,1.0397207705399178,0.32069590678522947,0.0,tail
771,0.5,0.25,0.25,22.650000000000034,1.0397207705399178,0.32140585071373845,0.0007099439285089826,tail
772,0.0,1.0,0.0,22.725000000000033,-1.000000082690371e-10,0.31871793483922595,0.002687915874512503,tail
773,0.75,0.0,0.25,22.781250000000032,0.5623351444188083,0.3127518300966415,0.005966104742584466,tail
774,0.5,0.0,0.5,22.837500000000034,0.6931471803599453,0.3117213250802992,0.0010305050163422758,tail
775,0.25,0.25,0.5,22.912500000000033,1.0397207705399178,0.31709872372472364,0.005377398644424436,tail
776,0.5,0.25,0.25,22.968750000000036,1.0397207705399178,0.31926949012552436,0.0021707664008007166,tail
777,0.75,0.0,0.25,23.025000000000034,0.5623351444188083,0.32134568903296035,0.0020761989074359888,tail
778,0.0,0.5,0.5,23.081250000000036,0.6931471803599453,0.3219321994828505,0.0005865104498901652,tail
779,0.25,0.25,0.5,23.137500000000035,1.0397207705399178,0.3210468934433636,0.0008853060394868884,tail
780,0.75,0.25,0.0,23.193750000000033,0.5623351444188083,0.32163050866298,0.0005836152196163624,tail
781,0.5,0.25,0.25,23.212500000000038,1.0397207705399178,0.3238549479071311,0.0022244392441511107,tail
782,0.5,0.5,0.0,23.287500000000037,0.6931471803599453,0.31949671578336736,0.004358232123763739,tail
783,0.25,0.5,0.25,23.287500000000037,1.0397207705399178,0.31949671578336736,0.0,tail
784,0.0,0.0,1.0,23.306250000000034,-1.000000082690371e-10,0.32145782275438317,0.0019611069710158135,tail
785,0.25,0.5,0.25,23.362500000000036,1.0397207705399178,0.3205655343560924,0.0008922883982907526,tail
786,0.25,0.25,0.5,23.41875000000004,1.0397207705399178,0.32126934659445555,0.0007038122383631329,tail
787,0.75,0.25,0.0,23.475000000000037,0.5623351444188083,0.3202487125975255,0.0010206339969300315,tail
788,0.25,0.5,0.25,23.493750000000038,1.0397207705399178,0.32367259738532717,0.0034238847878016454,tail
789,0.25,0.25,0.5,23.55000000000004,1.0397207705399178,0.3240362017058838,0.00036360432055665415,tail
790,0.5,0.5,0.0,23.60625000000004,0.6931471803599453,0.3230206368457677,0.0010155648601161138,tail
791,0.25,0.0,0.75,23.625000000000043,0.5623351444188083,0.32328254615032165,0.00026190930455394223,tail
792,0.5,0.25,0.25,23.64375000000004,1.0397207705399178,0.3231615315132804,0.00012101463704122795,tail
793,0.25,0.0,0.75,23.66250000000004,0.5623351444188083,0.32359827194462565,0.00043674043134522833,tail
794,0.5,0.0,0.5,23.68125000000004,0.6931471803599453,0.3261623105954065,0.0025640386507808643,tail
795,0.25,0.25,0.5,23.75625000000004,1.0397207705399178,0.3289903910706137,0.002828080475207162,tail
796,0.0,0.0,1.0,23.77500000000004,-1.000000082690371e-10,0.32912218174785973,0.00013179067724605753,tail
797,0.25,0.5,0.25,23.718750000000043,1.0397207705399178,0.3298316235320589,0.0007094417841991829,tail
798,0.5,0.25,0.25,23.73750000000004,1.0397207705399178,0.32969433165735945,0.00013729187469946336,tail
799,0.0,0.5,0.5,23.793750000000045,0.6931471803599453,0.3299887034627759,0.00029437180541647123,tail
800,0.0,0.75,0.25,23.812500000000043,0.5623351444188083,0.3299725374447567,1.6166018019236894e-05,tail
801,0.25,0.5,0.25,23.831250000000047,1.0397207705399178,0.32926070669533286,0.0007118307494238252,tail
802,0.25,0.75,0.0,23.887500000000045,0.5623351444188083,0.32819559422245315,0.0010651124728797146,tail
803,0.5,0.25,0.25,23.906250000000046,1.0397207705399178,0.32806013901280845,0.00013545520964469704,tail
804,0.5,0.5,0.0,23.981250000000045,0.6931471803599453,0.3265103208479669,0.0015498181648415654,tail
805,0.25,0.0,0.75,24.037500000000044,0.5623351444188083,0.3272156270222873,0.0007053061743204081,tail
806,0.25,0.5,0.25,24.056250000000045,1.0397207705399178,0.3274788780313215,0.0002632510090341822,tail
807,0.25,0.75,0.0,24.112500000000047,0.5623351444188083,0.3280667026704721,0.0005878246391506359,tail
808,0.5,0.25,0.25,24.168750000000045,1.0397207705399178,0.32861519196700667,0.00054848929653456,tail
809,0.25,0.5,0.25,24.225000000000048,1.0397207705399178,0.3276016686666244,0.0010135233003822908,tail
810,0.25,0.5,0.25,24.150000000000045,1.0397207705399178,0.3295180665477525,0.001916397881128129,tail
811,0.75,0.25,0.0,24.225000000000044,0.5623351444188083,0.32799939794915495,0.0015186685985975612,tail
812,0.5,0.0,0.5,24.28125000000005,0.6931471803599453,0.32700372153620394,0.0009956764129510076,tail
813,0.25,0.25,0.5,24.30000000000005,1.0397207705399178,0.3268870749681399,0.00011664656806403828,tail
814,0.5,0.0,0.5,24.318750000000048,0.6931471803599453,0.3295902519517627,0.0027031769836228237,tail
815,0.0,0.25,0.75,24.33750000000005,0.5623351444188083,0.3300223316681242,0.0004320797163614998,tail
816,0.5,0.5,0.0,24.33750000000005,0.6931471803599453,0.3300223316681242,0.0,tail
817,0.25,0.5,0.25,24.39375000000005,1.0397207705399178,0.32765187388924977,0.0023704577788744574,tail
818,0.0,1.0,0.0,24.450000000000045,-1.000000082690371e-10,0.3327384020784666,0.0050865281892168435,tail
819,0.75,0.0,0.25,24.46875000000005,0.5623351444188083,0.33261236027815533,0.00012604180031128287,tail
820,0.25,0.25,0.5,24.54375000000005,1.0397207705399178,0.3282496264426399,0.004362733835515442,tail
821,0.5,0.0,0.5,24.600000000000048,0.6931471803599453,0.3307504719522422,0.002500845509602334,tail
822,0.0,0.25,0.75,24.65625000000005,0.5623351444188083,0.33145647822372903,0.0007060062714868143,tail
823,0.5,0.25,0.25,24.581250000000047,1.0397207705399178,0.3318266219840247,0.0003701437602956492,tail
824,0.75,0.0,0.25,24.63750000000005,0.5623351444188083,0.32944183702161334,0.002384784962411346,tail
825,0.0,0.25,0.75,24.65625000000005,0.5623351444188083,0.3311467951063456,0.0017049580847322554,tail
826,1.0,0.0,0.0,24.60000000000005,-1.000000082690371e-10,0.3312138795636644,6.708445731878898e-05,tail
827,0.75,0.0,0.25,24.65625000000005,0.5623351444188083,0.3268927779434852,0.00432110162017918,tail
828,0.5,0.25,0.25,24.581250000000047,1.0397207705399178,0.32833527106937077,0.0014424931258855689,tail
829,0.5,0.0,0.5,24.65625000000005,0.6931471803599453,0.32570903152715364,0.0026262395422171347,tail
830,0.5,0.25,0.25,24.71250000000005,1.0397207705399178,0.32821971994611276,0.0025106884189591283,tail
831,0.25,0.75,0.0,24.63750000000005,0.5623351444188083,0.32944942391766974,0.0012297039715569724,tail
832,1.0,0.0,0.0,24.69375000000005,-1.000000082690371e-10,0.32823412028664123,0.0012153036310285081,tail
833,0.75,0.0,0.25,24.71250000000005,0.5623351444188083,0.3287285912244084,0.0004944709377671663,tail
834,1.0,0.0,0.0,24.731250000000045,-1.000000082690371e-10,0.32898413852101543,0.00025554729660703934,tail
835,0.0,0.25,0.75,24.750000000000046,0.5623351444188083,0.33134725685466393,0.002363118333648495,tail
836,0.75,0.25,0.0,24.67500000000005,0.5623351444188083,0.33285792194505387,0.00151066509038994,tail
837,0.5,0.0,0.5,24.73125000000005,0.6931471803599453,0.3318412954248208,0.0010166265202330438,tail
838,0.25,0.0,0.75,24.78750000000005,0.5623351444188083,0.32944904908641737,0.0023922463384034587,tail
839,0.0,0.0,1.0,24.84375000000005,-1.000000082690371e-10,0.32838342338829124,0.001065625698126127,tail
840,0.5,0.25,0.25,24.91875000000005,1.0397207705399178,0.32400227862800746,0.004381144760283784,tail
841,0.0,0.5,0.5,24.86250000000005,0.6931471803599453,0.32537636383438867,0.0013740852063812148,tail
842,0.75,0.25,0.0,24.91875000000005,0.5623351444188083,0.32442509238803047,0.0009512714463582039,tail
843,0.5,0.0,0.5,24.93750000000005,0.6931471803599453,0.3242931002830328,0.0001319921049976469,tail
844,0.0,0.5,0.5,24.956250000000054,0.6931471803599453,0.3241620877481747,0.00013101253485814368,tail
845,0.5,0.25,0.25,24.956250000000054,1.0397207705399178,0.3241620877481747,0.0,tail
846,0.5,0.25,0.25,24.88125000000005,1.0397207705399178,0.3256367356270538,0.0014746478788791317,tail
847,0.25,0.5,0.25,24.93750000000005,1.0397207705399178,0.3196417942681481,0.005994941358905714,tail
848,0.25,0.25,0.5,24.86250000000005,1.0397207705399178,0.3211956658908236,0.0015538716226755067,tail
849,0.5,0.25,0.25,24.88125000000005,1.0397207705399178,0.32330501735598716,0.002109351465163556,tail
850,0.5,0.0,0.5,24.956250000000054,0.6931471803599453,0.3287664259403418,0.005461408584354621,tail
851,0.5,0.25,0.25,25.012500000000053,1.0397207705399178,0.329482650113868,0.0007162241735262365,tail
852,0.0,0.25,0.75,24.937500000000053,0.5623351444188083,0.3310859604521734,0.0016033103383054081,tail
853,0.25,0.25,0.5,24.956250000000054,1.0397207705399178,0.33110903268991415,2.3072237740728863e-05,tail
854,0.5,0.5,0.0,25.03125000000005,0.6931471803599453,0.32819816872814783,0.002910863961766319,tail
855,0.5,0.0,0.5,25.087500000000055,0.6931471803599453,0.32891370339171966,0.0007155346635718263,tail
856,0.5,0.0,0.5,25.106250000000053,0.6931471803599453,0.32920973532145226,0.0002960319297325986,tail
857,0.0,0.5,0.5,25.162500000000055,0.6931471803599453,0.3299257785561655,0.0007160432347132484,tail
858,0.75,0.0,0.25,25.218750000000057,0.5623351444188083,0.3289224865388833,0.0010032920172822202,tail
859,0.25,0.25,0.5,25.275000000000052,1.0397207705399178,0.3244218935285764,0.004500593010306864,tail
860,0.25,0.25,0.5,25.293750000000056,1.0397207705399178,0.3264608252368078,0.002038931708231384,tail
861,0.25,0.5,0.25,25.218750000000057,1.0397207705399178,0.32959023642601276,0.003129411189204956,tail
862,0.25,0.0,0.75,25.275000000000052,0.5623351444188083,0.3318103368584456,0.0022201004324328144,tail
863,0.5,0.5,0.0,25.331250000000054,0.6931471803599453,0.330516708980841,0.001293627877604564,tail
864,0.25,0.0,0.75,25.387500000000053,0.5623351444188083,0.3295556228771264,0.0009610861037145924,tail
865,0.5,0.25,0.25,25.46250000000005,1.0397207705399178,0.3278670385134344,0.001688584363692014,tail
866,0.25,0.25,0.5,25.481250000000053,1.0397207705399178,0.3294889454544951,0.0016219069410606801,tail
867,0.25,0.25,0.5,25.556250000000052,1.0397207705399178,0.33282071224828347,0.003331766793788382,tail
868,0.25,0.25,0.5,25.575000000000053,1.0397207705399178,0.33296663131893656,0.00014591907065308884,tail
869,0.25,0.25,0.5,25.650000000000055,1.0397207705399178,0.3351459577075805,0.002179326388643932,tail
870,0.75,0.25,0.0,25.66875000000006,0.5623351444188083,0.3344322901926637,0.0007136675149168048,tail
871,0.5,0.0,0.5,25.72500000000006,0.6931471803599453,0.33333940746186774,0.001092882730795941,tail
872,0.75,0.25,0.0,25.781250000000057,0.5623351444188083,0.3324246901360652,0.0009147173258025609,tail
873,0.5,0.25,0.25,25.837500000000055,1.0397207705399178,0.33136744017586134,0.0010572499602038432,tail
874,0.5,0.0,0.5,25.893750000000058,0.6931471803599453,0.33207634007453674,0.0007088998986753969,tail
875,0.75,0.25,0.0,25.91250000000006,0.5623351444188083,0.33194063563007536,0.00013570444446137087,tail
876,0.75,0.25,0.0,25.93125000000006,0.5623351444188083,0.3339449974301592,0.0020043618000838426,tail
877,0.0,0.25,0.75,25.87500000000006,0.5623351444188083,0.33479122742384243,0.0008462299936832229,tail
878,0.0,0.25,0.75,25.89375000000006,0.5623351444188083,0.33510138148663654,0.0003101540627941102,tail
879,0.5,0.0,0.5,25.95000000000006,0.6931471803599453,0.3290724262831356,0.006028955203500941,tail
880,0.0,0.25,0.75,25.96875000000006,0.5623351444188083,0.33328435493445424,0.004211928651318642,tail
881,0.25,0.25,0.5,25.912500000000062,1.0397207705399178,0.33391201898736206,0.000627664052907817,tail
882,0.5,0.25,0.25,25.931250000000063,1.0397207705399178,0.3337581158339682,0.00015390315339386396,tail
883,0.5,0.0,0.5,25.875000000000064,0.6931471803599453,0.3339837051870442,0.00022558935307598338,tail
884,0.5,0.5,0.0,25.950000000000063,0.6931471803599453,0.3321571331148942,0.001826572072149979,tail
885,0.25,0.25,0.5,25.968750000000064,1.0397207705399178,0.3326866503374752,0.0005295172225809885,tail
886,0.0,0.5,0.5,25.987500000000065,0.6931471803599453,0.33297372335134645,0.00028707301387126405,tail
887,0.5,0.0,0.5,25.912500000000062,0.6931471803599453,0.33464815349492416,0.0016744301435777098,tail
888,0.25,0.75,0.0,25.856250000000063,0.5623351444188083,0.33501212215250487,0.0003639686575807044,tail
889,0.5,0.0,0.5,25.912500000000062,0.6931471803599453,0.33393502785875834,0.0010770942937465278,tail
890,0.25,0.5,0.25,25.931250000000063,1.0397207705399178,0.33612318920195594,0.0021881613431976032,tail
891,0.25,0.5,0.25,25.987500000000065,1.0397207705399178,0.3347917021419134,0.0013314870600425466,tail
892,0.5,0.0,0.5,26.043750000000063,0.6931471803599453,0.3301665976741133,0.0046251044678000675,tail
893,0.25,0.5,0.25,26.100000000000062,1.0397207705399178,0.3290759739180208,0.0010906237560925347,tail
894,0.0,0.75,0.25,26.17500000000006,0.5623351444188083,0.3246816764694631,0.0043942974485576825,tail
895,0.0,0.5,0.5,26.118750000000063,0.6931471803599453,0.32553784219654097,0.0008561657270778622,tail
896,0.0,0.5,0.5,26.118750000000063,0.6931471803599453,0.32553784219654097,0.0,tail
897,0.25,0.75,0.0,26.06250000000006,0.5623351444188083,0.33067524719248303,0.005137404995942063,tail
898,0.0,0.0,1.0,26.06250000000006,-1.000000082690371e-10,0.33067524719248303,0.0,tail
899,0.5,0.0,0.5,26.137500000000063,0.6931471803599453,0.3287689241388986,0.0019063230535844577,tail
900,0.0,0.5,0.5,26.193750000000062,0.6931471803599453,0.3277197568076915,0.0010491673312070793,tail
901,0.5,0.25,0.25,26.250000000000064,1.0397207705399178,0.32540497984787375,0.0023147769598177437,tail
902,0.25,0.0,0.75,26.32500000000006,0.5623351444188083,0.3228433571795373,0.0025616226683364274,tail
903,0.5,0.0,0.5,26.34375000000006,0.6931471803599453,0.3269881884063779,0.004144831226840562,tail
904,0.5,0.5,0.0,26.41875000000006,0.6931471803599453,0.32557237700459785,0.0014158114017800427,tail
905,0.5,0.25,0.25,26.362500000000065,1.0397207705399178,0.3273642073771774,0.0017918303725795726,tail
906,0.5,0.0,0.5,26.287500000000065,0.6931471803599453,0.33028535672543075,0.002921149348253327,tail
907,0.5,0.5,0.0,26.306250000000066,0.6931471803599453,0.3321107551918042,0.0018253984663734735,tail
908,0.25,0.5,0.25,26.362500000000065,1.0397207705399178,0.33103434273986526,0.0010764124519389573,tail
909,0.25,0.5,0.25,26.437500000000068,1.0397207705399178,0.3344793820975521,0.003445039357686863,tail
910,0.25,0.5,0.25,26.493750000000066,1.0397207705399178,0.33340563453828936,0.001073747559262761,tail
911,0.5,0.0,0.5,26.512500000000067,0.6931471803599453,0.3332659587695366,0.00013967576875278942,tail
912,0.75,0.0,0.25,26.531250000000068,0.5623351444188083,0.3331272299424839,0.00013872882705268097,tail
913,0.25,0.25,0.5,26.587500000000066,1.0397207705399178,0.3349948145442585,0.0018675846017746078,tail
914,0.75,0.25,0.0,26.643750000000068,0.5623351444188083,0.33393614765222895,0.0010586668920295472,tail
915,0.5,0.25,0.25,26.66250000000007,1.0397207705399178,0.3338001753448616,0.000135972307367338,tail
916,0.25,0.5,0.25,26.66250000000007,1.0397207705399178,0.3338001753448616,0.0,tail
917,0.25,0.5,0.25,26.737500000000068,1.0397207705399178,0.33224281359255825,0.0015573617523033656,tail
918,0.25,0.5,0.25,26.756250000000072,1.0397207705399178,0.33369933907122556,0.0014565254786673143,tail
919,0.5,0.0,0.5,26.81250000000007,0.6931471803599453,0.3340737673806264,0.0003744283094008205,tail
920,0.5,0.25,0.25,26.86875000000007,1.0397207705399178,0.3344488364332757,0.000375069052649335,tail
921,0.0,0.75,0.25,26.925000000000075,0.5623351444188083,0.33326911564883693,0.001179720784438787,tail
922,0.0,0.25,0.75,26.943750000000072,0.5623351444188083,0.3360897277755302,0.002820612126693267,tail
923,0.5,0.0,0.5,27.00000000000007,0.6931471803599453,0.3364668596556608,0.00037713188013061005,tail
924,0.25,0.25,0.5,26.92500000000007,1.0397207705399178,0.3379477704329925,0.001480910777331701,tail
925,0.75,0.0,0.25,26.943750000000072,0.5623351444188083,0.3372379298472508,0.0007098405857416945,tail
926,0.25,0.0,0.75,26.962500000000073,0.5623351444188083,0.33709728685367424,0.0001406429935765785,tail
927,0.5,0.0,0.5,27.018750000000075,0.6931471803599453,0.3360415558018866,0.001055731051787634,tail
928,0.25,0.75,0.0,27.037500000000076,0.5623351444188083,0.33631395599360275,0.00027240019171614893,tail
929,0.0,0.5,0.5,27.093750000000075,0.6931471803599453,0.33210394822094047,0.004210007772662283,tail
930,0.25,0.25,0.5,27.018750000000075,1.0397207705399178,0.3349611684874748,0.002857220266534344,tail
931,0.75,0.0,0.25,27.037500000000076,0.5623351444188083,0.33694002439974396,0.0019788559122691507,tail
932,0.0,0.0,1.0,26.962500000000077,-1.000000082690371e-10,0.33866065448477733,0.00172063008503337,tail
933,0.5,0.0,0.5,27.01875000000008,0.6931471803599453,0.33264296902204343,0.006017685462733902,tail
934,0.25,0.5,0.25,27.075000000000077,1.0397207705399178,0.3333537967661333,0.0007108277440898703,tail
935,0.0,0.5,0.5,27.150000000000077,0.6931471803599453,0.331660805932862,0.0016929908332712906,tail
936,0.5,0.25,0.25,27.206250000000075,1.0397207705399178,0.33236736715381204,0.0007065612209500305,tail
937,0.5,0.25,0.25,27.262500000000074,1.0397207705399178,0.3392748070971379,0.006907439943325877,tail
938,0.25,0.0,0.75,27.318750000000076,0.5623351444188083,0.33830943348463366,0.0009653736125042611,tail
939,0.75,0.0,0.25,27.393750000000075,0.5623351444188083,0.3409377770950936,0.002628343610459938,tail
940,0.25,0.5,0.25,27.450000000000077,1.0397207705399178,0.3400694751241261,0.0008683019709674888,tail
941,0.25,0.25,0.5,27.468750000000078,1.0397207705399178,0.3393631861821893,0.0007062889419368057,tail
942,0.5,0.5,0.0,27.543750000000077,0.6931471803599453,0.34206119455339234,0.0026980083712030423,tail
943,0.5,0.0,0.5,27.562500000000078,0.6931471803599453,0.34205812691190546,3.067641486886874e-06,tail
944,0.25,0.5,0.25,27.506250000000083,1.0397207705399178,0.34205420560094524,3.921310960219859e-06,tail
945,0.0,0.5,0.5,27.58125000000008,0.6931471803599453,0.3404485855168631,0.00160562008408216,tail
946,0.5,0.0,0.5,27.637500000000077,0.6931471803599453,0.3395740700862648,0.0008745154305982994,tail
947,0.75,0.0,0.25,27.69375000000008,0.5623351444188083,0.3409116010274397,0.001337530941174947,tail
948,0.0,0.25,0.75,27.750000000000078,0.5623351444188083,0.340137043512607,0.000774557514832741,tail
949,0.0,0.0,1.0,27.750000000000078,-1.000000082690371e-10,0.340137043512607,0.0,tail
950,0.25,0.25,0.5,27.69375000000008,1.0397207705399178,0.3407361184164392,0.0005990749038322085,tail
951,0.5,0.25,0.25,27.750000000000075,1.0397207705399178,0.3367913439859638,0.003944774430475417,tail
952,0.5,0.25,0.25,27.80625000000008,1.0397207705399178,0.3358681352004323,0.0009232087855314819,tail
953,0.25,0.25,0.5,27.88125000000008,1.0397207705399178,0.34030255139623883,0.004434416195806534,tail
954,0.0,0.5,0.5,27.937500000000078,0.6931471803599453,0.33957001684123767,0.000732534555001163,tail
955,0.25,0.25,0.5,27.956250000000082,1.0397207705399178,0.33980525042625215,0.00023523358501448266,tail
956,0.5,0.25,0.25,27.88125000000008,1.0397207705399178,0.3409712068838605,0.0011659564576083636,tail
957,0.75,0.0,0.25,27.937500000000078,0.5623351444188083,0.34026730794992815,0.0007038989339323565,tail
958,0.25,0.5,0.25,27.95625000000008,1.0397207705399178,0.34050754053479604,0.00024023258486788324,tail
959,0.25,0.25,0.5,28.012500000000077,1.0397207705399178,0.3395862043376465,0.0009213361971495138,tail
960,0.5,0.25,0.25,28.06875000000008,1.0397207705399178,0.34164539928430265,0.002059194946656129,tail
961,0.25,0.25,0.5,28.087500000000077,1.0397207705399178,0.34202841919776134,0.000383019913458682,tail
962,0.75,0.0,0.25,28.106250000000077,0.5623351444188083,0.34477975965969954,0.002751340461938201,tail
963,0.5,0.25,0.25,28.162500000000072,1.0397207705399178,0.34407956508147214,0.0007001945782273977,tail
964,0.25,0.0,0.75,28.181250000000077,0.5623351444188083,0.3444637765285618,0.00038421144708966626,tail
965,0.75,0.25,0.0,28.200000000000074,0.5623351444188083,0.34528461267589594,0.0008208361473341363,tail
966,0.5,0.25,0.25,28.25625000000008,1.0397207705399178,0.3443335609376649,0.0009510517382310679,tail
967,0.0,0.75,0.25,28.27500000000008,0.5623351444188083,0.3442213968356146,0.00011216410205028282,tail
968,0.0,0.75,0.25,28.29375000000008,0.5623351444188083,0.344110169586407,0.00011122724920759053,tail
969,0.25,0.25,0.5,28.35000000000008,1.0397207705399178,0.3446952180246827,0.000585048438275726,tail
970,0.5,0.0,0.5,28.42500000000008,0.6931471803599453,0.3403892238181326,0.0043059942065501455,tail
971,0.25,0.25,0.5,28.368750000000084,1.0397207705399178,0.3416063791064333,0.001217155288300742,tail
972,0.25,0.5,0.25,28.425000000000082,1.0397207705399178,0.34408131916558854,0.0024749400591552173,tail
973,0.5,0.25,0.25,28.48125000000008,1.0397207705399178,0.3447611315172034,0.0006798123516148502,tail
974,0.25,0.25,0.5,28.48125000000008,1.0397207705399178,0.3447611315172034,0.0,tail
975,0.0,0.5,0.5,28.500000000000078,0.6931471803599453,0.3446466074114491,0.00011452410575429894,tail
976,0.5,0.0,0.5,28.55625000000008,0.6931471803599453,0.3439327258640146,0.0007138815474345139,tail
977,0.0,0.5,0.5,28.63125000000008,0.6931471803599453,0.34270425713199193,0.0012284687320226473,tail
978,0.25,0.5,0.25,28.65000000000008,1.0397207705399178,0.3434338878125817,0.0007296306805897879,tail
979,0.75,0.25,0.0,28.70625000000008,0.5623351444188083,0.3425283520441542,0.0009055357684275012,tail
980,0.5,0.25,0.25,28.76250000000008,1.0397207705399178,0.3409884899348315,0.0015398621093227205,tail
981,1.0,0.0,0.0,28.78125000000008,-1.000000082690371e-10,0.34030453256339444,0.0006839573714370606,tail
982,0.25,0.25,0.5,28.837500000000084,1.0397207705399178,0.33800661977121366,0.0022979127921807785,tail
983,0.25,0.0,0.75,28.856250000000085,0.5623351444188083,0.33792514847224064,8.147129897301264e-05,tail
984,0.25,0.75,0.0,28.875000000000085,0.5623351444188083,0.339515376781548,0.0015902283093073288,tail
985,0.0,1.0,0.0,28.931250000000084,-1.000000082690371e-10,0.33897093527306493,0.0005444415084830401,tail
986,0.25,0.75,0.0,28.95000000000008,0.5623351444188083,0.34222471130486903,0.003253776031804101,tail
987,0.25,0.5,0.25,29.006250000000087,1.0397207705399178,0.3435215856360951,0.00129687433122605,tail
988,0.25,0.5,0.25,29.025000000000084,1.0397207705399178,0.3438373398366966,0.0003157542006015368,tail
989,0.25,0.25,0.5,29.081250000000082,1.0397207705399178,0.3442037048564601,0.0003663650197635038,tail
990,0.5,0.5,0.0,29.13750000000008,0.6931471803599453,0.3433492745857449,0.0008544302707152451,tail
991,0.0,0.0,1.0,29.212500000000087,-1.000000082690371e-10,0.3423725375701099,0.0009767370156349986,tail
992,0.0,0.75,0.25,29.268750000000086,0.5623351444188083,0.34186664825972707,0.0005058893103828122,tail
993,0.5,0.0,0.5,29.343750000000085,0.6931471803599453,0.33995202335403024,0.0019146249056968268,tail
994,0.5,0.25,0.25,29.362500000000086,1.0397207705399178,0.3398928004297064,5.922292432386511e-05,tail
995,0.25,0.5,0.25,29.381250000000087,1.0397207705399178,0.3401087858852843,0.00021598545557793836,tail
996,0.25,0.25,0.5,29.400000000000087,1.0397207705399178,0.3415535592516828,0.0014447733663984774,tail
997,0.75,0.25,0.0,29.400000000000087,0.5623351444188083,0.3415535592516828,0.0,tail
998,0.25,0.5,0.25,29.456250000000082,1.0397207705399178,0.3435536306350852,0.002000071383402413,tail
999,0.25,0.75,0.0,29.531250000000085,0.5623351444188083,0.3427706604767795,0.0007829701583056958,tail
1000,0.0,0.5,0.5,29.550000000000086,0.6931471803599453,0.34209965525701175,0.0006710052197677618,tail
