round,p_aggressive,p_defensive,p_balanced,avg_reward,strategy_entropy,personality_norm,personality_velocity,phase
1,0.25,0.75,0.0,0.0,0.5623351444188083,0.0,0.0,burn-in
2,0.25,0.25,0.5,0.056249999999999994,1.0397207705399178,0.0007686483672655653,0.0007686483672655653,burn-in
3,0.25,0.5,0.25,0.0,1.0397207705399178,0.0036289041476043624,0.002860255780338797,burn-in
4,0.0,0.75,0.25,0.056249999999999994,0.5623351444188083,0.0016056540723331488,0.0020232500752712136,burn-in
5,0.0,1.0,0.0,0.07499999999999997,-1.000000082690371e-10,0.005552044246266429,0.00394639017393328,burn-in
6,0.0,0.75,0.25,0.13124999999999998,0.5623351444188083,0.0031124748994971834,0.0024395693467692456,burn-in
7,0.0,0.75,0.25,0.1875,0.5623351444188083,0.0013852600162063459,0.0017272148832908375,burn-in
8,0.5,0.0,0.5,0.26250000000000007,0.6931471803599453,0.004743931155961298,0.0033586711397549525,burn-in
9,0.25,0.5,0.25,0.31875000000000003,1.0397207705399178,0.004014135180832869,0.0007297959751284295,burn-in
10,0.75,0.25,0.0,0.24375000000000005,0.5623351444188083,0.004551356253909385,0.0005372210730765162,burn-in
11,0.5,0.25,0.25,0.18750000000000006,1.0397207705399178,0.007482596996531375,0.00293124074262199,burn-in
12,0.0,0.25,0.75,0.20625000000000004,0.5623351444188083,0.006952686081652187,0.0005299109148791878,burn-in
13,0.0,0.25,0.75,0.15000000000000002,0.5623351444188083,0.017036896999600593,0.010084210917948404,burn-in
14,0.25,0.25,0.5,0.16875,1.0397207705399178,0.019518295703967077,0.0024813987043664845,burn-in
15,0.25,0.0,0.75,0.24375,0.5623351444188083,0.01694300533221599,0.0025752903717510857,burn-in
16,0.25,0.75,0.0,0.31875,0.5623351444188083,0.020239074020011367,0.0032960686877953754,burn-in
17,0.5,0.25,0.25,0.39375000000000004,1.0397207705399178,0.02451695443336098,0.004277880413349613,burn-in
18,0.25,0.25,0.5,0.31875000000000003,1.0397207705399178,0.030352277380577223,0.005835322947216243,burn-in
19,0.0,1.0,0.0,0.37499999999999994,-1.000000082690371e-10,0.03241825657519233,0.002065979194615108,burn-in
20,0.25,0.25,0.5,0.43125,1.0397207705399178,0.023750596209621784,0.008667660365570547,burn-in
21,0.75,0.0,0.25,0.45000000000000007,0.5623351444188083,0.02325718135060652,0.0004934148590152627,burn-in
22,0.25,0.5,0.25,0.46875,1.0397207705399178,0.022767785801708934,0.0004893955488975872,burn-in
23,0.5,0.25,0.25,0.4875,1.0397207705399178,0.02703587388198314,0.004268088080274207,burn-in
24,0.0,0.25,0.75,0.5624999999999999,0.5623351444188083,0.021314997104445007,0.005720876777538134,burn-in
25,0.0,0.75,0.25,0.5812499999999998,0.5623351444188083,0.02187779000064906,0.0005627928962040514,burn-in
26,0.25,0.0,0.75,0.6375,0.5623351444188083,0.01972548419082534,0.0021523058098237187,burn-in
27,0.5,0.0,0.5,0.6937499999999999,0.6931471803599453,0.017416990626971125,0.002308493563854215,burn-in
28,1.0,0.0,0.0,0.7499999999999998,-1.000000082690371e-10,0.019852212762372375,0.00243522213540125,burn-in
29,0.0,0.25,0.75,0.7499999999999998,0.5623351444188083,0.019852212762372375,0.0,burn-in
30,0.25,0.5,0.25,0.7687499999999999,1.0397207705399178,0.024049590692982716,0.004197377930610341,burn-in
31,0.5,0.25,0.25,0.6937499999999999,1.0397207705399178,0.029988409219230062,0.005938818526247346,burn-in
32,0.0,0.25,0.75,0.7124999999999999,0.5623351444188083,0.02953812750603026,0.0004502817131998016,burn-in
33,0.25,0.5,0.25,0.73125,1.0397207705399178,0.029092390542889392,0.0004457369631408678,burn-in
34,0.5,0.5,0.0,0.8062499999999999,0.6931471803599453,0.03447610132396063,0.005383710781071239,burn-in
35,0.0,0.0,1.0,0.8249999999999998,-1.000000082690371e-10,0.0337618758041152,0.0007142255198454295,burn-in
36,0.5,0.25,0.25,0.8249999999999998,1.0397207705399178,0.0337618758041152,0.0,burn-in
37,0.5,0.25,0.25,0.76875,1.0397207705399178,0.036486579831665505,0.0027247040275503037,burn-in
38,0.25,0.5,0.25,0.84375,1.0397207705399178,0.03152449754258584,0.004962082289079663,burn-in
39,0.25,0.25,0.5,0.9187499999999998,1.0397207705399178,0.027436948314499207,0.004087549228086636,burn-in
40,0.5,0.25,0.25,0.9749999999999999,1.0397207705399178,0.02497655150336011,0.002460396811139097,burn-in
41,0.0,0.75,0.25,1.03125,0.5623351444188083,0.02570545677113131,0.0007289052677711995,burn-in
42,0.25,0.0,0.75,1.05,0.5623351444188083,0.0261504996665934,0.00044504289546208955,burn-in
43,0.5,0.25,0.25,1.06875,1.0397207705399178,0.02585566910756712,0.0002948305590262795,burn-in
44,0.25,0.25,0.5,1.125,1.0397207705399178,0.024213688987327005,0.0016419801202401142,burn-in
45,0.5,0.0,0.5,1.06875,0.6931471803599453,0.025894109036854348,0.0016804200495273425,burn-in
46,0.0,0.75,0.25,1.0875,0.5623351444188083,0.02939296325759793,0.0034988542207435823,burn-in
47,0.0,0.0,1.0,1.1437500000000003,-1.000000082690371e-10,0.026982416149225797,0.002410547108372133,burn-in
48,0.25,0.5,0.25,1.2000000000000002,1.0397207705399178,0.027695769786422287,0.0007133536371964899,burn-in
49,0.0,0.25,0.75,1.25625,0.5623351444188083,0.030246771521932763,0.002551001735510476,burn-in
50,0.25,0.0,0.75,1.3312499999999998,0.5623351444188083,0.025672364762522392,0.004574406759410371,burn-in
51,0.75,0.0,0.25,1.3499999999999999,0.5623351444188083,0.026116401096820407,0.0004440363342980147,burn-in
52,0.25,0.25,0.5,1.36875,1.0397207705399178,0.026567426013823833,0.00045102491700342584,burn-in
53,0.25,0.25,0.5,1.425,1.0397207705399178,0.027305008268859832,0.0007375822550359998,burn-in
54,0.75,0.0,0.25,1.44375,0.5623351444188083,0.027761346919998403,0.0004563386511385707,burn-in
55,0.25,0.25,0.5,1.4625000000000001,1.0397207705399178,0.03214293030745651,0.004381583387458109,burn-in
56,0.0,0.75,0.25,1.5187500000000003,0.5623351444188083,0.03288873584242038,0.000745805534963867,burn-in
57,0.5,0.25,0.25,1.5937500000000002,1.0397207705399178,0.038613532379368085,0.005724796536947706,burn-in
58,0.5,0.5,0.0,1.6500000000000004,0.6931471803599453,0.03231052036972641,0.006303012009641673,burn-in
59,0.25,0.25,0.5,1.7250000000000003,1.0397207705399178,0.02768137982584148,0.0046291405438849305,burn-in
60,0.5,0.25,0.25,1.7812500000000002,1.0397207705399178,0.02658352109390332,0.0010978587319381596,burn-in
61,0.25,0.25,0.5,1.8000000000000003,1.0397207705399178,0.026473619681911698,0.0001099014119916239,burn-in
62,0.25,0.25,0.5,1.8562500000000002,1.0397207705399178,0.024100943316600728,0.0023726763653109696,burn-in
63,0.0,0.75,0.25,1.9125,0.5623351444188083,0.01839223787532394,0.005708705441276787,burn-in
64,0.0,0.5,0.5,1.96875,0.6931471803599453,0.019041074024329637,0.0006488361490056965,burn-in
65,0.25,0.75,0.0,1.9875000000000005,0.5623351444188083,0.019210211517901133,0.00016913749357149593,burn-in
66,1.0,0.0,0.0,2.0437500000000006,-1.000000082690371e-10,0.019902594837106085,0.0006923833192049519,burn-in
67,0.5,0.25,0.25,2.1187500000000004,1.0397207705399178,0.025335329211399693,0.005432734374293608,burn-in
68,0.0,0.75,0.25,2.1374999999999997,0.5623351444188083,0.02589999170487324,0.0005646624934735472,burn-in
69,0.5,0.5,0.0,2.19375,0.6931471803599453,0.01972753865159062,0.006172453053282619,burn-in
70,0.0,0.75,0.25,2.25,0.5623351444188083,0.01860286016315774,0.0011246784884328814,burn-in
71,0.0,0.5,0.5,2.19375,0.6931471803599453,0.021428182195125735,0.002825322031967996,burn-in
72,0.25,0.75,0.0,2.25,0.5623351444188083,0.024115080538430825,0.0026868983433050893,burn-in
73,0.0,0.25,0.75,2.3062500000000004,0.5623351444188083,0.021565737981518368,0.0025493425569124567,burn-in
74,0.25,0.25,0.5,2.325,1.0397207705399178,0.020809543708957275,0.0007561942725610935,burn-in
75,0.75,0.0,0.25,2.2500000000000004,0.5623351444188083,0.02586892289746533,0.005059379188508056,burn-in
76,0.0,0.5,0.5,2.325,0.6931471803599453,0.03152327389207864,0.005654350994613307,burn-in
77,0.5,0.25,0.25,2.38125,1.0397207705399178,0.029330101991171195,0.002193171900907443,burn-in
78,0.5,0.5,0.0,2.4375,0.6931471803599453,0.02765702682524831,0.001673075165922886,burn-in
79,0.5,0.25,0.25,2.38125,1.0397207705399178,0.029844469886605555,0.0021874430613572464,burn-in
80,0.0,0.25,0.75,2.4,0.5623351444188083,0.03030091595665892,0.00045644607005336513,burn-in
81,0.0,0.5,0.5,2.41875,0.6931471803599453,0.029552323829946207,0.0007485921267127126,burn-in
82,0.5,0.5,0.0,2.3437500000000004,0.6931471803599453,0.034844688888695935,0.005292365058749728,burn-in
83,0.25,0.5,0.25,2.3625,1.0397207705399178,0.03535649913735821,0.0005118102486622728,burn-in
84,0.25,0.25,0.5,2.2875,1.0397207705399178,0.041103005136486265,0.005746505999128057,burn-in
85,0.25,0.5,0.25,2.2125000000000004,1.0397207705399178,0.045900580402104076,0.004797575265617811,burn-in
86,0.5,0.0,0.5,2.23125,0.6931471803599453,0.04998449955048588,0.004083919148381805,burn-in
87,0.0,0.0,1.0,2.2875000000000005,-1.000000082690371e-10,0.04764964093516362,0.0023348586153222606,burn-in
88,0.25,0.25,0.5,2.343750000000001,1.0397207705399178,0.0453419839421757,0.0023076569929879193,burn-in
89,0.5,0.5,0.0,2.2687500000000007,0.6931471803599453,0.05156690322108285,0.00622491927890715,burn-in
90,0.75,0.0,0.25,2.1937500000000005,0.5623351444188083,0.05790203371050564,0.006335130489422788,burn-in
91,0.25,0.0,0.75,2.2500000000000004,0.5623351444188083,0.060212384523451935,0.0023103508129462963,burn-in
92,0.25,0.0,0.75,2.19375,0.5623351444188083,0.06305484189130553,0.0028424573678535944,burn-in
93,0.25,0.25,0.5,2.212500000000001,1.0397207705399178,0.06256568423465085,0.000489157656654679,burn-in
94,0.5,0.25,0.25,2.2875,1.0397207705399178,0.05682728080552539,0.00573840342912546,burn-in
95,0.0,0.75,0.25,2.3062500000000004,0.5623351444188083,0.056361339461882314,0.00046594134364307677,burn-in
96,0.5,0.5,0.0,2.38125,0.6931471803599453,0.06153656655548417,0.00517522709360186,burn-in
97,0.25,0.25,0.5,2.4375,1.0397207705399178,0.0592410495613053,0.0022955169941788756,burn-in
98,0.25,0.25,0.5,2.4562500000000003,1.0397207705399178,0.058783542618768135,0.0004575069425371628,burn-in
99,0.0,0.5,0.5,2.4000000000000004,0.6931471803599453,0.06162890612620455,0.002845363507436416,burn-in
100,0.75,0.0,0.25,2.3437500000000004,0.5623351444188083,0.06449713081069991,0.0028682246844953588,burn-in
101,0.5,0.0,0.5,2.41875,0.6931471803599453,0.058945461087453806,0.005551669723246104,tail
102,0.75,0.0,0.25,2.475,0.5623351444188083,0.059626474038383594,0.000681012950929788,tail
103,0.25,0.25,0.5,2.4000000000000004,1.0397207705399178,0.0658219959910822,0.006195521952698603,tail
104,0.0,0.25,0.75,2.41875,0.5623351444188083,0.0651556205005565,0.0006663754905257002,tail
105,0.5,0.0,0.5,2.4375,0.6931471803599453,0.06937599239155098,0.004220371890994487,tail
106,0.5,0.0,0.5,2.45625,0.6931471803599453,0.06995805802630989,0.0005820656347589048,tail
107,0.25,0.5,0.25,2.4749999999999996,1.0397207705399178,0.07054074758827372,0.0005826895619638339,tail
108,0.25,0.25,0.5,2.49375,1.0397207705399178,0.07006414471753752,0.000476602870736198,tail
109,0.75,0.25,0.0,2.5687499999999996,0.5623351444188083,0.07513082340158427,0.005066678684046741,tail
110,1.0,0.0,0.0,2.625,-1.000000082690371e-10,0.0728842256703228,0.002246597731261471,tail
111,0.25,0.25,0.5,2.64375,1.0397207705399178,0.07684511614279753,0.003960890472474735,tail
112,0.5,0.5,0.0,2.6624999999999996,0.6931471803599453,0.08086713278002718,0.004022016637229647,tail
113,0.0,0.75,0.25,2.68125,0.5623351444188083,0.08494159298453288,0.004074460204505706,tail
114,0.25,0.0,0.75,2.7562499999999996,0.5623351444188083,0.07964964787273102,0.005291945111801866,tail
115,0.0,0.5,0.5,2.8312499999999994,0.6931471803599453,0.0746292660003436,0.005020381872387417,tail
116,0.5,0.0,0.5,2.8874999999999997,0.6931471803599453,0.07717700460022107,0.002547738599877475,tail
117,0.25,0.5,0.25,2.9625,1.0397207705399178,0.08270288145864413,0.005525876858423054,tail
118,0.5,0.25,0.25,2.9062499999999996,1.0397207705399178,0.08506064013396589,0.0023577586753217583,tail
119,0.25,0.25,0.5,2.9625,1.0397207705399178,0.08263644611527378,0.002424194018692108,tail
120,0.25,0.25,0.5,3.01875,1.0397207705399178,0.08060710193781033,0.002029344177463449,tail
121,0.75,0.0,0.25,3.0749999999999997,0.5623351444188083,0.07452741735428678,0.006079684583523551,tail
122,0.0,0.5,0.5,3.1312499999999996,0.6931471803599453,0.07706863950604388,0.0025412221517571026,tail
123,0.25,0.5,0.25,3.1499999999999995,1.0397207705399178,0.08095287619388547,0.0038842366878415885,tail
124,0.25,0.25,0.5,3.1687499999999997,1.0397207705399178,0.08489877359427841,0.003945897400392945,tail
125,0.5,0.0,0.5,3.1874999999999996,0.6931471803599453,0.08889812133314484,0.003999347738866427,tail
126,0.25,0.25,0.5,3.206249999999999,1.0397207705399178,0.08820185035615771,0.0006962709769871289,tail
127,0.5,0.25,0.25,3.281249999999999,1.0397207705399178,0.0935475522461707,0.005345701890012988,tail
128,0.5,0.25,0.25,3.281249999999999,1.0397207705399178,0.0935475522461707,0.0,tail
129,0.5,0.25,0.25,3.2999999999999994,1.0397207705399178,0.09409415995427155,0.0005466077081008464,tail
130,0.25,0.5,0.25,3.2999999999999994,1.0397207705399178,0.09409415995427155,0.0,tail
131,0.25,0.25,0.5,3.318749999999999,1.0397207705399178,0.09464165556851827,0.000547495614246718,tail
132,0.5,0.25,0.25,3.374999999999999,1.0397207705399178,0.09534452843012307,0.0007028728616048086,tail
133,0.25,0.25,0.5,3.3187499999999988,1.0397207705399178,0.09809042484010634,0.0027458964099832672,tail
134,0.0,0.75,0.25,3.393749999999999,0.5623351444188083,0.09277558714614824,0.005314837693958102,tail
135,0.75,0.25,0.0,3.4124999999999988,0.5623351444188083,0.09431501611951856,0.0015394289733703242,tail
136,0.25,0.5,0.25,3.4124999999999988,1.0397207705399178,0.09431501611951856,0.0,tail
137,0.0,0.25,0.75,3.4687499999999987,0.5623351444188083,0.09221359800078317,0.0021014181187353903,tail
138,0.25,0.75,0.0,3.524999999999999,0.5623351444188083,0.08373510828424982,0.008478489716533352,tail
139,0.5,0.25,0.25,3.524999999999999,1.0397207705399178,0.08373510828424982,0.0,tail
140,0.25,0.5,0.25,3.543749999999999,1.0397207705399178,0.08426124275875621,0.0005261344745063901,tail
141,0.5,0.0,0.5,3.468749999999999,0.6931471803599453,0.09004935712569001,0.0057881143669338,tail
142,0.0,0.5,0.5,3.5437499999999984,0.6931471803599453,0.09550987759781737,0.0054605204721273615,tail
143,0.5,0.25,0.25,3.5624999999999987,1.0397207705399178,0.09509179878050764,0.00041807881730973606,tail
144,0.5,0.0,0.5,3.637499999999999,0.6931471803599453,0.09066243300183682,0.004429365778670813,tail
145,0.75,0.0,0.25,3.6937499999999988,0.5623351444188083,0.08829684596752337,0.002365587034313457,tail
146,0.75,0.25,0.0,3.712499999999999,0.5623351444188083,0.09219962314354949,0.0039027771760261204,tail
147,0.25,0.25,0.5,3.7312499999999984,1.0397207705399178,0.09373001870398856,0.001530395560439074,tail
148,0.75,0.0,0.25,3.6562499999999987,0.5623351444188083,0.09850283546045797,0.004772816756469414,tail
149,0.5,0.0,0.5,3.5999999999999988,0.6931471803599453,0.10114624796087378,0.0026434125004158038,tail
150,0.25,0.5,0.25,3.6562499999999987,1.0397207705399178,0.09799240643412153,0.0031538415267522435,tail
151,0.25,0.25,0.5,3.674999999999999,1.0397207705399178,0.09754726919069831,0.00044513724342322425,tail
152,0.75,0.0,0.25,3.731249999999999,0.5623351444188083,0.09447186667865763,0.0030754025120406786,tail
153,0.5,0.25,0.25,3.674999999999999,1.0397207705399178,0.09704026729436895,0.0025684006157113137,tail
154,0.25,0.0,0.75,3.7312499999999984,0.5623351444188083,0.0884154179587054,0.008624849335663543,tail
155,0.0,0.5,0.5,3.8062499999999986,0.6931471803599453,0.0834368036019631,0.004978614356742309,tail
156,0.5,0.0,0.5,3.8062499999999986,0.6931471803599453,0.0834368036019631,0.0,tail
157,0.25,0.25,0.5,3.824999999999999,1.0397207705399178,0.08303466661205462,0.000402136989908472,tail
158,0.5,0.25,0.25,3.8812499999999988,1.0397207705399178,0.08050090377015993,0.002533762841894688,tail
159,0.0,0.75,0.25,3.9374999999999982,0.5623351444188083,0.08123343581155516,0.0007325320413952285,tail
160,0.5,0.5,0.0,4.012499999999998,0.6931471803599453,0.07638499832264216,0.004848437488913004,tail
161,0.25,0.5,0.25,4.068749999999999,1.0397207705399178,0.07450686839144459,0.0018781299311975697,tail
162,0.0,1.0,0.0,4.087499999999998,-1.000000082690371e-10,0.07499101508680922,0.00048414669536463173,tail
163,0.25,0.25,0.5,4.143749999999998,1.0397207705399178,0.07272013320558167,0.0022708818812275516,tail
164,0.25,0.0,0.75,4.218749999999998,0.5623351444188083,0.07843472978175892,0.005714596576177247,tail
165,0.25,0.75,0.0,4.237499999999998,0.5623351444188083,0.07809526934296365,0.0003394604387952638,tail
166,0.75,0.0,0.25,4.256249999999998,0.5623351444188083,0.08152621319244528,0.0034309438494816297,tail
167,0.25,0.0,0.75,4.312499999999998,0.5623351444188083,0.07911488506635485,0.002411328126090434,tail
168,0.25,0.75,0.0,4.331249999999999,0.5623351444188083,0.078366800807166,0.000748084259188847,tail
169,0.25,0.75,0.0,4.349999999999999,0.5623351444188083,0.07761911838627471,0.0007476824208912936,tail
170,0.5,0.5,0.0,4.406249999999998,0.6931471803599453,0.07534262882824058,0.0022764895580341254,tail
171,0.0,0.25,0.75,4.349999999999998,0.5623351444188083,0.07723751542522929,0.0018948865969887069,tail
172,0.5,0.25,0.25,4.368749999999998,1.0397207705399178,0.07844238032626262,0.0012048649010333312,tail
173,0.5,0.5,0.0,4.443749999999999,0.6931471803599453,0.07383557006111642,0.0046068102651461995,tail
174,0.75,0.0,0.25,4.518749999999998,0.5623351444188083,0.07952881258543994,0.005693242524323516,tail
175,0.5,0.25,0.25,4.5749999999999975,1.0397207705399178,0.07701781069377736,0.002511001891662576,tail
176,0.0,0.75,0.25,4.5749999999999975,0.5623351444188083,0.07701781069377736,0.0,tail
177,0.25,0.25,0.5,4.631249999999998,1.0397207705399178,0.07776381509095365,0.0007460043971762864,tail
178,0.0,0.75,0.25,4.687499999999998,0.5623351444188083,0.08041217671511282,0.0026483616241591706,tail
179,0.0,0.75,0.25,4.706249999999998,0.5623351444188083,0.08088126062514442,0.00046908391003160077,tail
180,0.0,0.5,0.5,4.631249999999998,0.6931471803599453,0.0860959505163428,0.0052146898911983874,tail
181,0.25,0.5,0.25,4.706249999999998,1.0397207705399178,0.08189353917014787,0.004202411346194937,tail
182,0.5,0.0,0.5,4.649999999999998,0.6931471803599453,0.08389920245076855,0.0020056632806206842,tail
183,0.25,0.25,0.5,4.6687499999999975,1.0397207705399178,0.08355044439027567,0.00034875806049287916,tail
184,0.5,0.25,0.25,4.724999999999997,1.0397207705399178,0.08105392205963907,0.0024965223306366024,tail
185,0.75,0.0,0.25,4.781249999999997,0.5623351444188083,0.09018707228762086,0.009133150227981793,tail
186,0.5,0.25,0.25,4.8562499999999975,1.0397207705399178,0.08557852867578729,0.0046085436118335765,tail
187,0.0,0.5,0.5,4.874999999999997,0.6931471803599453,0.08998344031681635,0.004404911641029061,tail
188,0.75,0.0,0.25,4.799999999999997,0.5623351444188083,0.09519693814010019,0.005213497823283841,tail
189,0.5,0.25,0.25,4.818749999999998,1.0397207705399178,0.09483436938783091,0.0003625687522692822,tail
190,0.25,0.5,0.25,4.893749999999998,1.0397207705399178,0.10050118061340155,0.005666811225570639,tail
191,1.0,0.0,0.0,4.912499999999997,-1.000000082690371e-10,0.10014395887920576,0.0003572217341957923,tail
192,0.25,0.0,0.75,4.987499999999998,0.5623351444188083,0.09602587541907677,0.004118083460128985,tail
193,0.25,0.5,0.25,5.062499999999998,1.0397207705399178,0.09224745931460684,0.0037784161044699255,tail
194,0.25,0.25,0.5,5.118749999999998,1.0397207705399178,0.09299662397266123,0.0007491646580543854,tail
195,0.75,0.0,0.25,5.1374999999999975,0.5623351444188083,0.09269840419675544,0.0002982197759057864,tail
196,0.25,0.5,0.25,5.156249999999998,1.0397207705399178,0.09240284699516864,0.00029555720158680465,tail
197,0.25,0.75,0.0,5.099999999999998,0.5623351444188083,0.09417137594234806,0.0017685289471794235,tail
198,0.5,0.5,0.0,5.174999999999998,0.6931471803599453,0.0999012696209365,0.005729893678588435,tail
199,0.5,0.0,0.5,5.231249999999998,0.6931471803599453,0.100652805746723,0.0007515361257865033,tail
200,0.25,0.0,0.75,5.249999999999998,0.5623351444188083,0.10390897552816385,0.003256169781440846,tail
201,0.25,0.5,0.25,5.306249999999999,1.0397207705399178,0.10139058526929437,0.0025183902588694768,tail
202,0.5,0.25,0.25,5.3249999999999975,1.0397207705399178,0.10474749213883382,0.003356906869539447,tail
203,0.5,0.25,0.25,5.3437499999999964,1.0397207705399178,0.10915634841106381,0.004408856272229991,tail
204,0.0,0.5,0.5,5.399999999999997,0.6931471803599453,0.10990353547259096,0.0007471870615271547,tail
205,0.25,0.0,0.75,5.3249999999999975,0.5623351444188083,0.11365238771963865,0.003748852247047685,tail
206,0.25,0.0,0.75,5.343749999999998,0.5623351444188083,0.11329771432077775,0.00035467339886090243,tail
207,0.0,0.5,0.5,5.362499999999998,0.6931471803599453,0.11682205100734436,0.003524336686566612,tail
208,0.5,0.0,0.5,5.437499999999998,0.6931471803599453,0.11258400075749024,0.004238050249854117,tail
209,0.0,0.0,1.0,5.493749999999998,-1.000000082690371e-10,0.11077788252991913,0.0018061182275711102,tail
210,0.5,0.25,0.25,5.437499999999998,1.0397207705399178,0.11603165819346492,0.00525377566354579,tail
211,0.5,0.25,0.25,5.5124999999999975,1.0397207705399178,0.12170565959775688,0.005674001404291959,tail
212,0.25,0.25,0.5,5.5312499999999964,1.0397207705399178,0.12610854931739393,0.0044028897196370514,tail
213,0.25,0.0,0.75,5.474999999999998,0.5623351444188083,0.13167146615725098,0.005562916839857046,tail
214,0.5,0.5,0.0,5.531249999999997,0.6931471803599453,0.13241175200982955,0.0007402858525785705,tail
215,0.25,0.25,0.5,5.549999999999997,1.0397207705399178,0.13291055571440744,0.0004988037045778881,tail
216,0.25,0.5,0.25,5.6062499999999975,1.0397207705399178,0.13026667359689548,0.0026438821175119587,tail
217,0.5,0.25,0.25,5.624999999999997,1.0397207705399178,0.12989489816891422,0.0003717754279812524,tail
218,0.5,0.25,0.25,5.681249999999997,1.0397207705399178,0.1325317621128992,0.002636863943984963,tail
219,0.0,0.75,0.25,5.737499999999997,0.5623351444188083,0.13065551378051407,0.0018762483323851165,tail
220,0.25,0.5,0.25,5.756249999999997,1.0397207705399178,0.1299096027351812,0.0007459110453328643,tail
221,0.5,0.5,0.0,5.699999999999997,0.6931471803599453,0.13234727710766322,0.0024376743724820182,tail
222,0.0,0.75,0.25,5.756249999999997,0.5623351444188083,0.13498476476532492,0.002637487657661697,tail
223,0.5,0.0,0.5,5.699999999999997,0.6931471803599453,0.13717692513342986,0.002192160368104934,tail
224,0.5,0.0,0.5,5.756249999999996,0.6931471803599453,0.1310562409091994,0.006120684224230455,tail
225,0.0,0.5,0.5,5.8124999999999964,0.6931471803599453,0.12862255904510922,0.0024336818640901814,tail
226,0.5,0.25,0.25,5.831249999999996,1.0397207705399178,0.1290894607130559,0.00046690166794668975,tail
227,0.5,0.25,0.25,5.849999999999996,1.0397207705399178,0.12874710251594054,0.00034235819711536664,tail
228,0.25,0.0,0.75,5.868749999999997,0.5623351444188083,0.13217680216758954,0.003429699651648993,tail
229,0.25,0.5,0.25,5.924999999999996,1.0397207705399178,0.13292380997327985,0.000747007805690314,tail
230,0.25,0.5,0.25,5.868749999999997,1.0397207705399178,0.13500564224320452,0.0020818322699246716,tail
231,0.5,0.5,0.0,5.793749999999997,0.6931471803599453,0.14030190661569836,0.005296264372493836,tail
232,1.0,0.0,0.0,5.737499999999996,-1.000000082690371e-10,0.1491163097321187,0.008814403116420344,tail
233,0.5,0.25,0.25,5.756249999999996,1.0397207705399178,0.14962608343383904,0.0005097737017203396,tail
234,0.5,0.25,0.25,5.812499999999996,1.0397207705399178,0.15035798752997018,0.0007319040961311363,tail
235,0.5,0.5,0.0,5.831249999999996,0.6931471803599453,0.15409271699106247,0.0037347294610922954,tail
236,0.25,0.75,0.0,5.849999999999996,0.5623351444188083,0.1536966497886345,0.00039606720242796323,tail
237,0.25,0.25,0.5,5.793749999999996,1.0397207705399178,0.1562790722953658,0.0025824225067312967,tail
238,0.5,0.25,0.25,5.849999999999996,1.0397207705399178,0.1535093549928234,0.0027697173025424127,tail
239,0.25,0.25,0.5,5.924999999999995,1.0397207705399178,0.15908990738828366,0.005580552395460264,tail
240,0.25,0.5,0.25,5.999999999999996,1.0397207705399178,0.15457066610554754,0.0045192412827361195,tail
241,0.75,0.25,0.0,6.056249999999995,0.5623351444188083,0.1553007792358112,0.0007301131302636654,tail
242,0.5,0.0,0.5,6.112499999999995,0.6931471803599453,0.15789230964588705,0.002591530410075843,tail
243,0.5,0.25,0.25,6.112499999999995,1.0397207705399178,0.15789230964588705,0.0,tail
244,0.0,0.5,0.5,6.131249999999996,0.6931471803599453,0.16222126334500722,0.004328953699120175,tail
245,0.5,0.25,0.25,6.187499999999996,1.0397207705399178,0.16295500301559537,0.0007337396705881516,tail
246,0.5,0.5,0.0,6.2062499999999945,0.6931471803599453,0.16256879553361459,0.00038620748198078814,tail
247,0.0,0.75,0.25,6.224999999999994,0.5623351444188083,0.16691299017470956,0.004344194641094978,tail
248,0.25,0.75,0.0,6.243749999999995,0.5623351444188083,0.16617707517133698,0.0007359150033725836,tail
249,0.0,0.25,0.75,6.2999999999999945,0.5623351444188083,0.16395460738036666,0.0022224677909703228,tail
250,0.25,0.5,0.25,6.243749999999995,1.0397207705399178,0.1662004713581995,0.0022458639778328293,tail
251,0.5,0.0,0.5,6.168749999999996,0.6931471803599453,0.1717285142810818,0.005528042922882309,tail
252,0.25,0.25,0.5,6.224999999999996,1.0397207705399178,0.16556099588784554,0.00616751839323626,tail
253,0.0,1.0,0.0,6.281249999999996,-1.000000082690371e-10,0.16357280489127832,0.0019881909965672184,tail
254,0.25,0.25,0.5,6.356249999999996,1.0397207705399178,0.15906862709220884,0.004504177799069475,tail
255,0.75,0.0,0.25,6.412499999999995,0.5623351444188083,0.1565328720718517,0.0025357550203571333,tail
256,0.25,0.0,0.75,6.468749999999996,0.5623351444188083,0.1572630285739474,0.0007301565020956802,tail
257,0.0,0.75,0.25,6.524999999999996,0.5623351444188083,0.16625230555262296,0.008989276978675576,tail
258,0.0,0.75,0.25,6.543749999999996,0.5623351444188083,0.16763771157991333,0.00138540602729037,tail
259,0.5,0.5,0.0,6.618749999999996,0.6931471803599453,0.16311143382286297,0.004526277757050362,tail
260,1.0,0.0,0.0,6.674999999999996,-1.000000082690371e-10,0.1638427605825558,0.0007313267596928408,tail
261,0.25,0.5,0.25,6.731249999999996,1.0397207705399178,0.1664383566444352,0.002595596061879396,tail
262,0.25,0.25,0.5,6.749999999999996,1.0397207705399178,0.16604843572829198,0.00038992091614323265,tail
263,0.75,0.25,0.0,6.824999999999995,0.5623351444188083,0.16145777856087548,0.004590657167416495,tail
264,0.25,0.0,0.75,6.843749999999995,0.5623351444188083,0.16195626881295058,0.0004984902520751011,tail
265,0.0,0.5,0.5,6.862499999999995,0.6931471803599453,0.16631455513574336,0.0043582863227927815,tail
266,0.25,0.5,0.25,6.881249999999995,1.0397207705399178,0.165940533752871,0.00037402138287237485,tail
267,0.5,0.0,0.5,6.899999999999994,0.6931471803599453,0.1664365641402535,0.0004960303873825234,tail
268,0.25,0.25,0.5,6.956249999999994,1.0397207705399178,0.16452788458096612,0.0019086795592873906,tail
269,0.25,0.25,0.5,7.012499999999993,1.0397207705399178,0.16715249049333733,0.0026246059123712084,tail
270,0.25,0.25,0.5,7.031249999999995,1.0397207705399178,0.16678329935971625,0.00036919113362107736,tail
271,0.25,0.25,0.5,7.049999999999994,1.0397207705399178,0.16727466477791167,0.0004913654181954163,tail
272,0.5,0.25,0.25,6.974999999999994,1.0397207705399178,0.17266220012371772,0.005387535345806049,tail
273,0.0,0.75,0.25,6.993749999999994,0.5623351444188083,0.1761266606234693,0.003464460499751576,tail
274,0.25,0.75,0.0,7.049999999999994,0.5623351444188083,0.17821570880151036,0.002089048178041064,tail
275,0.5,0.5,0.0,7.106249999999994,0.6931471803599453,0.1788065224128436,0.0005908136113332296,tail
276,0.0,0.5,0.5,7.162499999999993,0.6931471803599453,0.1763376150269414,0.0024689073859021915,tail
277,0.5,0.5,0.0,7.237499999999994,0.6931471803599453,0.18133858556199434,0.00500097053505294,tail
278,0.25,0.5,0.25,7.256249999999993,1.0397207705399178,0.18436699663866699,0.003028411076672649,tail
279,0.25,0.25,0.5,7.274999999999993,1.0397207705399178,0.18543716294930537,0.0010701663106383874,tail
280,0.5,0.0,0.5,7.331249999999994,0.6931471803599453,0.18295396273385203,0.0024832002154533406,tail
281,0.25,0.5,0.25,7.331249999999994,1.0397207705399178,0.18295396273385203,0.0,tail
282,0.75,0.0,0.25,7.387499999999994,0.5623351444188083,0.1767010742481754,0.006252888485676622,tail
283,0.0,0.25,0.75,7.331249999999993,0.5623351444188083,0.18229888795206187,0.005597813703886456,tail
284,0.5,0.25,0.25,7.406249999999993,1.0397207705399178,0.1875705127733627,0.005271624821300835,tail
285,0.0,0.0,1.0,7.462499999999993,-1.000000082690371e-10,0.18816946109873206,0.0005989483253693584,tail
286,0.75,0.25,0.0,7.387499999999993,0.5623351444188083,0.19139813502275108,0.0032286739240190154,tail
287,0.5,0.0,0.5,7.443749999999994,0.6931471803599453,0.1889225725463205,0.002475562476430576,tail
288,0.0,0.5,0.5,7.518749999999994,0.6931471803599453,0.1840639645772781,0.004858607969042389,tail
289,0.25,0.5,0.25,7.574999999999994,1.0397207705399178,0.18480106470612093,0.0007371001288428158,tail
290,0.0,0.5,0.5,7.6312499999999925,0.6931471803599453,0.18553842086681477,0.0007373561606938417,tail
291,0.25,0.5,0.25,7.687499999999993,1.0397207705399178,0.18627603001892565,0.0007376091521108796,tail
292,0.25,0.75,0.0,7.706249999999994,0.5623351444188083,0.18761661175355795,0.0013405817346323068,tail
293,0.25,0.25,0.5,7.762499999999993,1.0397207705399178,0.18500165978090313,0.002614951972654822,tail
294,0.25,0.5,0.25,7.687499999999992,1.0397207705399178,0.1890791448047902,0.0040774850238870786,tail
295,0.25,0.25,0.5,7.743749999999993,1.0397207705399178,0.18285388186657484,0.006225262938215376,tail
296,0.75,0.0,0.25,7.799999999999993,0.5623351444188083,0.1854792825576812,0.0026254006911063665,tail
297,0.5,0.5,0.0,7.724999999999994,0.6931471803599453,0.19080859522446558,0.00532931266678438,tail
298,0.25,0.5,0.25,7.743749999999992,1.0397207705399178,0.19130384965658187,0.0004952544321162877,tail
299,0.5,0.25,0.25,7.818749999999994,1.0397207705399178,0.18675279959565222,0.004551050060929651,tail
300,0.5,0.25,0.25,7.874999999999993,1.0397207705399178,0.1842807469283047,0.002472052667347513,tail
301,0.0,0.25,0.75,7.874999999999993,0.5623351444188083,0.1842807469283047,0.0,tail
302,0.5,0.5,0.0,7.949999999999992,0.6931471803599453,0.18989732955253272,0.0056165826242280115,tail
303,0.25,0.75,0.0,7.893749999999993,0.5623351444188083,0.19209871782125973,0.0022013882687270114,tail
304,0.5,0.25,0.25,7.9124999999999925,1.0397207705399178,0.19136390494411834,0.0007348128771413887,tail
305,0.25,0.5,0.25,7.987499999999993,1.0397207705399178,0.18688869891658033,0.004475206027538009,tail
306,0.25,0.0,0.75,8.006249999999993,0.5623351444188083,0.18615103602383418,0.0007376628927461548,tail
307,0.25,0.25,0.5,8.024999999999993,1.0397207705399178,0.18746815996228647,0.0013171239384522915,tail
308,0.75,0.25,0.0,8.081249999999994,0.5623351444188083,0.18820494121503778,0.0007367812527513118,tail
309,0.5,0.25,0.25,8.156249999999993,1.0397207705399178,0.18383715450780475,0.0043677867072330345,tail
310,0.5,0.0,0.5,8.174999999999992,0.6931471803599453,0.18738758557295662,0.0035504310651518767,tail
311,0.25,0.5,0.25,8.19374999999999,1.0397207705399178,0.1886931025948902,0.001305517021933572,tail
312,0.25,0.25,0.5,8.118749999999991,1.0397207705399178,0.1927437107477377,0.004050608152847496,tail
313,0.25,0.5,0.25,8.193749999999993,1.0397207705399178,0.1974091909418411,0.0046654801941034,tail
314,0.75,0.0,0.25,8.249999999999993,0.5623351444188083,0.2048752669221868,0.00746607598034571,tail
315,0.5,0.25,0.25,8.268749999999992,1.0397207705399178,0.20450479031793037,0.00037047660425643114,tail
316,0.5,0.5,0.0,8.343749999999991,0.6931471803599453,0.20926819569827682,0.004763405380346447,tail
317,0.5,0.25,0.25,8.362499999999992,1.0397207705399178,0.21030777296961062,0.0010395772713338025,tail
318,0.75,0.0,0.25,8.418749999999992,0.5623351444188083,0.20773866643963035,0.0025691065299802696,tail
319,0.0,0.0,1.0,8.437499999999991,-1.000000082690371e-10,0.21128828008463882,0.0035496136450084703,tail
320,0.5,0.0,0.5,8.493749999999991,0.6931471803599453,0.2089356844903648,0.0023525955942740318,tail
321,0.5,0.25,0.25,8.549999999999992,1.0397207705399178,0.2064197482389003,0.0025159362514644845,tail
322,0.5,0.25,0.25,8.606249999999992,1.0397207705399178,0.20715840433378846,0.0007386560948881571,tail
323,0.5,0.0,0.5,8.624999999999991,0.6931471803599453,0.20680315803812033,0.00035524629566813237,tail
324,0.75,0.0,0.25,8.643749999999992,0.5623351444188083,0.20644892294423128,0.00035423509388904373,tail
325,0.0,0.25,0.75,8.587499999999991,0.5623351444188083,0.21472011214354675,0.008271189199315465,tail
326,0.5,0.25,0.25,8.606249999999992,1.0397207705399178,0.2143538944723904,0.00036621767115635473,tail
327,0.5,0.25,0.25,8.624999999999991,1.0397207705399178,0.21547081443071886,0.0011169199583284661,tail
328,0.5,0.25,0.25,8.624999999999991,1.0397207705399178,0.21547081443071886,0.0,tail
329,0.5,0.25,0.25,8.64374999999999,1.0397207705399178,0.2151024426302051,0.0003683718005137726,tail
330,0.75,0.0,0.25,8.718749999999991,0.5623351444188083,0.21988249258026948,0.004780049950064397,tail
331,0.75,0.25,0.0,8.774999999999991,0.5623351444188083,0.21741419459743727,0.0024682979828322127,tail
332,0.75,0.25,0.0,8.79374999999999,0.5623351444188083,0.2179063891344089,0.0004921945369716352,tail
333,0.0,0.25,0.75,8.81249999999999,0.5623351444188083,0.21717337467588205,0.0007330144585268594,tail
334,0.25,0.25,0.5,8.73749999999999,1.0397207705399178,0.22071155013693433,0.003538175461052284,tail
335,0.25,0.25,0.5,8.75624999999999,1.0397207705399178,0.2236389661753369,0.002927416038402575,tail
336,0.5,0.0,0.5,8.774999999999991,0.6931471803599453,0.2240430920913396,0.00040412591600269554,tail
337,0.75,0.25,0.0,8.83124999999999,0.5623351444188083,0.22210952794902963,0.001933564142309968,tail
338,0.0,0.25,0.75,8.90624999999999,0.5623351444188083,0.22709400616119588,0.004984478212166243,tail
339,0.5,0.25,0.25,8.92499999999999,1.0397207705399178,0.23074945434651903,0.0036554481853231513,tail
340,0.0,0.25,0.75,8.943749999999989,0.5623351444188083,0.23441830461930926,0.003668850272790236,tail
341,0.5,0.5,0.0,8.99999999999999,0.6931471803599453,0.23205971423836347,0.0023585903809457964,tail
342,0.5,0.0,0.5,9.05624999999999,0.6931471803599453,0.23017768988443083,0.0018820243539326431,tail
343,0.25,0.75,0.0,9.11249999999999,0.5623351444188083,0.22426307599716963,0.005914613887261194,tail
344,0.25,0.0,0.75,9.03749999999999,0.5623351444188083,0.22807580955969833,0.003812733562528703,tail
345,1.0,0.0,0.0,9.11249999999999,-1.000000082690371e-10,0.2336904278132528,0.005614618253554471,tail
346,0.5,0.25,0.25,9.16874999999999,1.0397207705399178,0.23184063630068913,0.0018497915125636755,tail
347,0.75,0.25,0.0,9.18749999999999,0.5623351444188083,0.23310455993070828,0.001263923630019148,tail
348,0.0,0.5,0.5,9.26249999999999,0.6931471803599453,0.22890411360858468,0.004200446322123602,tail
349,0.25,0.5,0.25,9.187499999999991,1.0397207705399178,0.23269885367687423,0.0037947400682895593,tail
350,0.25,0.5,0.25,9.24374999999999,1.0397207705399178,0.23043882338910682,0.002260030287767417,tail
351,0.75,0.25,0.0,9.29999999999999,0.5623351444188083,0.233054876418662,0.002616053029555171,tail
352,0.25,0.25,0.5,9.374999999999991,1.0397207705399178,0.2284766316111478,0.004578244807514176,tail
353,0.75,0.25,0.0,9.43124999999999,0.5623351444188083,0.2311022069465435,0.0026255753353956746,tail
354,0.75,0.25,0.0,9.44999999999999,0.5623351444188083,0.2354831967962351,0.004380989849691624,tail
355,0.25,0.25,0.5,9.50624999999999,1.0397207705399178,0.24336597314108627,0.007882776344851156,tail
356,0.25,0.75,0.0,9.562499999999991,0.5623351444188083,0.24122103272145973,0.00214494041962654,tail
357,0.25,0.25,0.5,9.618749999999991,1.0397207705399178,0.24196381714332404,0.0007427844218643176,tail
358,0.25,0.25,0.5,9.693749999999993,1.0397207705399178,0.23806494173966614,0.0038988754036579087,tail
359,0.0,0.75,0.25,9.693749999999993,0.5623351444188083,0.23806494173966614,0.0,tail
360,0.5,0.0,0.5,9.712499999999991,0.6931471803599453,0.23774630726387744,0.0003186344757886983,tail
361,0.5,0.25,0.25,9.731249999999992,1.0397207705399178,0.23742865596128956,0.00031765130258787355,tail
362,0.5,0.25,0.25,9.78749999999999,1.0397207705399178,0.2322685709889814,0.00516008497230816,tail
363,0.5,0.25,0.25,9.843749999999993,1.0397207705399178,0.23490753725125624,0.0026389662622748333,tail
364,0.25,0.5,0.25,9.768749999999992,1.0397207705399178,0.23964688271611176,0.004739345464855521,tail
365,0.25,0.5,0.25,9.824999999999992,1.0397207705399178,0.24039046465445593,0.0007435819383441733,tail
366,0.0,0.5,0.5,9.824999999999992,0.6931471803599453,0.24039046465445593,0.0,tail
367,0.75,0.25,0.0,9.88124999999999,0.5623351444188083,0.2386962608196922,0.0016942038347637356,tail
368,0.0,0.75,0.25,9.937499999999991,0.5623351444188083,0.23619434081454527,0.0025019200051469292,tail
369,0.5,0.5,0.0,9.99374999999999,0.6931471803599453,0.23122272889709966,0.004971611917445606,tail
370,0.0,0.25,0.75,10.06874999999999,0.5623351444188083,0.22783982841585076,0.003382900481248896,tail
371,0.25,0.25,0.5,10.01249999999999,1.0397207705399178,0.22991094283413283,0.0020711144182820607,tail
372,0.25,0.5,0.25,10.06874999999999,1.0397207705399178,0.22797861549293524,0.0019323273411975816,tail
373,0.5,0.25,0.25,10.087499999999991,1.0397207705399178,0.228388851278721,0.0004102357857857508,tail
374,0.25,0.5,0.25,10.03124999999999,1.0397207705399178,0.23000757731297716,0.0016187260342561682,tail
375,0.25,0.25,0.5,10.08749999999999,1.0397207705399178,0.23074977380973868,0.0007421964967615213,tail
376,0.5,0.5,0.0,10.14374999999999,0.6931471803599453,0.22915081100966642,0.0015989628000722678,tail
377,0.0,0.25,0.75,10.19999999999999,0.5623351444188083,0.2317840310158353,0.0026332200061688904,tail
378,0.0,0.5,0.5,10.21874999999999,0.6931471803599453,0.23219717053274533,0.0004131395169100216,tail
379,0.25,0.5,0.25,10.27499999999999,1.0397207705399178,0.23028340448506826,0.001913766047677068,tail
380,0.5,0.0,0.5,10.33124999999999,0.6931471803599453,0.23291624737509273,0.002632842890024467,tail
381,0.25,0.5,0.25,10.38749999999999,1.0397207705399178,0.24204572330176158,0.00912947592666885,tail
382,0.0,0.5,0.5,10.44374999999999,0.6931471803599453,0.23954122762389563,0.0025044956778659533,tail
383,0.25,0.5,0.25,10.38749999999999,1.0397207705399178,0.24682467196025962,0.007283444336363992,tail
384,0.75,0.0,0.25,10.40624999999999,0.5623351444188083,0.2478547916353354,0.001030119675075769,tail
385,0.0,0.75,0.25,10.462499999999991,0.5623351444188083,0.2504933069647917,0.0026385153294563313,tail
386,0.5,0.25,0.25,10.51874999999999,1.0397207705399178,0.2486473882586182,0.0018459187061735105,tail
387,0.5,0.5,0.0,10.51874999999999,0.6931471803599453,0.2486473882586182,0.0,tail
388,0.5,0.25,0.25,10.593749999999991,1.0397207705399178,0.25433425807991605,0.005686869821297846,tail
389,0.25,0.5,0.25,10.64999999999999,1.0397207705399178,0.2523687995615386,0.0019654585183774276,tail
390,0.75,0.0,0.25,10.706249999999992,0.5623351444188083,0.25060790378508957,0.0017608957764490563,tail
391,0.5,0.25,0.25,10.781249999999991,1.0397207705399178,0.2466927903981287,0.003915113386960878,tail
392,0.5,0.25,0.25,10.79999999999999,1.0397207705399178,0.2496213148967277,0.002928524498599011,tail
393,0.25,0.0,0.75,10.856249999999992,0.5623351444188083,0.24333433863412793,0.006286976262599775,tail
394,0.25,0.25,0.5,10.91249999999999,1.0397207705399178,0.24596947346763434,0.002635134833506414,tail
395,0.0,0.25,0.75,10.968749999999993,0.5623351444188083,0.24860655042256458,0.002637076954930234,tail
396,0.0,0.25,0.75,11.024999999999991,0.5623351444188083,0.2512455083453115,0.0026389579227469318,tail
397,0.5,0.0,0.5,11.081249999999992,0.6931471803599453,0.24954044224808253,0.00170506609722898,tail
398,0.5,0.5,0.0,11.099999999999993,0.6931471803599453,0.248796660316981,0.0007437819311015281,tail
399,0.0,0.25,0.75,11.174999999999994,0.5623351444188083,0.25448019437691527,0.00568353405993427,tail
400,0.25,0.25,0.5,11.118749999999991,1.0397207705399178,0.2582082566236268,0.0037280622467115165,tail
401,0.25,0.25,0.5,11.174999999999992,1.0397207705399178,0.2557008335406393,0.002507423082987459,tail
402,0.25,0.5,0.25,11.09999999999999,1.0397207705399178,0.2584138040494169,0.002712970508777557,tail
403,0.25,0.25,0.5,11.174999999999994,1.0397207705399178,0.2543627654662701,0.00405103858314676,tail
404,0.75,0.25,0.0,11.23124999999999,0.5623351444188083,0.25185550644747434,0.002507259018795782,tail
405,0.25,0.5,0.25,11.28749999999999,1.0397207705399178,0.25026833289702494,0.0015871735504494056,tail
406,0.5,0.5,0.0,11.362499999999992,0.6931471803599453,0.24703936402929547,0.0032289688677294703,tail
407,0.0,0.5,0.5,11.41874999999999,0.6931471803599453,0.24550740954325806,0.0015319544860374068,tail
408,0.5,0.25,0.25,11.493749999999991,1.0397207705399178,0.24247798587105537,0.0030294236722026857,tail
409,0.5,0.25,0.25,11.51249999999999,1.0397207705399178,0.24529949935296436,0.0028215134819089827,tail
410,0.25,0.25,0.5,11.43749999999999,1.0397207705399178,0.2495960013870704,0.004296502034106031,tail
411,0.5,0.0,0.5,11.493749999999991,0.6931471803599453,0.24778071657210368,0.0018152848149667056,tail
412,0.75,0.25,0.0,11.54999999999999,0.5623351444188083,0.24626740033701675,0.0015133162350869367,tail
413,0.75,0.25,0.0,11.49374999999999,0.5623351444188083,0.24823174099607614,0.0019643406590593993,tail
414,0.5,0.5,0.0,11.56874999999999,0.6931471803599453,0.24443671063856465,0.0037950303575114974,tail
415,0.5,0.5,0.0,11.64374999999999,0.6931471803599453,0.24073193343979052,0.0037047771987741285,tail
416,0.5,0.5,0.0,11.69999999999999,0.6931471803599453,0.238241381690765,0.002490551749025516,tail
417,0.25,0.5,0.25,11.77499999999999,1.0397207705399178,0.23366952751334638,0.004571854177418622,tail
418,0.25,0.0,0.75,11.83124999999999,0.5623351444188083,0.23205018927191431,0.0016193382414320667,tail
419,0.0,0.5,0.5,11.75624999999999,0.6931471803599453,0.23610948306184304,0.004059293789928725,tail
420,0.5,0.0,0.5,11.81249999999999,0.6931471803599453,0.23460019681450694,0.0015092862473360946,tail
421,0.25,0.5,0.25,11.86874999999999,1.0397207705399178,0.2331405203862148,0.0014596764282921448,tail
422,0.5,0.25,0.25,11.94374999999999,1.0397207705399178,0.2305517503997697,0.002588769986445111,tail
423,0.75,0.25,0.0,11.99999999999999,0.5623351444188083,0.22920048619721556,0.001351264202554131,tail
424,0.75,0.0,0.25,12.01874999999999,0.5623351444188083,0.23176689029339637,0.0025664040961808077,tail
425,0.25,0.5,0.25,12.03749999999999,1.0397207705399178,0.23155542821103461,0.0002114620823617519,tail
426,0.25,0.5,0.25,12.093749999999991,1.0397207705399178,0.23228782354329514,0.0007323953322605214,tail
427,0.5,0.0,0.5,12.14999999999999,0.6931471803599453,0.23302045240620278,0.0007326288629076472,tail
428,0.25,0.5,0.25,12.14999999999999,1.0397207705399178,0.23302045240620278,0.0,tail
429,0.5,0.25,0.25,12.20624999999999,1.0397207705399178,0.22752424165031596,0.005496210755886827,tail
430,0.5,0.25,0.25,12.262499999999989,1.0397207705399178,0.22620401755273292,0.0013202240975830337,tail
431,0.5,0.25,0.25,12.28124999999999,1.0397207705399178,0.23050324995633686,0.004299232403603942,tail
432,0.75,0.0,0.25,12.33749999999999,0.5623351444188083,0.22933251500356017,0.0011707349527766975,tail
433,0.5,0.5,0.0,12.28124999999999,0.6931471803599453,0.23039699257250426,0.0010644775689440944,tail
434,1.0,0.0,0.0,12.337499999999988,-1.000000082690371e-10,0.2289475041207437,0.0014494884517605722,tail
435,0.0,0.0,1.0,12.356249999999989,-1.000000082690371e-10,0.22876789156854452,0.00017961255219917094,tail
436,0.5,0.5,0.0,12.412499999999989,0.6931471803599453,0.22754785433489166,0.0012200372336528542,tail
437,0.25,0.25,0.5,12.46874999999999,1.0397207705399178,0.2264854665049453,0.0010623878299463596,tail
438,0.25,0.5,0.25,12.54374999999999,1.0397207705399178,0.2246538145779087,0.0018316519270366038,tail
439,0.75,0.25,0.0,12.59999999999999,0.5623351444188083,0.22718846963774858,0.00253465505983988,tail
440,0.25,0.0,0.75,12.59999999999999,0.5623351444188083,0.22718846963774858,0.0,tail
441,0.0,0.5,0.5,12.543749999999989,0.6931471803599453,0.22953557629722976,0.0023471066594811796,tail
442,0.25,0.25,0.5,12.487499999999988,1.0397207705399178,0.2311098947382326,0.0015743184410028366,tail
443,0.25,0.25,0.5,12.487499999999988,1.0397207705399178,0.2311098947382326,0.0,tail
444,0.0,0.25,0.75,12.412499999999987,0.5623351444188083,0.23306242760045312,0.001952532862220524,tail
445,0.5,0.5,0.0,12.487499999999988,0.6931471803599453,0.23863638080088664,0.0055739532004335235,tail
446,0.0,0.25,0.75,12.431249999999988,0.5623351444188083,0.23976910818606767,0.001132727385181026,tail
447,0.5,0.0,0.5,12.449999999999987,0.6931471803599453,0.24410377193041,0.004334663744342326,tail
448,0.5,0.0,0.5,12.46874999999999,0.6931471803599453,0.24844584413225757,0.004342072201847569,tail
449,0.75,0.0,0.25,12.412499999999987,0.5623351444188083,0.25159076537002345,0.0031449212377658853,tail
450,0.25,0.5,0.25,12.356249999999987,1.0397207705399178,0.25802572649946365,0.006434961129440198,tail
451,0.25,0.5,0.25,12.412499999999987,1.0397207705399178,0.2606564070261133,0.0026306805266496647,tail
452,0.5,0.25,0.25,12.46874999999999,1.0397207705399178,0.2691839911795336,0.008527584153420309,tail
453,1.0,0.0,0.0,12.524999999999988,-1.000000082690371e-10,0.27540672446543635,0.006222733285902726,tail
454,0.25,0.25,0.5,12.543749999999989,1.0397207705399178,0.2751669168666178,0.0002398075988185311,tail
455,0.0,0.5,0.5,12.56249999999999,0.6931471803599453,0.2782397811259638,0.0030728642593459976,tail
456,0.25,0.5,0.25,12.637499999999989,1.0397207705399178,0.27543197387007723,0.002807807255886585,tail
457,0.25,0.75,0.0,12.656249999999986,0.5623351444188083,0.27579978561685836,0.0003678117467811326,tail
458,0.0,0.5,0.5,12.674999999999988,0.6931471803599453,0.27935071155615293,0.003550925939294569,tail
459,0.25,0.5,0.25,12.599999999999987,1.0397207705399178,0.2813773409508448,0.0020266293946918923,tail
460,0.5,0.0,0.5,12.656249999999988,0.6931471803599453,0.28319800382021676,0.0018206628693719362,tail
461,0.5,0.5,0.0,12.712499999999988,0.6931471803599453,0.2850226707550086,0.0018246669347918298,tail
462,0.25,0.5,0.25,12.731249999999989,1.0397207705399178,0.2880724735075455,0.003049802752536912,tail
463,0.5,0.5,0.0,12.74999999999999,0.6931471803599453,0.28733222433301675,0.0007402491745287509,tail
464,0.25,0.25,0.5,12.824999999999987,1.0397207705399178,0.2845054516289657,0.0028267727040510726,tail
465,0.75,0.0,0.25,12.899999999999988,0.5623351444188083,0.28925036063893617,0.004744909009970488,tail
466,0.25,0.0,0.75,12.918749999999989,0.5623351444188083,0.29165710830990915,0.0024067476709729863,tail
467,0.0,0.75,0.25,12.937499999999988,0.5623351444188083,0.2919786310159608,0.0003215227060516246,tail
468,0.5,0.0,0.5,12.956249999999986,0.6931471803599453,0.29263502353099624,0.0006563925150354644,tail
469,0.5,0.0,0.5,12.881249999999987,0.6931471803599453,0.2962060259881025,0.0035710024571062315,tail
470,0.75,0.0,0.25,12.937499999999988,0.5623351444188083,0.29449492311660114,0.0017111028715013354,tail
471,0.25,0.0,0.75,12.956249999999986,0.5623351444188083,0.29375699874340244,0.0007379243731986951,tail
472,0.5,0.25,0.25,12.974999999999987,1.0397207705399178,0.2946377367839397,0.0008807380405372323,tail
473,0.5,0.0,0.5,12.993749999999986,0.6931471803599453,0.2938994399772491,0.0007382968066905748,tail
474,0.5,0.25,0.25,13.049999999999988,1.0397207705399178,0.2924110062558914,0.001488433721357707,tail
475,0.75,0.25,0.0,13.106249999999989,0.5623351444188083,0.2948253062464354,0.002414299990543989,tail
476,0.5,0.25,0.25,13.162499999999987,1.0397207705399178,0.2967989207691497,0.0019736145227143287,tail
477,0.75,0.0,0.25,13.218749999999988,0.5623351444188083,0.29510028364018964,0.0016986371289600677,tail
478,0.0,0.75,0.25,13.293749999999989,0.5623351444188083,0.2905405689876617,0.004559714652527969,tail
479,0.5,0.0,0.5,13.312499999999986,0.6931471803599453,0.2909223637742762,0.00038179478661454214,tail
480,0.5,0.0,0.5,13.368749999999986,0.6931471803599453,0.2892486831700069,0.001673680604269312,tail
481,0.25,0.5,0.25,13.387499999999989,1.0397207705399178,0.2885127922648952,0.0007358909051117246,tail
482,0.25,0.25,0.5,13.462499999999988,1.0397207705399178,0.2857565554443664,0.002756236820528779,tail
483,0.5,0.25,0.25,13.462499999999988,1.0397207705399178,0.2857565554443664,0.0,tail
484,0.25,0.75,0.0,13.537499999999987,0.5623351444188083,0.28224482402125217,0.0035117314231142283,tail
485,0.5,0.0,0.5,13.556249999999988,0.6931471803599453,0.28657480811601793,0.00432998409476576,tail
486,0.75,0.0,0.25,13.574999999999987,0.5623351444188083,0.2863588920842286,0.0002159160317893316,tail
487,0.5,0.25,0.25,13.631249999999987,1.0397207705399178,0.288653594218989,0.002294702134760407,tail
488,0.25,0.25,0.5,13.649999999999988,1.0397207705399178,0.28843762271419293,0.0002159715047960753,tail
489,0.25,0.5,0.25,13.574999999999989,1.0397207705399178,0.2908355079080177,0.002397885193824778,tail
490,0.25,0.5,0.25,13.649999999999988,1.0397207705399178,0.29544851400936845,0.004613006101350736,tail
491,0.25,0.25,0.5,13.649999999999988,1.0397207705399178,0.29544851400936845,0.0,tail
492,0.0,0.25,0.75,13.706249999999986,0.5623351444188083,0.2960541695978404,0.0006056555884719761,tail
493,0.25,0.25,0.5,13.649999999999988,1.0397207705399178,0.29910338629521976,0.003049216697379342,tail
494,0.0,0.25,0.75,13.668749999999989,0.5623351444188083,0.3021988731538471,0.0030954868586273165,tail
495,0.0,0.5,0.5,13.724999999999987,0.6931471803599453,0.2997190915916194,0.0024797815622276675,tail
496,0.5,0.25,0.25,13.649999999999986,1.0397207705399178,0.3020949237647303,0.002375832173110881,tail
497,0.5,0.25,0.25,13.706249999999988,1.0397207705399178,0.3006003182020696,0.001494605562660678,tail
498,0.25,0.5,0.25,13.781249999999986,1.0397207705399178,0.2968877895317419,0.0037125286703277305,tail
499,0.25,0.25,0.5,13.837499999999988,1.0397207705399178,0.2976249535447512,0.0007371640130093282,tail
500,0.5,0.25,0.25,13.893749999999986,1.0397207705399178,0.2959658944778706,0.0016590590668806304,tail
501,0.5,0.5,0.0,13.912499999999987,0.6931471803599453,0.2957326568740937,0.0002332376037768591,tail
502,0.75,0.0,0.25,13.968749999999986,0.5623351444188083,0.29818903945574216,0.002456382581648431,tail
503,0.75,0.25,0.0,13.987499999999988,0.5623351444188083,0.299029048996237,0.000840009540494846,tail
504,0.0,0.5,0.5,13.912499999999987,0.6931471803599453,0.3016552970390101,0.002626248042773116,tail
505,0.5,0.25,0.25,13.856249999999985,1.0397207705399178,0.30279872131256785,0.001143424273557736,tail
506,0.5,0.0,0.5,13.931249999999988,0.6931471803599453,0.30682557392764076,0.004026852615072907,tail
507,0.25,0.25,0.5,13.949999999999985,1.0397207705399178,0.3071613973480109,0.00033582342037014046,tail
508,0.25,0.0,0.75,14.024999999999988,0.5623351444188083,0.3104992618710317,0.003337864523020817,tail
509,0.25,0.25,0.5,14.043749999999989,1.0397207705399178,0.31024721293886853,0.0002520489321631847,tail
510,0.5,0.0,0.5,14.118749999999988,0.6931471803599453,0.3132589297343717,0.003011716795503161,tail
511,0.0,0.25,0.75,14.118749999999988,0.5623351444188083,0.3132589297343717,0.0,tail
512,0.25,0.0,0.75,14.174999999999988,0.5623351444188083,0.31363474730101903,0.00037581756664734067,tail
513,0.0,0.0,1.0,14.19374999999999,-1.000000082690371e-10,0.31338391138658367,0.00025083591443536557,tail
514,0.0,0.0,1.0,14.212499999999991,-1.000000082690371e-10,0.3152867684078863,0.0019028570213026064,tail
515,0.25,0.25,0.5,14.28749999999999,1.0397207705399178,0.31150484143949464,0.0037819269683916357,tail
516,0.25,0.5,0.25,14.28749999999999,1.0397207705399178,0.31150484143949464,0.0,tail
517,0.5,0.25,0.25,14.30624999999999,1.0397207705399178,0.3118909269477106,0.0003860855082159498,tail
518,0.25,0.5,0.25,14.32499999999999,1.0397207705399178,0.31227776099069166,0.0003868340429810657,tail
519,0.25,0.25,0.5,14.399999999999991,1.0397207705399178,0.31631071173523145,0.004032950744539798,tail
520,0.5,0.25,0.25,14.45624999999999,1.0397207705399178,0.31668891162949436,0.00037819989426290945,tail
521,0.5,0.0,0.5,14.474999999999989,0.6931471803599453,0.3170534541921414,0.0003645425626470633,tail
522,0.25,0.25,0.5,14.474999999999989,1.0397207705399178,0.3170534541921414,0.0,tail
523,0.0,0.5,0.5,14.549999999999988,0.6931471803599453,0.31251451100408184,0.004538943188059585,tail
524,0.25,0.5,0.25,14.60624999999999,1.0397207705399178,0.31511696149075547,0.0026024504866736242,tail
525,0.5,0.0,0.5,14.60624999999999,0.6931471803599453,0.31511696149075547,0.0,tail
526,0.0,0.5,0.5,14.681249999999991,0.6931471803599453,0.3121569340763991,0.0029600274143563587,tail
527,0.25,0.25,0.5,14.756249999999989,1.0397207705399178,0.3171421936862117,0.004985259609812609,tail
528,0.25,0.25,0.5,14.774999999999991,1.0397207705399178,0.31689959167196435,0.00024260201424736172,tail
529,0.75,0.0,0.25,14.83124999999999,0.5623351444188083,0.32232976812413533,0.005430176452170976,tail
530,0.5,0.25,0.25,14.774999999999991,1.0397207705399178,0.3229045592041928,0.0005747910800574796,tail
531,0.5,0.0,0.5,14.84999999999999,0.6931471803599453,0.3200096510109737,0.0028949081932191367,tail
532,0.25,0.5,0.25,14.90624999999999,1.0397207705399178,0.3206194564776752,0.0006098054667015296,tail
533,0.25,0.0,0.75,14.96249999999999,0.5623351444188083,0.3189867403697221,0.001632716107953125,tail
534,0.25,0.25,0.5,15.01874999999999,1.0397207705399178,0.31752544749389383,0.0014612928758282462,tail
535,0.25,0.5,0.25,15.074999999999989,1.0397207705399178,0.3196773540928037,0.0021519065989098474,tail
536,0.5,0.0,0.5,15.09374999999999,0.6931471803599453,0.32004544334743806,0.000368089254634385,tail
537,0.5,0.25,0.25,15.14999999999999,1.0397207705399178,0.318483714504555,0.0015617288428830811,tail
538,0.0,0.5,0.5,15.168749999999992,0.6931471803599453,0.3188470286268578,0.000363314122302838,tail
539,0.5,0.0,0.5,15.22499999999999,0.6931471803599453,0.3164013847820742,0.0024456438447836293,tail
540,0.75,0.0,0.25,15.29999999999999,0.5623351444188083,0.3119125687832509,0.004488815998823281,tail
541,1.0,0.0,0.0,15.243749999999991,-1.000000082690371e-10,0.3152966418914335,0.003384073108182617,tail
542,0.5,0.25,0.25,15.26249999999999,1.0397207705399178,0.31506472585806866,0.0002319160333648651,tail
543,0.25,0.25,0.5,15.31874999999999,1.0397207705399178,0.3134664303183925,0.0015982955396761644,tail
544,0.0,0.75,0.25,15.39374999999999,0.5623351444188083,0.31902333538813993,0.005556905069747431,tail
545,0.25,0.75,0.0,15.449999999999994,0.5623351444188083,0.3213627506600258,0.0023394152718858585,tail
546,0.25,0.5,0.25,15.468749999999995,1.0397207705399178,0.32364981229803647,0.002287061638010679,tail
547,0.5,0.25,0.25,15.543749999999992,1.0397207705399178,0.32095312149652844,0.002696690801508028,tail
548,0.5,0.25,0.25,15.618749999999993,1.0397207705399178,0.3174765222736905,0.0034765992228379394,tail
549,0.0,0.25,0.75,15.618749999999993,0.5623351444188083,0.3174765222736905,0.0,tail
550,0.25,0.5,0.25,15.637499999999992,1.0397207705399178,0.317265419797844,0.0002111024758464919,tail
551,0.25,0.0,0.75,15.656249999999993,0.5623351444188083,0.3176189938745567,0.0003535740767127149,tail
552,0.25,0.5,0.25,15.674999999999994,1.0397207705399178,0.31797337870530795,0.00035438483075123095,tail
553,0.25,0.0,0.75,15.731249999999992,0.5623351444188083,0.31641013197159973,0.0015632467337082234,tail
554,0.0,0.0,1.0,15.749999999999993,-1.000000082690371e-10,0.31620194954141295,0.0002081824301867763,tail
555,0.25,0.5,0.25,15.806249999999993,1.0397207705399178,0.3148857480988736,0.0013162014425393553,tail
556,0.25,0.0,0.75,15.731249999999994,0.5623351444188083,0.31713088153324553,0.0022451334343719376,tail
557,0.75,0.0,0.25,15.787499999999993,0.5623351444188083,0.3155711359124427,0.0015597456208028548,tail
558,0.25,0.5,0.25,15.787499999999993,1.0397207705399178,0.3155711359124427,0.0,tail
559,0.5,0.25,0.25,15.712499999999991,1.0397207705399178,0.31942330075278547,0.0038521648403427866,tail
560,0.0,0.75,0.25,15.768749999999992,0.5623351444188083,0.3200301180437588,0.0006068172909733383,tail
561,0.5,0.25,0.25,15.824999999999992,1.0397207705399178,0.3219814006200169,0.0019512825762580954,tail
562,0.25,0.25,0.5,15.899999999999993,1.0397207705399178,0.3249415741277018,0.0029601735076849045,tail
563,0.25,0.5,0.25,15.956249999999994,1.0397207705399178,0.3251866703841617,0.00024509625645990907,tail
564,0.5,0.0,0.5,15.974999999999994,0.6931471803599453,0.32526390319580334,7.723281164162543e-05,tail
565,0.5,0.25,0.25,15.993749999999993,1.0397207705399178,0.3250416436566998,0.00022225953910354201,tail
566,0.5,0.25,0.25,16.012499999999996,1.0397207705399178,0.32526390319580334,0.00022225953910354201,tail
567,0.0,0.5,0.5,16.087499999999995,0.6931471803599453,0.3265129168151988,0.0012490136193954449,tail
568,0.75,0.25,0.0,16.106249999999996,0.5623351444188083,0.32628974822778145,0.0002231685874173328,tail
569,0.25,0.75,0.0,16.18125,0.5623351444188083,0.327698048850672,0.001408300622890546,tail
570,0.5,0.25,0.25,16.2,1.0397207705399178,0.32747466505066086,0.00022338380001113434,tail
571,0.25,0.5,0.25,16.256249999999998,1.0397207705399178,0.32605950218026086,0.0014151628703999997,tail
572,0.25,0.5,0.25,16.275,1.0397207705399178,0.32810565337479036,0.0020461511945294997,tail
573,0.5,0.0,0.5,16.331249999999997,0.6931471803599453,0.32869868368965305,0.0005930303148626859,tail
574,0.5,0.5,0.0,16.349999999999998,0.6931471803599453,0.3284792268946633,0.00021945679498974746,tail
575,0.25,0.0,0.75,16.406249999999996,0.5623351444188083,0.3287904348610473,0.0003112079663840084,tail
576,0.75,0.0,0.25,16.406249999999996,0.5623351444188083,0.3287904348610473,0.0,tail
577,0.0,0.25,0.75,16.481249999999996,0.5623351444188083,0.33008003536054187,0.0012896004994945587,tail
578,0.0,0.5,0.5,16.5375,0.6931471803599453,0.3302500837691856,0.00017004840864370818,tail
579,0.75,0.0,0.25,16.55625,0.5623351444188083,0.3295208581567072,0.0007292256124784013,tail
580,0.25,0.25,0.5,16.612499999999997,1.0397207705399178,0.3281237619031191,0.0013970962535880815,tail
581,0.25,0.5,0.25,16.66875,1.0397207705399178,0.32676305763879093,0.0013607042643281608,tail
582,0.0,0.5,0.5,16.6875,0.6931471803599453,0.3271118410254898,0.0003487833866988588,tail
583,0.25,0.25,0.5,16.74375,1.0397207705399178,0.3255733188267295,0.0015385221987602726,tail
584,0.25,0.0,0.75,16.8,0.5623351444188083,0.32313277149021524,0.002440547336514276,tail
585,0.5,0.25,0.25,16.818749999999998,1.0397207705399178,0.3234782840857809,0.0003455125955656446,tail
586,0.0,1.0,0.0,16.875,-1.000000082690371e-10,0.32420377205729345,0.0007254879715125617,tail
587,0.25,0.5,0.25,16.93125,1.0397207705399178,0.32278182853936055,0.0014219435179328999,tail
588,0.5,0.25,0.25,16.95,1.0397207705399178,0.3265405007300229,0.0037586721906623377,tail
589,0.25,0.25,0.5,16.968749999999996,1.0397207705399178,0.3258156330623083,0.0007248676677145682,tail
590,0.75,0.0,0.25,16.89375,0.5623351444188083,0.32827467052194953,0.0024590374596412112,tail
591,0.25,0.5,0.25,16.912499999999998,1.0397207705399178,0.32848616881828435,0.0002114982963348222,tail
592,0.25,0.5,0.25,16.8375,1.0397207705399178,0.33042986841461436,0.0019436995963300063,tail
593,0.0,0.25,0.75,16.85625,0.5623351444188083,0.3310170933884419,0.0005872249738275159,tail
594,0.75,0.25,0.0,16.875,0.5623351444188083,0.33110060530858887,8.351192014699471e-05,tail
595,0.25,0.25,0.5,16.893749999999997,1.0397207705399178,0.3311848186009142,8.421329232533026e-05,tail
596,0.25,0.5,0.25,16.8375,1.0397207705399178,0.33169212420197086,0.0005073056010566623,tail
597,0.25,0.25,0.5,16.893749999999997,1.0397207705399178,0.3279518608386876,0.0037402633632832583,tail
598,0.5,0.25,0.25,16.912499999999998,1.0397207705399178,0.32773578357926225,0.00021607725942535128,tail
599,0.25,0.5,0.25,16.968749999999996,1.0397207705399178,0.328243559370818,0.0005077757915557535,tail
600,1.0,0.0,0.0,17.025,-1.000000082690371e-10,0.32863407569055564,0.0003905163197376327,tail
601,0.75,0.25,0.0,17.08125,0.5623351444188083,0.3328050178772434,0.004170942186687787,tail
602,0.5,0.25,0.25,17.08125,1.0397207705399178,0.3328050178772434,0.0,tail
603,0.75,0.25,0.0,17.15625,0.5623351444188083,0.3283028793647712,0.00450213851247222,tail
604,0.25,0.25,0.5,17.2125,1.0397207705399178,0.3267882307532818,0.001514648611489422,tail
605,0.75,0.25,0.0,17.2125,0.5623351444188083,0.3267882307532818,0.0,tail
606,0.0,0.5,0.5,17.23125,0.6931471803599453,0.3275556249577028,0.0007673942044210125,tail
607,0.5,0.0,0.5,17.2875,0.6931471803599453,0.3301344168056091,0.0025787918479063254,tail
608,0.0,0.25,0.75,17.34375,0.5623351444188083,0.3287563700851691,0.001378046720440007,tail
609,0.25,0.25,0.5,17.362499999999997,1.0397207705399178,0.32854527460242333,0.00021109548274578227,tail
610,0.5,0.0,0.5,17.4375,0.6931471803599453,0.32519193230339144,0.0033533422990318917,tail
611,0.0,0.75,0.25,17.45625,0.5623351444188083,0.32498956469645857,0.00020236760693287392,tail
612,0.5,0.5,0.0,17.45625,0.6931471803599453,0.32498956469645857,0.0,tail
613,0.5,0.0,0.5,17.512500000000003,0.6931471803599453,0.32255423433035263,0.0024353303661059367,tail
614,0.0,0.75,0.25,17.56875,0.5623351444188083,0.32327800792319045,0.0007237735928378175,tail
615,0.25,0.25,0.5,17.64375,1.0397207705399178,0.32001411858059975,0.003263889342590698,tail
616,0.25,0.75,0.0,17.7,0.5623351444188083,0.32257574778502257,0.0025616292044228217,tail
617,0.25,0.5,0.25,17.75625,1.0397207705399178,0.3201454184683703,0.002430329316652269,tail
618,0.25,0.25,0.5,17.83125,1.0397207705399178,0.3253298761144048,0.005184457646034479,tail
619,0.25,0.25,0.5,17.90625,1.0397207705399178,0.32305020757681785,0.002279668537586932,tail
620,0.75,0.0,0.25,17.925,0.5623351444188083,0.3233742469137866,0.0003240393369687289,tail
621,0.5,0.0,0.5,18.000000000000004,0.6931471803599453,0.3202631542984462,0.0031110926153403717,tail
622,0.5,0.25,0.25,18.01875,1.0397207705399178,0.32057960489997467,0.00031645060152846183,tail
623,0.25,0.75,0.0,18.075000000000003,0.5623351444188083,0.3211776152892223,0.0005980103892476163,tail
624,0.25,0.0,0.75,18.09375,0.5623351444188083,0.3235120704661154,0.0023344551768931243,tail
625,0.75,0.25,0.0,18.168750000000003,0.5623351444188083,0.32136656338219743,0.0021455070839179746,tail
626,0.75,0.0,0.25,18.168750000000003,0.5623351444188083,0.32136656338219743,0.0,tail
627,0.25,0.5,0.25,18.225000000000005,1.0397207705399178,0.3219629786289593,0.00059641524676185,tail
628,0.25,0.25,0.5,18.281250000000004,1.0397207705399178,0.3205829844796783,0.001379994149280972,tail
629,0.0,0.5,0.5,18.356250000000003,0.6931471803599453,0.3251373344360374,0.004554349956359061,tail
630,0.5,0.25,0.25,18.4125,1.0397207705399178,0.32395251672325726,0.0011848177127801174,tail
631,0.25,0.5,0.25,18.431250000000006,1.0397207705399178,0.3242592321774983,0.0003067154542410466,tail
632,0.0,0.25,0.75,18.450000000000003,0.5623351444188083,0.32601957929180286,0.0017603471143045613,tail
633,0.25,0.25,0.5,18.525000000000006,1.0397207705399178,0.32892446181907026,0.002904882527267394,tail
634,0.25,0.0,0.75,18.543750000000006,0.5623351444188083,0.3311976384226513,0.002273176603581062,tail
635,0.75,0.0,0.25,18.468750000000004,0.5623351444188083,0.3332046478712556,0.002007009448604269,tail
636,0.25,0.25,0.5,18.525000000000006,1.0397207705399178,0.3319500986836452,0.0012545491876103654,tail
637,0.0,0.75,0.25,18.581250000000004,0.5623351444188083,0.3325560558263142,0.000605957142668978,tail
638,0.5,0.5,0.0,18.656250000000004,0.6931471803599453,0.32809381709608887,0.004462238730225332,tail
639,0.75,0.0,0.25,18.712500000000002,0.5623351444188083,0.32881510001580394,0.0007212829197150716,tail
640,0.0,0.5,0.5,18.787500000000005,0.6931471803599453,0.3338295961729575,0.005014496157153547,tail
641,0.5,0.25,0.25,18.806250000000006,1.0397207705399178,0.33310685232824094,0.0007227438447165446,tail
642,0.75,0.0,0.25,18.825000000000006,0.5623351444188083,0.3329197065885911,0.00018714573964984105,tail
643,0.5,0.5,0.0,18.900000000000006,0.6931471803599453,0.32981509710997975,0.003104609478611353,tail
644,0.75,0.0,0.25,18.956250000000004,0.5623351444188083,0.3286047410031386,0.0012103561068411706,tail
645,1.0,0.0,0.0,19.031250000000007,-1.000000082690371e-10,0.3333276275399884,0.004722886536849824,tail
646,0.75,0.25,0.0,19.087500000000006,0.5623351444188083,0.33212054541161956,0.0012070821283688415,tail
647,0.5,0.25,0.25,19.16250000000001,1.0397207705399178,0.32913754561147135,0.0029829998001482116,tail
648,0.25,0.5,0.25,19.237500000000004,1.0397207705399178,0.32720774565473615,0.0019297999567352009,tail
649,0.5,0.25,0.25,19.162500000000005,1.0397207705399178,0.32894792546879004,0.0017401798140538882,tail
650,0.25,0.75,0.0,19.218750000000004,0.5623351444188083,0.3278132312697373,0.0011346941990527104,tail
651,0.25,0.25,0.5,19.275000000000006,1.0397207705399178,0.325291979573465,0.0025212516962723197,tail
652,0.5,0.25,0.25,19.293750000000006,1.0397207705399178,0.32580821971275475,0.0005162401392897475,tail
653,0.25,0.75,0.0,19.312500000000007,0.5623351444188083,0.3256624325404294,0.000145787172325329,tail
654,0.25,0.5,0.25,19.38750000000001,1.0397207705399178,0.3301832422487908,0.004520809708361384,tail
655,0.25,0.5,0.25,19.406250000000007,1.0397207705399178,0.3294727470456811,0.0007104952031097289,tail
656,0.75,0.0,0.25,19.35000000000001,0.5623351444188083,0.3303568461956993,0.0008840991500182471,tail
657,0.25,0.25,0.5,19.36875000000001,1.0397207705399178,0.3296445092440834,0.0007123369516159328,tail
658,0.5,0.5,0.0,19.425000000000008,0.6931471803599453,0.3285942182379861,0.0010502910060972703,tail
659,0.25,0.0,0.75,19.443750000000012,0.5623351444188083,0.32844798183778406,0.00014623640020205997,tail
660,0.75,0.0,0.25,19.368750000000006,0.5623351444188083,0.33008652890504253,0.0016385470672584668,tail
661,0.25,0.25,0.5,19.425000000000008,1.0397207705399178,0.33243645460803084,0.002349925702988309,tail
662,0.5,0.5,0.0,19.48125000000001,0.6931471803599453,0.3313579008170667,0.0010785537909641651,tail
663,0.5,0.5,0.0,19.42500000000001,0.6931471803599453,0.3322572291785908,0.000899328361524121,tail
664,0.25,0.0,0.75,19.48125000000001,0.5623351444188083,0.3339262876664753,0.0016690584878845116,tail
665,0.0,0.75,0.25,19.556250000000013,0.5623351444188083,0.3368718406658154,0.002945552999340073,tail
666,0.75,0.25,0.0,19.61250000000001,0.5623351444188083,0.3342992879803093,0.002572552685506102,tail
667,0.25,0.25,0.5,19.66875000000001,1.0397207705399178,0.33337930668367644,0.0009199812966328436,tail
668,0.0,0.5,0.5,19.74375000000001,0.6931471803599453,0.3317668352136782,0.0016124714699982112,tail
669,0.75,0.0,0.25,19.81875000000001,0.5623351444188083,0.33029255595685325,0.001474279256824973,tail
670,0.5,0.0,0.5,19.83750000000001,0.6931471803599453,0.3301759964681959,0.00011655948865735288,tail
671,0.5,0.25,0.25,19.78125000000001,1.0397207705399178,0.33087251850891564,0.0006965220407197381,tail
672,0.5,0.25,0.25,19.72500000000001,1.0397207705399178,0.3328071226316473,0.0019346041227316646,tail
673,0.25,0.5,0.25,19.78125000000001,1.0397207705399178,0.3304330228092037,0.002374099822443576,tail
674,0.25,0.25,0.5,19.837500000000013,1.0397207705399178,0.3295127731837393,0.0009202496254644421,tail
675,0.0,0.25,0.75,19.89375000000001,0.5623351444188083,0.32863989257472087,0.0008728806090184116,tail
676,0.5,0.0,0.5,19.912500000000012,0.6931471803599453,0.3302792839030675,0.0016393913283466177,tail
677,0.25,0.25,0.5,19.931250000000013,1.0397207705399178,0.3304078483987902,0.00012856449572273831,tail
678,0.5,0.0,0.5,19.98750000000001,0.6931471803599453,0.32804590404315276,0.0023619443556374686,tail
679,0.25,0.5,0.25,20.06250000000001,1.0397207705399178,0.32550569489045983,0.0025402091526929294,tail
680,0.75,0.0,0.25,20.06250000000001,0.5623351444188083,0.32550569489045983,0.0,tail
681,0.25,0.0,0.75,20.08125000000001,0.5623351444188083,0.325935767341423,0.00043007245096315927,tail
682,0.5,0.25,0.25,20.10000000000001,1.0397207705399178,0.32637836383657287,0.00044259649514988286,tail
683,0.25,0.0,0.75,20.15625000000001,0.5623351444188083,0.32536938720085934,0.0010089766357135321,tail
684,0.75,0.0,0.25,20.081250000000008,0.5623351444188083,0.3267527205988175,0.001383333397958153,tail
685,0.25,0.5,0.25,20.13750000000001,1.0397207705399178,0.3292519804126123,0.0024992598137947852,tail
686,0.0,0.75,0.25,20.156250000000007,0.5623351444188083,0.3297371444244617,0.00048516401184944824,tail
687,0.75,0.0,0.25,20.21250000000001,0.5623351444188083,0.332202524568546,0.0024653801440842615,tail
688,0.0,0.25,0.75,20.268750000000008,0.5623351444188083,0.33099221550133373,0.0012103090672122563,tail
689,0.25,0.5,0.25,20.287500000000005,1.0397207705399178,0.33299300005312804,0.00200078455179431,tail
690,0.25,0.25,0.5,20.23125000000001,1.0397207705399178,0.33383791488355413,0.0008449148304260912,tail
691,0.5,0.0,0.5,20.25000000000001,0.6931471803599453,0.33412152140883955,0.0002836065252854181,tail
692,0.25,0.0,0.75,20.268750000000008,0.5623351444188083,0.3344060321649658,0.0002845107561262328,tail
693,0.75,0.25,0.0,20.32500000000001,0.5623351444188083,0.33201452625775657,0.0023915059072092126,tail
694,0.5,0.25,0.25,20.381250000000012,1.0397207705399178,0.32762759118339685,0.004386935074359721,tail
695,0.25,0.0,0.75,20.45625000000001,0.5623351444188083,0.33252317597715786,0.00489558479376101,tail
696,0.5,0.25,0.25,20.51250000000001,1.0397207705399178,0.3315908329596078,0.0009323430175500746,tail
697,0.25,0.0,0.75,20.531250000000014,0.5623351444188083,0.3314614692697729,0.00012936368983490487,tail
698,0.75,0.0,0.25,20.531250000000014,0.5623351444188083,0.3314614692697729,0.0,tail
699,0.25,0.25,0.5,20.587500000000013,1.0397207705399178,0.33204890789784175,0.0005874386280688704,tail
700,0.0,0.75,0.25,20.64375000000001,0.5623351444188083,0.3341347213409288,0.002085813443087059,tail
701,0.25,0.0,0.75,20.70000000000001,0.5623351444188083,0.3317656564556172,0.0023690648853116336,tail
702,0.75,0.0,0.25,20.71875000000001,0.5623351444188083,0.33163656708783895,0.00012908936777822344,tail
703,0.5,0.25,0.25,20.64375000000001,1.0397207705399178,0.33447006526427625,0.002833498176437299,tail
704,0.75,0.25,0.0,20.700000000000014,0.5623351444188083,0.33359995761841943,0.0008701076458568213,tail
705,0.75,0.25,0.0,20.71875000000001,0.5623351444188083,0.33407851505010366,0.0004785574316842345,tail
706,0.0,0.75,0.25,20.775000000000013,0.5623351444188083,0.33315196110820505,0.0009265539418986113,tail
707,0.25,0.25,0.5,20.83125000000001,1.0397207705399178,0.33078831035775647,0.002363650750448587,tail
708,0.75,0.0,0.25,20.850000000000012,0.5623351444188083,0.3306611342051625,0.0001271761525939441,tail
709,0.5,0.0,0.5,20.906250000000014,0.6931471803599453,0.3297979674253317,0.0008631667798308373,tail
710,0.25,0.25,0.5,20.925000000000015,1.0397207705399178,0.33005611244644995,0.0002581450211182612,tail
711,0.25,0.25,0.5,21.000000000000014,1.0397207705399178,0.32867625180194376,0.0013798606445061812,tail
712,0.25,0.5,0.25,21.056250000000013,1.0397207705399178,0.32799515067577106,0.0006811011261727007,tail
713,0.75,0.0,0.25,21.075000000000014,0.5623351444188083,0.3278928688269644,0.00010228184880667346,tail
714,0.0,0.25,0.75,21.093750000000014,0.5623351444188083,0.3292544967220452,0.0013616278950808192,tail
715,0.25,0.25,0.5,21.150000000000013,1.0397207705399178,0.3297304189759386,0.0004759222538933683,tail
716,0.0,0.5,0.5,21.168750000000014,0.6931471803599453,0.3296216037359021,0.00010881524003647502,tail
717,0.25,0.0,0.75,21.225000000000016,0.5623351444188083,0.3300977451852917,0.0004761414493896221,tail
718,0.5,0.25,0.25,21.150000000000016,1.0397207705399178,0.33133705023009413,0.0012393050448024079,tail
719,0.5,0.0,0.5,21.225000000000016,0.6931471803599453,0.3347019555182605,0.0033649052881663533,tail
720,0.5,0.0,0.5,21.243750000000016,0.6931471803599453,0.33457906611013144,0.00012288940812904547,tail
721,0.25,0.25,0.5,21.262500000000017,1.0397207705399178,0.3347019555182605,0.00012288940812904547,tail
722,0.25,0.25,0.5,21.281250000000018,1.0397207705399178,0.3348258002278835,0.00012384470962301108,tail
723,0.25,0.25,0.5,21.20625000000002,1.0397207705399178,0.3362315934211249,0.0014057931932414114,tail
724,0.5,0.5,0.0,21.20625000000002,0.6931471803599453,0.3362315934211249,0.0,tail
725,0.25,0.25,0.5,21.262500000000017,1.0397207705399178,0.33757458315944705,0.0013429897383221423,tail
726,0.5,0.5,0.0,21.337500000000016,0.6931471803599453,0.3404936356918221,0.002919052532375066,tail
727,0.0,0.25,0.75,21.356250000000017,0.5623351444188083,0.33978468759078,0.0007089481010421061,tail
728,0.75,0.25,0.0,21.28125000000002,0.5623351444188083,0.340973588350174,0.0011889007593939849,tail
729,0.0,0.75,0.25,21.30000000000002,0.5623351444188083,0.34082510202360244,0.0001484863265715508,tail
730,0.75,0.25,0.0,21.22500000000002,0.5623351444188083,0.3411113826355918,0.0002862806119893757,tail
731,0.25,0.25,0.5,21.281250000000018,1.0397207705399178,0.3418390297885851,0.0007276471529932826,tail
732,0.25,0.25,0.5,21.35625000000002,1.0397207705399178,0.3431733009345296,0.0013342711459444767,tail
733,0.5,0.25,0.25,21.412500000000016,1.0397207705399178,0.3453486681025984,0.0021753671680688202,tail
734,0.5,0.0,0.5,21.468750000000018,0.6931471803599453,0.3475616295699242,0.0022129614673258025,tail
735,0.0,0.25,0.75,21.412500000000016,0.5623351444188083,0.34769440575735283,0.0001327761874286293,tail
736,0.5,0.0,0.5,21.468750000000018,0.6931471803599453,0.34787736702790995,0.00018296127055711375,tail
737,0.25,0.5,0.25,21.412500000000016,1.0397207705399178,0.34805588172183843,0.00017851469392848873,tail
738,0.0,1.0,0.0,21.468750000000014,-1.000000082690371e-10,0.34824025712714335,0.00018437540530491514,tail
739,0.5,0.25,0.25,21.525000000000016,1.0397207705399178,0.3471771255502743,0.0010631315768690475,tail
740,0.25,0.0,0.75,21.543750000000017,0.5623351444188083,0.34701504207379974,0.00016208347647456156,tail
741,0.25,0.25,0.5,21.487500000000015,1.0397207705399178,0.3486068956070902,0.0015918535332904438,tail
742,0.5,0.5,0.0,21.562500000000018,0.6931471803599453,0.3465701309621529,0.0020367646449372945,tail
743,0.0,0.5,0.5,21.58125000000002,0.6931471803599453,0.34673500511286526,0.00016487415071236855,tail
744,0.25,0.25,0.5,21.63750000000002,1.0397207705399178,0.3455995883410878,0.0011354167717774755,tail
745,0.5,0.25,0.25,21.58125000000002,1.0397207705399178,0.3464061452998545,0.000806556958766691,tail
746,0.5,0.25,0.25,21.60000000000002,1.0397207705399178,0.34874029530354705,0.002334150003692581,tail
747,0.5,0.25,0.25,21.65625000000002,1.0397207705399178,0.3498993923077792,0.001159097004232168,tail
748,0.0,0.5,0.5,21.67500000000002,0.6931471803599453,0.34993233799762585,3.294568984663071e-05,tail
749,0.0,0.25,0.75,21.731250000000017,0.5623351444188083,0.3505946978393244,0.0006623598416985454,tail
750,0.5,0.25,0.25,21.750000000000018,1.0397207705399178,0.3517052440275588,0.001110546188234418,tail
751,0.5,0.25,0.25,21.76875000000002,1.0397207705399178,0.3515363421865011,0.00016890184105772255,tail
752,0.0,0.0,1.0,21.693750000000016,-1.000000082690371e-10,0.35208446484406397,0.0005481226575628773,tail
753,0.0,0.25,0.75,21.712500000000016,0.5623351444188083,0.3524068968979452,0.00032243205388121643,tail
754,0.5,0.0,0.5,21.73125000000002,0.6931471803599453,0.35169111410016834,0.0007157827977768427,tail
755,0.0,0.25,0.75,21.787500000000016,0.5623351444188083,0.3528961590981672,0.0012050449979988387,tail
756,0.5,0.0,0.5,21.84375000000002,0.6931471803599453,0.3504898904315364,0.0024062686666307953,tail
757,0.25,0.25,0.5,21.862500000000022,1.0397207705399178,0.3503103140598568,0.00017957637167959062,tail
758,0.75,0.25,0.0,21.93750000000002,0.5623351444188083,0.353673115942596,0.003362801882739186,tail
759,0.0,0.25,0.75,21.93750000000002,0.5623351444188083,0.353673115942596,0.0,tail
760,0.5,0.25,0.25,22.012500000000024,1.0397207705399178,0.3551558211764872,0.0014827052338912128,tail
761,0.75,0.0,0.25,22.06875000000002,0.5623351444188083,0.3540058417103339,0.0011499794661533058,tail
762,1.0,0.0,0.0,22.08750000000002,-1.000000082690371e-10,0.35418240566466863,0.00017656395433474081,tail
763,0.5,0.5,0.0,22.01250000000002,0.6931471803599453,0.35543019508285145,0.0012477894181828209,tail
764,0.5,0.0,0.5,22.06875000000002,0.6931471803599453,0.3541550051734685,0.0012751899093829677,tail
765,0.25,0.5,0.25,22.08750000000002,1.0397207705399178,0.35480040486711056,0.0006453996936420792,tail
766,0.5,0.25,0.25,22.10625000000002,1.0397207705399178,0.3564131639488018,0.0016127590816912285,tail
767,0.25,0.25,0.5,22.10625000000002,1.0397207705399178,0.3564131639488018,0.0,tail
768,0.0,0.25,0.75,22.03125000000002,0.5623351444188083,0.3570075861703406,0.0005944222215388262,tail
769,0.5,0.25,0.25,22.08750000000002,1.0397207705399178,0.3557999881405214,0.0012075980298192346,tail
770,0.25,0.25,0.5,22.14375000000002,1.0397207705399178,0.3572347812289363,0.0014347930884149318,tail
771,0.75,0.25,0.0,22.20000000000002,0.5623351444188083,0.35584975426340665,0.0013850269655296676,tail
772,0.5,0.0,0.5,22.21875000000002,0.6931471803599453,0.35616113051410514,0.00031137625069849184,tail
773,0.25,0.25,0.5,22.23750000000002,1.0397207705399178,0.3568235650672213,0.0006624345531161535,tail
774,0.5,0.25,0.25,22.25625000000002,1.0397207705399178,0.35663699985231706,0.00018656521490423295,tail
775,0.5,0.25,0.25,22.18125000000002,1.0397207705399178,0.35792819946126114,0.0012911996089440825,tail
776,0.5,0.0,0.5,22.23750000000002,0.6931471803599453,0.3565963281558589,0.0013318713054022435,tail
777,0.5,0.5,0.0,22.181250000000023,0.6931471803599453,0.35754348688371534,0.0009471587278564453,tail
778,0.5,0.25,0.25,22.237500000000022,1.0397207705399178,0.3515023317674549,0.006041155116260466,tail
779,0.5,0.5,0.0,22.29375000000002,0.6931471803599453,0.3540337468949553,0.002531415127500436,tail
780,0.75,0.25,0.0,22.31250000000002,0.5623351444188083,0.35435242922158694,0.0003186823266316252,tail
781,0.5,0.5,0.0,22.368750000000023,0.6931471803599453,0.3550671431162156,0.0007147138946286824,tail
782,0.25,0.25,0.5,22.443750000000023,1.0397207705399178,0.3528322105739812,0.002234932542234447,tail
783,0.25,0.5,0.25,22.50000000000002,1.0397207705399178,0.3553018277611009,0.0024696171871197437,tail
784,0.25,0.5,0.25,22.55625000000002,1.0397207705399178,0.3541485998011655,0.0011532279599354434,tail
785,0.5,0.25,0.25,22.575000000000024,1.0397207705399178,0.3539723859136205,0.0001762138875449626,tail
786,0.25,0.0,0.75,22.59375000000002,0.5623351444188083,0.3532620253988671,0.0007103605147534275,tail
787,0.25,0.25,0.5,22.612500000000022,1.0397207705399178,0.3547656740668275,0.0015036486679604333,tail
788,0.25,0.25,0.5,22.668750000000024,1.0397207705399178,0.35351515983600496,0.0012505142308225636,tail
789,0.25,0.25,0.5,22.725000000000023,1.0397207705399178,0.35402264514203297,0.0005074853060280105,tail
790,0.5,0.25,0.25,22.78125000000003,1.0397207705399178,0.35120135065166547,0.0028212944903674986,tail
791,0.25,0.0,0.75,22.837500000000027,0.5623351444188083,0.3501813455495968,0.0010200051020686773,tail
792,0.25,0.5,0.25,22.781250000000025,1.0397207705399178,0.3511092070233885,0.0009278614737917024,tail
793,0.75,0.25,0.0,22.837500000000027,0.5623351444188083,0.3499926936339773,0.0011165133894112111,tail
794,0.25,0.0,0.75,22.781250000000025,0.5623351444188083,0.35339945230244163,0.003406758668464349,tail
795,0.5,0.25,0.25,22.725000000000026,1.0397207705399178,0.35442723977596213,0.0010277874735205028,tail
796,0.5,0.0,0.5,22.78125000000003,0.6931471803599453,0.3496647945898397,0.004762445186122455,tail
797,0.5,0.25,0.25,22.837500000000023,1.0397207705399178,0.35661225346026504,0.00694745887042536,tail
798,0.5,0.25,0.25,22.856250000000024,1.0397207705399178,0.35644291516228566,0.00016933829797938227,tail
799,0.75,0.25,0.0,22.875000000000025,0.5623351444188083,0.35661225346026504,0.00016933829797938227,tail
800,0.25,0.5,0.25,22.818750000000026,1.0397207705399178,0.3576212914312079,0.001009037970942872,tail
801,0.5,0.0,0.5,22.818750000000026,0.6931471803599453,0.3576212914312079,0.0,tail
802,0.25,0.5,0.25,22.87500000000003,1.0397207705399178,0.35646052878509465,0.0011607626461132559,tail
803,0.25,0.25,0.5,22.931250000000027,1.0397207705399178,0.35046756781190425,0.005992960973190409,tail
804,0.5,0.25,0.25,22.987500000000026,1.0397207705399178,0.3493274171852477,0.0011401506266565664,tail
805,0.75,0.0,0.25,23.006250000000026,0.5623351444188083,0.34862078008825687,0.0007066370969908142,tail
806,0.5,0.0,0.5,23.062500000000025,0.6931471803599453,0.34748216096334406,0.0011386191249128097,tail
807,0.75,0.25,0.0,23.118750000000027,0.5623351444188083,0.34647492521970824,0.0010072357436358148,tail
808,0.25,0.25,0.5,23.137500000000028,1.0397207705399178,0.3506287954752975,0.004153870255589276,tail
809,0.25,0.25,0.5,23.156250000000025,1.0397207705399178,0.3511907986483687,0.0005620031730712016,tail
810,0.75,0.25,0.0,23.156250000000025,0.5623351444188083,0.3511907986483687,0.0,tail
811,0.25,0.5,0.25,23.212500000000027,1.0397207705399178,0.34524052670605093,0.005950271942317786,tail
812,0.75,0.0,0.25,23.287500000000023,0.5623351444188083,0.3434318071547576,0.0018087195512933585,tail
813,0.5,0.0,0.5,23.231250000000028,0.6931471803599453,0.3442983200855752,0.0008665129308176311,tail
814,0.25,0.25,0.5,23.306250000000023,1.0397207705399178,0.33997343115113626,0.004324888934438942,tail
815,0.5,0.5,0.0,23.231250000000024,0.6931471803599453,0.3430407883093664,0.003067357158230144,tail
816,0.75,0.0,0.25,23.25000000000003,0.5623351444188083,0.34332854018406334,0.00028775187469692876,tail
817,0.25,0.25,0.5,23.175000000000026,1.0397207705399178,0.34650843793500197,0.0031798977509386317,tail
818,0.25,0.75,0.0,23.231250000000028,0.5623351444188083,0.3438322115583375,0.002676226376664481,tail
819,0.25,0.5,0.25,23.287500000000026,1.0397207705399178,0.3414801638910652,0.0023520476672722612,tail
820,0.25,0.25,0.5,23.36250000000003,1.0397207705399178,0.34682473911054823,0.005344575219483005,tail
821,0.25,0.25,0.5,23.381250000000026,1.0397207705399178,0.34667112781493636,0.00015361129561186626,tail
822,0.75,0.0,0.25,23.43750000000003,0.5623351444188083,0.34431601566395564,0.0023551121509807205,tail
823,0.25,0.0,0.75,23.512500000000028,0.5623351444188083,0.3416087422246877,0.0027072734392679654,tail
824,0.5,0.25,0.25,23.587500000000027,1.0397207705399178,0.33995109320995603,0.0016576490147316436,tail
825,0.5,0.5,0.0,23.587500000000027,0.6931471803599453,0.33995109320995603,0.0,tail
826,0.5,0.5,0.0,23.64375000000003,0.6931471803599453,0.3376249840947655,0.0023261091151905444,tail
827,0.75,0.0,0.25,23.71875000000003,0.5623351444188083,0.3333599372261428,0.004265046868622668,tail
828,0.5,0.25,0.25,23.77500000000003,1.0397207705399178,0.33134266105194654,0.002017276174196281,tail
829,0.25,0.5,0.25,23.83125000000003,1.0397207705399178,0.33057827177655036,0.0007643892753961823,tail
830,1.0,0.0,0.0,23.887500000000028,-1.000000082690371e-10,0.32991854723687913,0.0006597245396712248,tail
831,0.5,0.25,0.25,23.962500000000027,1.0397207705399178,0.3287961824157998,0.001122364821079358,tail
832,0.25,0.75,0.0,24.037500000000026,0.5623351444188083,0.3246657400252314,0.004130442390568367,tail
833,0.25,0.5,0.25,24.09375000000003,1.0397207705399178,0.3224254823989996,0.002240257626231812,tail
834,0.5,0.0,0.5,24.168750000000024,0.6931471803599453,0.3183218990859014,0.00410358331309818,tail
835,0.5,0.5,0.0,24.168750000000024,0.6931471803599453,0.3183218990859014,0.0,tail
836,0.25,0.0,0.75,24.225000000000026,0.5623351444188083,0.31783339337855426,0.0004885057073471533,tail
837,0.5,0.0,0.5,24.300000000000026,0.6931471803599453,0.3137702847967826,0.004063108581771668,tail
838,0.0,0.5,0.5,24.318750000000023,0.6931471803599453,0.31397470597957816,0.00020442118279556665,tail
839,0.75,0.0,0.25,24.393750000000026,0.5623351444188083,0.31320843589816294,0.0007662700814152212,tail
840,0.5,0.25,0.25,24.450000000000028,1.0397207705399178,0.31385790241086015,0.0006494665126972055,tail
841,0.0,0.25,0.75,24.46875000000003,0.5623351444188083,0.3138003137659762,5.758864488392135e-05,tail
842,0.5,0.5,0.0,24.525000000000027,0.6931471803599453,0.3129946618737169,0.0008056518922593403,tail
843,0.75,0.25,0.0,24.525000000000027,0.5623351444188083,0.3129946618737169,0.0,tail
844,0.5,0.0,0.5,24.543750000000028,0.6931471803599453,0.31314188015420974,0.00014721828049285568,tail
845,0.25,0.0,0.75,24.46875000000003,0.5623351444188083,0.3151455810006679,0.0020037008464581785,tail
846,0.5,0.0,0.5,24.543750000000028,0.6931471803599453,0.31456893409403863,0.0005766469066292856,tail
847,0.5,0.0,0.5,24.56250000000003,0.6931471803599453,0.3183601104017512,0.003791176307712585,tail
848,0.75,0.25,0.0,24.581250000000033,0.5623351444188083,0.31854225137200987,0.0001821409702586485,tail
849,0.25,0.75,0.0,24.63750000000003,0.5623351444188083,0.3179125516175258,0.0006296997544840699,tail
850,0.5,0.25,0.25,24.71250000000003,1.0397207705399178,0.3163584274167479,0.0015541242007778844,tail
851,0.0,0.25,0.75,24.73125000000003,0.5623351444188083,0.3157316272766342,0.0006268001401137369,tail
852,0.0,0.25,0.75,24.78750000000003,0.5623351444188083,0.31514667174123195,0.0005849555354022207,tail
853,0.75,0.25,0.0,24.862500000000033,0.5623351444188083,0.3113017809489741,0.00384489079225786,tail
854,0.25,0.25,0.5,24.91875000000003,1.0397207705399178,0.3107498953239203,0.0005518856250538162,tail
855,0.25,0.25,0.5,24.93750000000003,1.0397207705399178,0.3107448616402731,5.033683647182041e-06,tail
856,0.25,0.25,0.5,24.99375000000003,1.0397207705399178,0.31836198141303035,0.007617119772757253,tail
857,0.25,0.25,0.5,25.01250000000003,1.0397207705399178,0.3177376799283637,0.0006243014846666339,tail
858,0.75,0.0,0.25,25.06875000000003,0.5623351444188083,0.3254423020785059,0.007704622150142171,tail
859,0.25,0.25,0.5,25.14375000000003,1.0397207705399178,0.33028156586114293,0.004839263782637049,tail
860,0.5,0.0,0.5,25.08750000000003,0.6931471803599453,0.33325653981038594,0.0029749739492430094,tail
861,0.5,0.25,0.25,25.143750000000026,1.0397207705399178,0.33300104045578954,0.00025549935459640016,tail
862,0.0,0.5,0.5,25.200000000000024,0.6931471803599453,0.3323443023679852,0.0006567380878043649,tail
863,0.25,0.0,0.75,25.25625000000003,0.5623351444188083,0.33160984620462297,0.0007344561633622071,tail
864,0.25,0.25,0.5,25.33125000000003,1.0397207705399178,0.3300727351228596,0.0015371110817633538,tail
865,0.0,0.5,0.5,25.35000000000003,0.6931471803599453,0.3338144796899785,0.0037417445671188987,tail
866,0.0,0.25,0.75,25.42500000000003,0.5623351444188083,0.3336182434475102,0.00019623624246833948,tail
867,0.5,0.25,0.25,25.50000000000003,1.0397207705399178,0.3384244653560573,0.004806221908547126,tail
868,0.75,0.0,0.25,25.57500000000003,0.5623351444188083,0.34213714147143887,0.0037126761153815635,tail
869,0.5,0.25,0.25,25.593750000000032,1.0397207705399178,0.34150188526935843,0.0006352562020804364,tail
870,0.5,0.0,0.5,25.66875000000003,0.6931471803599453,0.3413381878216048,0.00016369744775363015,tail
871,0.75,0.0,0.25,25.687500000000032,0.5623351444188083,0.3413309215791798,7.266242424974756e-06,tail
872,0.5,0.25,0.25,25.63125000000003,1.0397207705399178,0.3415871114493379,0.0002561898701580745,tail
873,0.25,0.75,0.0,25.687500000000032,0.5623351444188083,0.33947163701003624,0.0021154744393016567,tail
874,0.25,0.0,0.75,25.743750000000034,0.5623351444188083,0.33945049244767067,2.1144562365571495e-05,tail
875,0.5,0.25,0.25,25.762500000000035,1.0397207705399178,0.33957788345363366,0.00012739100596298458,tail
876,0.25,0.75,0.0,25.818750000000033,0.5623351444188083,0.33902193242822143,0.0005559510254122269,tail
877,0.25,0.0,0.75,25.837500000000034,0.5623351444188083,0.33994779975831096,0.0009258673300895359,tail
878,0.25,0.0,0.75,25.85625000000004,0.5623351444188083,0.33932870587204284,0.0006190938862681294,tail
879,0.5,0.25,0.25,25.912500000000037,1.0397207705399178,0.33883391389255113,0.0004947919794917044,tail
880,0.5,0.25,0.25,25.96875000000004,1.0397207705399178,0.34102275247136093,0.002188838578809804,tail
881,0.25,0.5,0.25,25.912500000000037,1.0397207705399178,0.34100875948893855,1.3992982422383893e-05,tail
882,0.5,0.25,0.25,25.93125000000004,1.0397207705399178,0.3412104438037534,0.00020168431481487614,tail
883,0.0,0.25,0.75,25.875000000000043,0.5623351444188083,0.34127202290591585,6.157910216242346e-05,tail
884,0.25,0.25,0.5,25.931250000000038,1.0397207705399178,0.3412062386120644,6.578429385145634e-05,tail
885,0.5,0.0,0.5,25.95000000000004,0.6931471803599453,0.34119965075055114,6.587861513251969e-06,tail
886,0.5,0.0,0.5,26.006250000000037,0.6931471803599453,0.3390971034206419,0.0021025473299092212,tail
887,0.5,0.5,0.0,26.08125000000004,0.6931471803599453,0.33525057229361555,0.003846531127026376,tail
888,0.5,0.25,0.25,26.100000000000037,1.0397207705399178,0.3353850211228585,0.0001344488292429613,tail
889,0.0,0.5,0.5,26.15625000000004,0.6931471803599453,0.33487243443366554,0.000512586689192962,tail
890,0.25,0.25,0.5,26.212500000000038,1.0397207705399178,0.3349184690479763,4.603461431074152e-05,tail
891,0.5,0.5,0.0,26.13750000000004,0.6931471803599453,0.3363266754060334,0.001408206358057107,tail
892,0.5,0.5,0.0,26.212500000000038,0.6931471803599453,0.33638903069955545,6.235529352205393e-05,tail
893,0.25,0.5,0.25,26.287500000000037,1.0397207705399178,0.34041392344074967,0.004024892741194219,tail
894,0.25,0.25,0.5,26.306250000000038,1.0397207705399178,0.3404203931427356,6.469701985922782e-06,tail
895,0.5,0.0,0.5,26.306250000000038,0.6931471803599453,0.3404203931427356,0.0,tail
896,0.25,0.0,0.75,26.36250000000004,0.5623351444188083,0.34048547208556007,6.507894282448135e-05,tail
897,0.25,0.25,0.5,26.41875000000004,1.0397207705399178,0.3400272602969151,0.0004582117886449688,tail
898,0.5,0.5,0.0,26.41875000000004,0.6931471803599453,0.3400272602969151,0.0,tail
899,0.25,0.25,0.5,26.43750000000004,1.0397207705399178,0.3394176478969968,0.0006096123999183023,tail
900,0.25,0.25,0.5,26.45625000000004,1.0397207705399178,0.3423802850937789,0.002962637196782081,tail
901,0.0,0.5,0.5,26.47500000000004,0.6931471803599453,0.34236702388594203,1.3261207836845479e-05,tail
902,0.75,0.0,0.25,26.49375000000004,0.5623351444188083,0.34235474056891946,1.2283317022576679e-05,tail
903,0.0,0.75,0.25,26.51250000000004,0.5623351444188083,0.34234343524797145,1.1305320948007402e-05,tail
904,0.0,0.5,0.5,26.43750000000004,0.6931471803599453,0.34228366380992853,5.977143804292151e-05,tail
905,0.0,0.75,0.25,26.51250000000004,0.5623351444188083,0.3423564354535479,7.277164361935151e-05,tail
906,0.0,0.75,0.25,26.56875000000004,0.5623351444188083,0.3402939539812318,0.00206248147231608,tail
907,0.5,0.25,0.25,26.62500000000004,1.0397207705399178,0.34090637935568474,0.0006124253744529407,tail
908,0.25,0.5,0.25,26.68125000000004,1.0397207705399178,0.3410252735383958,0.00011889418271104901,tail
909,0.0,0.5,0.5,26.700000000000045,0.6931471803599453,0.3410461836891637,2.0910150767883273e-05,tail
910,0.25,0.25,0.5,26.77500000000004,1.0397207705399178,0.33730517305752966,0.003741010631634012,tail
911,0.75,0.25,0.0,26.850000000000044,0.5623351444188083,0.33768572524120877,0.0003805521836791059,tail
912,0.25,0.25,0.5,26.86875000000004,1.0397207705399178,0.337091668226107,0.0005940570151017899,tail
913,0.5,0.0,0.5,26.925000000000047,0.6931471803599453,0.33787109484132705,0.0007794266152200691,tail
914,0.0,0.5,0.5,26.925000000000047,0.6931471803599453,0.33787109484132705,0.0,tail
915,0.25,0.25,0.5,26.943750000000044,1.0397207705399178,0.3376814223115452,0.0001896725297818591,tail
916,0.25,0.25,0.5,26.887500000000045,1.0397207705399178,0.33810435414974416,0.00042293183819896996,tail
917,0.75,0.0,0.25,26.943750000000048,0.5623351444188083,0.3377756411824497,0.0003287129672944755,tail
918,0.5,0.25,0.25,26.962500000000045,1.0397207705399178,0.33782633744939145,5.069626694176321e-05,tail
919,0.0,0.75,0.25,26.906250000000046,0.5623351444188083,0.33754340981588826,0.00028292763350318273,tail
920,0.5,0.0,0.5,26.831250000000047,0.6931471803599453,0.3385636487469849,0.0010202389310966509,tail
921,0.25,0.5,0.25,26.850000000000044,1.0397207705399178,0.3385986819339037,3.503318691877588e-05,tail
922,0.25,0.0,0.75,26.86875000000005,0.5623351444188083,0.33869819885243757,9.951691853388178e-05,tail
923,0.75,0.25,0.0,26.88750000000005,0.5623351444188083,0.33879881645217397,0.00010061759973639672,tail
924,0.25,0.5,0.25,26.943750000000044,1.0397207705399178,0.3373334757426489,0.001465340709525087,tail
925,0.5,0.25,0.25,26.96250000000005,1.0397207705399178,0.33738338746316693,4.991172051804771e-05,tail
926,0.25,0.5,0.25,27.01875000000005,1.0397207705399178,0.33946087506223716,0.002077487599070227,tail
927,0.5,0.25,0.25,27.093750000000046,1.0397207705399178,0.3358445936150335,0.003616281447203662,tail
928,0.25,0.5,0.25,27.168750000000053,1.0397207705399178,0.3403158219962422,0.004471228381208725,tail
929,0.5,0.0,0.5,27.225000000000044,0.6931471803599453,0.338341085410787,0.001974736585455217,tail
930,0.5,0.0,0.5,27.300000000000047,0.6931471803599453,0.3347335369392746,0.0036075484715124007,tail
931,0.75,0.25,0.0,27.356250000000045,0.5623351444188083,0.34192293921697453,0.00718940227769993,tail
932,0.0,0.25,0.75,27.375000000000043,0.5623351444188083,0.3443541728804292,0.002431233663454657,tail
933,0.25,0.75,0.0,27.43125000000005,0.5623351444188083,0.34466102440361623,0.0003068515231870461,tail
934,0.5,0.25,0.25,27.487500000000043,1.0397207705399178,0.34268486171269164,0.001976162690924599,tail
935,0.5,0.25,0.25,27.543750000000045,1.0397207705399178,0.34708227310975975,0.004397411397068118,tail
936,0.25,0.0,0.75,27.600000000000044,0.5623351444188083,0.3473580487405611,0.0002757756308013337,tail
937,0.5,0.0,0.5,27.600000000000044,0.6931471803599453,0.3473580487405611,0.0,tail
938,0.25,0.25,0.5,27.656250000000043,1.0397207705399178,0.34763767913676596,0.0002796303962048774,tail
939,0.25,0.25,0.5,27.71250000000004,1.0397207705399178,0.3479568700761907,0.0003191909394247294,tail
940,0.25,0.25,0.5,27.76875000000004,1.0397207705399178,0.3489710922618252,0.0010142221856345168,tail
941,0.0,0.5,0.5,27.787500000000044,0.6931471803599453,0.3489029521253456,6.814013647959971e-05,tail
942,0.5,0.0,0.5,27.843750000000043,0.6931471803599453,0.34866701223442487,0.0002359398909207444,tail
943,0.25,0.5,0.25,27.86250000000004,1.0397207705399178,0.3487389032463767,7.189101195181902e-05,tail
944,0.75,0.0,0.25,27.881250000000044,0.5623351444188083,0.34848649517600644,0.00025240807037024693,tail
945,0.25,0.0,0.75,27.900000000000045,0.5623351444188083,0.3485140154504201,2.752027441366156e-05,tail
946,0.25,0.25,0.5,27.843750000000043,1.0397207705399178,0.3481673289989919,0.0003466864514282131,tail
947,0.0,0.25,0.75,27.918750000000045,0.5623351444188083,0.35021239240802593,0.0020450634090340425,tail
948,0.5,0.0,0.5,27.975000000000044,0.6931471803599453,0.3482440752371095,0.001968317170916445,tail
949,0.5,0.25,0.25,28.031250000000043,1.0397207705399178,0.3488284090765056,0.0005843338393961006,tail
950,0.5,0.25,0.25,28.106250000000045,1.0397207705399178,0.3481259981680163,0.0007024109084892705,tail
951,0.75,0.25,0.0,28.125000000000043,0.5623351444188083,0.3486432251553927,0.0005172269873763846,tail
952,0.0,0.5,0.5,28.200000000000045,0.6931471803599453,0.34937459600272164,0.0007313708473289382,tail
953,0.25,0.75,0.0,28.27500000000005,0.5623351444188083,0.3524363590689691,0.003061763066247447,tail
954,0.75,0.0,0.25,28.331250000000047,0.5623351444188083,0.35338183583261895,0.0009454767636498662,tail
955,0.25,0.25,0.5,28.406250000000046,1.0397207705399178,0.3541541493040046,0.0007723134713856217,tail
956,0.0,0.75,0.25,28.481250000000045,0.5623351444188083,0.35063355108171035,0.0035205982222942245,tail
957,0.0,0.0,1.0,28.425000000000047,-1.000000082690371e-10,0.3507286085945871,9.505751287675057e-05,tail
958,0.0,0.0,1.0,28.481250000000045,-1.000000082690371e-10,0.35115664048360345,0.0004280318890163559,tail
959,0.25,0.75,0.0,28.537500000000048,0.5623351444188083,0.3515278738835534,0.0003712333999499329,tail
960,0.5,0.25,0.25,28.556250000000045,1.0397207705399178,0.35146460569499216,6.32681885612274e-05,tail
961,0.0,0.25,0.75,28.57500000000005,0.5623351444188083,0.3515278738835534,6.32681885612274e-05,tail
962,0.25,0.0,0.75,28.63125000000005,0.5623351444188083,0.3519570516026614,0.0004291777191079982,tail
963,0.5,0.25,0.25,28.65000000000005,1.0397207705399178,0.35188774129181927,6.931031084211892e-05,tail
964,0.5,0.0,0.5,28.575000000000045,0.6931471803599453,0.35119574591703767,0.0006919953747815955,tail
965,0.0,0.0,1.0,28.59375000000005,-1.000000082690371e-10,0.3533515474770617,0.00215580156002404,tail
966,0.5,0.0,0.5,28.65000000000005,0.6931471803599453,0.3484390484513419,0.00491249902571983,tail
967,0.5,0.0,0.5,28.725000000000048,0.6931471803599453,0.34782444869115847,0.0006145997601834097,tail
968,0.0,1.0,0.0,28.74375000000005,-1.000000082690371e-10,0.351209345025711,0.003384896334552523,tail
969,0.75,0.0,0.25,28.818750000000048,0.5623351444188083,0.3476688596327203,0.0035404853929906777,tail
970,0.25,0.25,0.5,28.893750000000047,1.0397207705399178,0.35204654633492316,0.004377686702202843,tail
971,0.0,0.5,0.5,28.95000000000005,0.6931471803599453,0.3518093420564206,0.00023720427850254522,tail
972,0.25,0.5,0.25,29.006250000000048,1.0397207705399178,0.35158817692720556,0.00022116512921505072,tail
973,1.0,0.0,0.0,29.06250000000005,-1.000000082690371e-10,0.35138308123303313,0.00020509569417243023,tail
974,0.0,0.5,0.5,29.08125000000005,0.6931471803599453,0.35143470956612816,5.1628333095021794e-05,tail
975,0.0,0.5,0.5,29.025000000000052,0.6931471803599453,0.3525178885012882,0.001083178935160023,tail
976,0.25,0.0,0.75,29.081250000000047,0.5623351444188083,0.35152573124613384,0.0009921572551543356,tail
977,0.25,0.5,0.25,29.02500000000005,1.0397207705399178,0.3526413317433266,0.0011156004971927813,tail
978,0.75,0.0,0.25,29.04375000000005,0.5623351444188083,0.35269805104556085,5.67193022342205e-05,tail
979,0.0,0.0,1.0,28.96875000000005,-1.000000082690371e-10,0.35248410752937914,0.0002139435161817027,tail
980,0.5,0.25,0.25,28.987500000000047,1.0397207705399178,0.35425149355906477,0.0017673860296856247,tail
981,0.5,0.25,0.25,29.04375000000005,1.0397207705399178,0.35226051111329454,0.0019909824457702285,tail
982,0.75,0.0,0.25,28.96875000000005,0.5623351444188083,0.3525081417589807,0.0002476306456861699,tail
983,0.0,1.0,0.0,28.91250000000005,-1.000000082690371e-10,0.3520904232243377,0.0004177185346430079,tail
984,0.5,0.25,0.25,28.96875000000005,1.0397207705399178,0.3524957207100591,0.0004052974857213787,tail
985,0.25,0.5,0.25,28.96875000000005,1.0397207705399178,0.3524957207100591,0.0,tail
986,0.5,0.0,0.5,29.02500000000005,0.6931471803599453,0.35265942245644677,0.00016370174638768997,tail
987,0.5,0.25,0.25,29.081250000000054,1.0397207705399178,0.35221438670585353,0.00044503575059323675,tail
988,0.5,0.25,0.25,29.137500000000053,1.0397207705399178,0.350194489646185,0.0020198970596685406,tail
989,0.25,0.25,0.5,29.081250000000054,1.0397207705399178,0.35068693707738735,0.0004924474312023586,tail
990,0.0,0.0,1.0,29.137500000000053,-1.000000082690371e-10,0.3508896559131395,0.0002027188357521248,tail
991,0.25,0.25,0.5,29.19375000000005,1.0397207705399178,0.3511316832241695,0.00024202731103001307,tail
992,0.25,0.75,0.0,29.250000000000053,0.5623351444188083,0.3491381231141694,0.00199356011000007,tail
993,0.5,0.0,0.5,29.30625000000005,0.6931471803599453,0.35123966305317555,0.0021015399390061362,tail
994,0.25,0.0,0.75,29.36250000000005,0.5623351444188083,0.35183395203160767,0.0005942889784321115,tail
995,0.0,0.5,0.5,29.418750000000053,0.6931471803599453,0.3521097782676259,0.0002758262360182395,tail
996,0.25,0.25,0.5,29.43750000000005,1.0397207705399178,0.35152008113595773,0.0005896971316681765,tail
997,0.25,0.5,0.25,29.512500000000053,1.0397207705399178,0.3521481211111901,0.000628039975232364,tail
998,0.75,0.0,0.25,29.587500000000052,0.5623351444188083,0.3553991993293076,0.003251078218117487,tail
999,0.25,0.0,0.75,29.60625000000005,0.5623351444188083,0.35534704723608973,5.215209321784986e-05,tail
1000,0.75,0.0,0.25,29.625000000000053,0.5623351444188083,0.35516842614118144,0.00017862109490829337,tail
