{
  "total_seeds": 6,
  "l1": 0,
  "l2": 0,
  "l3": 6,
  "healthy": 5,
  "marginal": 1,
  "fairness_fail_count": 0,
  "neutrality_fail_count": 0,
  "trigger_guard_fail_count": 0,
  "mean_s3": 0.8862856677663103,
  "median_s3": 0.9213752009212388,
  "p10_s3": 0.5565942395149065,
  "mean_gamma": 2.0827254873092054e-07,
  "mean_event_neutrality_max_abs_mean": 5.666703783309631e-18,
  "mean_event_trigger_guard_block_rate": 0.0,
  "new_l1": null,
  "rescued": null,
  "broke": null,
  "gate": {
    "max_l1": 3,
    "min_healthy": 42,
    "healthy_threshold": 0.8,
    "l1_pass": true,
    "healthy_pass": false,
    "fairness_pass": true,
    "new_l1_pass": false,
    "invariant_neutrality_pass": true,
    "invariant_trigger_guard_pass": true,
    "invariant_overall_pass": true,
    "overall_pass": false
  },
  "stage": "smoke",
  "flow_lock": "smoke_then_gate60",
  "seeds": [
    42,
    44,
    45,
    67,
    73,
    90
  ],
  "outcomes": [
    {
      "seed": 42,
      "level": 3,
      "s3": 0.9757830044851723,
      "turn": 239.70998463469604,
      "gamma": -3.987545032075325e-07,
      "elapsed_sec": 20.626349687576294,
      "dispatch_fairness_pass": true,
      "event_sync_index_mean": 0.006390553697510217,
      "reward_perturb_corr": 0.0007879849382861206,
      "trap_entry_round": 1799,
      "event_neutrality_max_abs_mean": 5.800481622797449e-18,
      "event_neutrality_pass": true,
      "event_trigger_guard_check_count": 12000,
      "event_trigger_guard_block_count": 0,
      "event_trigger_guard_block_rate": 0.0,
      "event_trigger_guard_pass": true
    },
    {
      "seed": 44,
      "level": 3,
      "s3": 0.9793790678379247,
      "turn": 268.7081836136767,
      "gamma": 1.5042062081437794e-08,
      "elapsed_sec": 20.49954104423523,
      "dispatch_fairness_pass": true,
      "event_sync_index_mean": 0.00636944444444443,
      "reward_perturb_corr": 0.0005773776677303274,
      "trap_entry_round": 1199,
      "event_neutrality_max_abs_mean": 6.319349805344083e-18,
      "event_neutrality_pass": true,
      "event_trigger_guard_check_count": 12000,
      "event_trigger_guard_block_count": 0,
      "event_trigger_guard_block_rate": 0.0,
      "event_trigger_guard_pass": true
    },
    {
      "seed": 45,
      "level": 3,
      "s3": 0.9180774991176474,
      "turn": 189.1598367668317,
      "gamma": 2.4775067150343867e-07,
      "elapsed_sec": 21.719730615615845,
      "dispatch_fairness_pass": true,
      "event_sync_index_mean": 0.006423978075065063,
      "reward_perturb_corr": 0.00018586198522909346,
      "trap_entry_round": 3199,
      "event_neutrality_max_abs_mean": 5.080261608217792e-18,
      "event_neutrality_pass": true,
      "event_trigger_guard_check_count": 12000,
      "event_trigger_guard_block_count": 0,
      "event_trigger_guard_block_rate": 0.0,
      "event_trigger_guard_pass": true
    },
    {
      "seed": 67,
      "level": 3,
      "s3": 0.9665049947209733,
      "turn": 361.18162018601123,
      "gamma": 1.9549170281069925e-07,
      "elapsed_sec": 20.650750398635864,
      "dispatch_fairness_pass": true,
      "event_sync_index_mean": 0.0063957840951319135,
      "reward_perturb_corr": 0.0002739172408711585,
      "trap_entry_round": 1799,
      "event_neutrality_max_abs_mean": 6.3050526338387796e-18,
      "event_neutrality_pass": true,
      "event_trigger_guard_check_count": 12000,
      "event_trigger_guard_block_count": 0,
      "event_trigger_guard_block_rate": 0.0,
      "event_trigger_guard_pass": true
    },
    {
      "seed": 73,
      "level": 3,
      "s3": 0.9213752009212388,
      "turn": 180.83883084515466,
      "gamma": -4.869911981813368e-07,
      "elapsed_sec": 20.914388418197632,
      "dispatch_fairness_pass": true,
      "event_sync_index_mean": 0.006400871423262762,
      "reward_perturb_corr": -0.0003222120690962773,
      "trap_entry_round": 3199,
      "event_neutrality_max_abs_mean": 5.001786022399794e-18,
      "event_neutrality_pass": true,
      "event_trigger_guard_check_count": 12000,
      "event_trigger_guard_block_count": 0,
      "event_trigger_guard_block_rate": 0.0,
      "event_trigger_guard_pass": true
    },
    {
      "seed": 90,
      "level": 3,
      "s3": 0.5565942395149065,
      "turn": 0.0009820448982524647,
      "gamma": 1.6770965573788168e-06,
      "elapsed_sec": 21.0233314037323,
      "dispatch_fairness_pass": true,
      "event_sync_index_mean": 0.006424845782237117,
      "reward_perturb_corr": -0.0002887540027444953,
      "trap_entry_round": 1199,
      "event_neutrality_max_abs_mean": 5.493291007259889e-18,
      "event_neutrality_pass": true,
      "event_trigger_guard_check_count": 12000,
      "event_trigger_guard_block_count": 0,
      "event_trigger_guard_block_rate": 0.0,
      "event_trigger_guard_pass": true
    }
  ]
}